date,station,aod_047,pm25
2018-10-01,Anand Vihar,0.469,68.19117647058823
2018-10-01,Ashok Vihar,0.4345,60.520833333333336
2018-10-01,Bawana,0.371,76.5625
2018-10-01,Burari Crossing,0.4405,73.2
2018-10-01,CRRI Mathura Road,0.435,72.01761904761905
2018-10-01,DTU,0.385,62.96875
2018-10-01,Dr. Karni Singh Shooting Range,0.5,63.239583333333336
2018-10-01,Dwarka-Sector 8,0.4745,67.57291666666667
2018-10-01,IHBAS,0.4725,43.22
2018-10-01,ITO,0.415,65.91304347826087
2018-10-01,Jahangirpuri,0.433,92.29166666666667
2018-10-01,Jawaharlal Nehru Stadium,0.441,43.15625
2018-10-01,Lodhi Road,0.388,60.03333333333333
2018-10-01,Major Dhyan Chand National Stadium,0.411,62.385416666666664
2018-10-01,Mandir Marg,0.405,48.0
2018-10-01,Mundka,0.4445,77.6875
2018-10-01,NSIT Dwarka,0.4745,108.48875
2018-10-01,Najafgarh,0.4185,47.697916666666664
2018-10-01,Narela,0.391,72.12458333333333
2018-10-01,Nehru Nagar,0.42,71.92708333333333
2018-10-01,North Campus,0.4125,60.695
2018-10-01,Okhla Phase-2,0.457,66.79166666666667
2018-10-01,Patparganj,0.44,58.572916666666664
2018-10-01,Punjabi Bagh,0.3875,59.760416666666664
2018-10-01,Pusa,0.3835,44.91916666666666
2018-10-01,R K Puram,0.445,87.65625
2018-10-01,Rohini,0.452,78.1875
2018-10-01,Shadipur,0.3695,70.72458333333334
2018-10-01,Sirifort,0.474,58.072916666666664
2018-10-01,Sonia Vihar,0.4465,57.0
2018-10-01,Sri Aurobindo Marg,0.493,52.291666666666664
2018-10-01,Vivek Vihar,0.4405,77.0625
2018-10-01,Wazirpur,0.442,75.66666666666667
2018-10-02,Anand Vihar,0.516,60.4
2018-10-02,Ashok Vihar,0.4195,72.5
2018-10-02,Bawana,0.425,92.03125
2018-10-02,Burari Crossing,0.4805,95.38458333333334
2018-10-02,DTU,0.43,80.90217391304348
2018-10-02,Dr. Karni Singh Shooting Range,0.399,65.92708333333333
2018-10-02,Dwarka-Sector 8,0.379,69.58333333333333
2018-10-02,IHBAS,0.476,52.85
2018-10-02,ITO,0.401,82.52083333333333
2018-10-02,Jahangirpuri,0.435,106.125
2018-10-02,Jawaharlal Nehru Stadium,0.397,66.65625
2018-10-02,Lodhi Road,0.358,70.685
2018-10-02,Major Dhyan Chand National Stadium,0.369,72.63541666666667
2018-10-02,Mandir Marg,0.3965,41.69444444444444
2018-10-02,Mundka,0.4085,82.80208333333333
2018-10-02,NSIT Dwarka,0.379,105.94
2018-10-02,Najafgarh,0.3615,43.964285714285715
2018-10-02,Narela,0.4145,91.50999999999999
2018-10-02,Nehru Nagar,0.4055,70.25
2018-10-02,North Campus,0.401,70.53791666666667
2018-10-02,Okhla Phase-2,0.3985,73.5
2018-10-02,Patparganj,0.474,71.5
2018-10-02,Punjabi Bagh,0.3805,69.33333333333333
2018-10-02,Pusa,0.3955,48.83270833333333
2018-10-02,R K Puram,0.371,86.21875
2018-10-02,Rohini,0.453,101.41666666666667
2018-10-02,Shadipur,0.412,97.82125
2018-10-02,Sirifort,0.388,62.6875
2018-10-02,Sonia Vihar,0.4695,77.08333333333333
2018-10-02,Sri Aurobindo Marg,0.36,56.28125
2018-10-02,Vivek Vihar,0.4875,73.79166666666667
2018-10-02,Wazirpur,0.403,90.60416666666667
2018-10-03,Anand Vihar,0.4775,67.16071428571429
2018-10-03,Ashok Vihar,0.46,66.1875
2018-10-03,Aya Nagar,0.5705,67.38857142857144
2018-10-03,Bawana,0.419,79.75
2018-10-03,Burari Crossing,0.5495,90.55458333333333
2018-10-03,CRRI Mathura Road,0.499,114.75999999999999
2018-10-03,DTU,0.4415,63.0
2018-10-03,Dr. Karni Singh Shooting Range,0.529,45.0625
2018-10-03,Dwarka-Sector 8,0.517,50.458333333333336
2018-10-03,IGI Airport (T3),0.609,48.304545454545455
2018-10-03,IHBAS,0.5195,53.840833333333336
2018-10-03,ITO,0.448,56.08695652173913
2018-10-03,Jahangirpuri,0.515,91.125
2018-10-03,Jawaharlal Nehru Stadium,0.4025,41.697916666666664
2018-10-03,Lodhi Road,0.433,55.10190476190477
2018-10-03,Major Dhyan Chand National Stadium,0.4575,56.34375
2018-10-03,Mandir Marg,0.476,40.739583333333336
2018-10-03,Mundka,0.501,71.96875
2018-10-03,NSIT Dwarka,0.517,109.74708333333332
2018-10-03,Najafgarh,0.433,35.270833333333336
2018-10-03,Narela,0.5005,79.70791666666666
2018-10-03,Nehru Nagar,0.3745,55.427083333333336
2018-10-03,North Campus,0.4595,58.690416666666664
2018-10-03,Okhla Phase-2,0.4125,55.708333333333336
2018-10-03,Patparganj,0.4295,48.760416666666664
2018-10-03,Punjabi Bagh,0.48,59.020833333333336
2018-10-03,Pusa,0.4405,37.321777777777775
2018-10-03,R K Puram,0.4885,64.48958333333333
2018-10-03,Rohini,0.482,91.25
2018-10-03,Shadipur,0.4445,70.40458333333333
2018-10-03,Sirifort,0.4325,43.5625
2018-10-03,Sonia Vihar,0.5415,74.04166666666667
2018-10-03,Sri Aurobindo Marg,0.4445,40.5
2018-10-03,Vivek Vihar,0.497,81.53125
2018-10-03,Wazirpur,0.449,92.3125
2018-10-04,Anand Vihar,0.912,132.77083333333334
2018-10-04,Bawana,0.971,103.625
2018-10-04,Burari Crossing,1.594,105.25583333333333
2018-10-04,DTU,1.502,85.30208333333333
2018-10-04,Patparganj,0.85,95.875
2018-10-04,Sri Aurobindo Marg,0.727,70.91666666666667
2018-10-05,Anand Vihar,0.6785,142.72916666666666
2018-10-05,Ashok Vihar,0.7915,118.01041666666667
2018-10-05,Aya Nagar,0.772,105.83625
2018-10-05,Bawana,0.63,129.23958333333334
2018-10-05,CRRI Mathura Road,0.912,139.99166666666665
2018-10-05,DTU,0.669,116.89583333333333
2018-10-05,Dwarka-Sector 8,0.862,130.47916666666666
2018-10-05,IHBAS,0.7035,107.52375
2018-10-05,Jahangirpuri,0.713,154.5
2018-10-05,Jawaharlal Nehru Stadium,0.914,68.97916666666667
2018-10-05,Lodhi Road,0.861,99.20166666666667
2018-10-05,Major Dhyan Chand National Stadium,0.849,93.76041666666667
2018-10-05,Mandir Marg,0.911,99.10416666666667
2018-10-05,Mundka,0.7895,218.45833333333334
2018-10-05,NSIT Dwarka,0.862,139.46625
2018-10-05,Najafgarh,0.7975,109.33333333333333
2018-10-05,Narela,0.9225,153.5
2018-10-05,Nehru Nagar,0.904,128.39583333333334
2018-10-05,North Campus,0.689,112.57681818181818
2018-10-05,Okhla Phase-2,0.894,137.14583333333334
2018-10-05,Patparganj,0.666,107.1304347826087
2018-10-05,Punjabi Bagh,0.7505,112.67708333333333
2018-10-05,Pusa,0.8495,79.61749999999999
2018-10-05,Rohini,0.719,147.28125
2018-10-05,Shadipur,0.769,118.805
2018-10-05,Sonia Vihar,0.6975,122.44791666666667
2018-10-05,Vivek Vihar,0.6805,137.3695652173913
2018-10-05,Wazirpur,0.814,131.20833333333334
2018-10-06,Anand Vihar,0.4715,87.26041666666667
2018-10-06,Ashok Vihar,0.4985,74.28125
2018-10-06,Aya Nagar,0.533,98.63652173913043
2018-10-06,Bawana,0.421,93.59375
2018-10-06,Burari Crossing,0.456,79.67666666666666
2018-10-06,CRRI Mathura Road,0.495,99.59083333333332
2018-10-06,DTU,0.391,88.15625
2018-10-06,Dr. Karni Singh Shooting Range,0.5195,79.85416666666667
2018-10-06,Dwarka-Sector 8,0.509,81.02083333333333
2018-10-06,IGI Airport (T3),0.5265,67.07000000000001
2018-10-06,IHBAS,0.5255,43.53739130434783
2018-10-06,ITO,0.4675,87.30681818181819
2018-10-06,Jahangirpuri,0.435,109.35416666666667
2018-10-06,Jawaharlal Nehru Stadium,0.4725,43.541666666666664
2018-10-06,Lodhi Road,0.437,76.61999999999999
2018-10-06,Major Dhyan Chand National Stadium,0.427,70.36458333333333
2018-10-06,Mandir Marg,0.4695,75.83333333333333
2018-10-06,Mundka,0.4685,99.14583333333333
2018-10-06,NSIT Dwarka,0.509,102.145
2018-10-06,Najafgarh,0.4625,65.60416666666667
2018-10-06,Narela,0.356,93.03125
2018-10-06,Nehru Nagar,0.4895,84.71875
2018-10-06,North Campus,0.4815,74.58583333333333
2018-10-06,Okhla Phase-2,0.51,84.39583333333333
2018-10-06,Patparganj,0.4525,76.05208333333333
2018-10-06,Punjabi Bagh,0.485,68.88541666666667
2018-10-06,Pusa,0.517,51.999583333333334
2018-10-06,R K Puram,0.476,101.16666666666667
2018-10-06,Rohini,0.4595,97.91666666666667
2018-10-06,Shadipur,0.475,29.552916666666665
2018-10-06,Sirifort,0.5135,70.03125
2018-10-06,Sonia Vihar,0.4835,74.08333333333333
2018-10-06,Sri Aurobindo Marg,0.515,63.239583333333336
2018-10-06,Vivek Vihar,0.441,77.02083333333333
2018-10-06,Wazirpur,0.4325,106.70833333333333
2018-10-07,Anand Vihar,0.6715,92.40625
2018-10-07,Ashok Vihar,0.6105,64.52083333333333
2018-10-07,Aya Nagar,0.572,55.8195652173913
2018-10-07,Bawana,0.6035,107.4375
2018-10-07,Burari Crossing,0.676,96.92583333333333
2018-10-07,CRRI Mathura Road,0.5985,102.56291666666668
2018-10-07,DTU,0.623,83.92708333333333
2018-10-07,Dr. Karni Singh Shooting Range,0.584,78.65625
2018-10-07,Dwarka-Sector 8,0.636,80.55208333333333
2018-10-07,IGI Airport (T3),0.667,66.45958333333333
2018-10-07,IHBAS,0.6675,58.984583333333326
2018-10-07,ITO,0.5695,82.79166666666667
2018-10-07,Jahangirpuri,0.6485,118.38541666666667
2018-10-07,Jawaharlal Nehru Stadium,0.5685,46.90625
2018-10-07,Lodhi Road,0.544,71.21541666666667
2018-10-07,Major Dhyan Chand National Stadium,0.58,83.39583333333333
2018-10-07,Mandir Marg,0.6,70.4375
2018-10-07,Mundka,0.577,95.70833333333333
2018-10-07,NSIT Dwarka,0.636,104.51791666666666
2018-10-07,Najafgarh,0.593,56.114583333333336
2018-10-07,Narela,0.6205,101.94083333333333
2018-10-07,Nehru Nagar,0.5705,90.96875
2018-10-07,North Campus,0.609,81.21041666666666
2018-10-07,Okhla Phase-2,0.587,81.5
2018-10-07,Patparganj,0.669,73.45833333333333
2018-10-07,Punjabi Bagh,0.591,71.48958333333333
2018-10-07,Pusa,0.5625,55.452765957446815
2018-10-07,R K Puram,0.614,99.09375
2018-10-07,Rohini,0.665,105.85416666666667
2018-10-07,Shadipur,0.566,83.0675
2018-10-07,Sirifort,0.5835,65.6875
2018-10-07,Sonia Vihar,0.7,92.75
2018-10-07,Sri Aurobindo Marg,0.5995,62.041666666666664
2018-10-07,Vivek Vihar,0.6705,90.0625
2018-10-07,Wazirpur,0.5955,91.27083333333333
2018-10-08,Anand Vihar,0.802,152.70833333333334
2018-10-08,Ashok Vihar,0.748,73.52083333333333
2018-10-08,Aya Nagar,0.8045,101.15458333333333
2018-10-08,Bawana,0.7515,133.15625
2018-10-08,Burari Crossing,0.829,136.97208333333333
2018-10-08,CRRI Mathura Road,0.803,168.69647058823531
2018-10-08,DTU,0.763,119.72916666666667
2018-10-08,Dr. Karni Singh Shooting Range,0.766,118.83333333333333
2018-10-08,Dwarka-Sector 8,0.7895,127.0
2018-10-08,IGI Airport (T3),0.8185,91.20375
2018-10-08,IHBAS,0.754,93.19625
2018-10-08,ITO,0.715,122.28125
2018-10-08,Jahangirpuri,0.748,142.125
2018-10-08,Jawaharlal Nehru Stadium,0.7705,62.645833333333336
2018-10-08,Lodhi Road,0.7095,106.32375
2018-10-08,Major Dhyan Chand National Stadium,0.739,104.88541666666667
2018-10-08,Mandir Marg,0.693,104.88541666666667
2018-10-08,Mundka,0.694,125.39583333333333
2018-10-08,NSIT Dwarka,0.7895,128.74875
2018-10-08,Najafgarh,0.7525,93.57291666666667
2018-10-08,Narela,0.7075,148.07291666666666
2018-10-08,Nehru Nagar,0.7825,135.54166666666666
2018-10-08,North Campus,0.732,133.84375
2018-10-08,Okhla Phase-2,0.8885,133.29166666666666
2018-10-08,Patparganj,0.722,135.52083333333334
2018-10-08,Punjabi Bagh,0.7175,110.70833333333333
2018-10-08,Pusa,0.735,75.9975
2018-10-08,R K Puram,0.763,144.20833333333334
2018-10-08,Rohini,0.8255,149.14583333333334
2018-10-08,Shadipur,0.7085,87.01541666666667
2018-10-08,Sirifort,0.813,98.11458333333333
2018-10-08,Sonia Vihar,0.8235,135.4375
2018-10-08,Sri Aurobindo Marg,0.802,101.07291666666667
2018-10-08,Vivek Vihar,0.7535,165.60416666666666
2018-10-08,Wazirpur,0.718,150.19791666666666
2018-10-09,Anand Vihar,0.729,104.52083333333333
2018-10-09,Ashok Vihar,0.7465,57.958333333333336
2018-10-09,Aya Nagar,0.7815,93.8825
2018-10-09,Bawana,0.8795,125.88541666666667
2018-10-09,Burari Crossing,0.7955,126.945
2018-10-09,DTU,0.852,99.77083333333333
2018-10-09,Dr. Karni Singh Shooting Range,0.7955,109.14583333333333
2018-10-09,Dwarka-Sector 8,0.815,107.5625
2018-10-09,IGI Airport (T3),0.85,87.65166666666666
2018-10-09,IHBAS,0.7605,62.86291666666667
2018-10-09,ITO,0.7315,110.65625
2018-10-09,Jahangirpuri,0.7785,119.21875
2018-10-09,Jawaharlal Nehru Stadium,0.73,69.14583333333333
2018-10-09,Lodhi Road,0.7505,96.92125
2018-10-09,Major Dhyan Chand National Stadium,0.739,93.71875
2018-10-09,Mandir Marg,0.745,91.64583333333333
2018-10-09,Mundka,0.702,123.02083333333333
2018-10-09,NSIT Dwarka,0.815,126.3975
2018-10-09,Najafgarh,0.7115,98.89583333333333
2018-10-09,Narela,0.837,132.78125
2018-10-09,Nehru Nagar,0.739,121.21875
2018-10-09,North Campus,0.7665,100.50999999999999
2018-10-09,Okhla Phase-2,0.729,119.125
2018-10-09,Patparganj,0.7405,95.55208333333333
2018-10-09,Punjabi Bagh,0.773,93.875
2018-10-09,Pusa,0.749,72.12395833333333
2018-10-09,R K Puram,0.7525,130.5625
2018-10-09,Rohini,0.8325,116.35416666666667
2018-10-09,Shadipur,0.7575,97.92875
2018-10-09,Sirifort,0.769,94.73958333333333
2018-10-09,Sonia Vihar,0.7915,112.52083333333333
2018-10-09,Sri Aurobindo Marg,0.7635,100.23958333333333
2018-10-09,Vivek Vihar,0.746,118.27083333333333
2018-10-09,Wazirpur,0.7535,130.38541666666666
2018-10-10,Anand Vihar,1.223,99.9375
2018-10-10,Ashok Vihar,1.24,63.3125
2018-10-10,Aya Nagar,1.2895,75.88291666666667
2018-10-10,Bawana,1.303,130.02083333333334
2018-10-10,Burari Crossing,1.2875,110.63583333333332
2018-10-10,DTU,1.3045,99.3125
2018-10-10,Dr. Karni Singh Shooting Range,1.232,89.26041666666667
2018-10-10,Dwarka-Sector 8,1.2365,91.4375
2018-10-10,IGI Airport (T3),1.32,78.66833333333334
2018-10-10,IHBAS,1.216,62.17958333333333
2018-10-10,ITO,1.2335,88.20833333333333
2018-10-10,Jahangirpuri,1.2635,115.61458333333333
2018-10-10,Jawaharlal Nehru Stadium,1.1905,82.71428571428571
2018-10-10,Lodhi Road,1.181,81.15333333333334
2018-10-10,Major Dhyan Chand National Stadium,1.2035,96.22916666666667
2018-10-10,Mandir Marg,1.2565,89.97916666666667
2018-10-10,Mundka,1.231,99.61458333333333
2018-10-10,NSIT Dwarka,1.2365,113.26083333333334
2018-10-10,Najafgarh,1.19,83.5
2018-10-10,Narela,1.2605,125.40499999999999
2018-10-10,Nehru Nagar,1.1965,89.98958333333333
2018-10-10,North Campus,1.251,101.68624999999999
2018-10-10,Okhla Phase-2,1.172,94.625
2018-10-10,Patparganj,1.212,89.72916666666667
2018-10-10,Punjabi Bagh,1.255,83.63541666666667
2018-10-10,Pusa,1.264,63.41
2018-10-10,R K Puram,1.2155,96.28125
2018-10-10,Rohini,1.289,126.33333333333333
2018-10-10,Shadipur,1.256,99.66250000000001
2018-10-10,Sirifort,1.218,79.38636363636364
2018-10-10,Sonia Vihar,1.2635,98.64583333333333
2018-10-10,Sri Aurobindo Marg,1.216,86.94791666666667
2018-10-10,Vivek Vihar,1.208,104.125
2018-10-10,Wazirpur,1.229,118.35416666666667
2018-10-11,Aya Nagar,1.007,67.00521739130436
2018-10-11,Bawana,1.242,104.25
2018-10-11,Dr. Karni Singh Shooting Range,0.908,63.739583333333336
2018-10-11,Dwarka-Sector 8,0.872,71.89583333333333
2018-10-11,IGI Airport (T3),0.897,56.32
2018-10-11,ITO,1.372,97.27083333333333
2018-10-11,Jawaharlal Nehru Stadium,1.254,61.28125
2018-10-11,Lodhi Road,1.282,58.44916666666666
2018-10-11,Major Dhyan Chand National Stadium,1.296,78.23958333333333
2018-10-11,Mandir Marg,1.377,65.11458333333333
2018-10-11,Mundka,0.964,77.8125
2018-10-11,NSIT Dwarka,0.872,92.22416666666668
2018-10-11,Najafgarh,1.051,83.51086956521739
2018-10-11,Narela,1.4665,57.68333333333333
2018-10-11,Nehru Nagar,1.193,65.53125
2018-10-11,R K Puram,1.141,73.35416666666667
2018-10-11,Sirifort,1.202,59.885416666666664
2018-10-12,Anand Vihar,0.6065,74.48958333333333
2018-10-12,Ashok Vihar,0.707,49.333333333333336
2018-10-12,Aya Nagar,0.663,50.8125
2018-10-12,Bawana,0.565,90.83333333333333
2018-10-12,Burari Crossing,0.6705,69.56125
2018-10-12,DTU,0.664,64.39583333333333
2018-10-12,Dr. Karni Singh Shooting Range,0.634,59.40625
2018-10-12,Dwarka-Sector 8,0.64,60.927083333333336
2018-10-12,IHBAS,0.602,53.27916666666667
2018-10-12,ITO,0.616,76.42708333333333
2018-10-12,Jahangirpuri,0.6575,94.16666666666667
2018-10-12,Jawaharlal Nehru Stadium,0.546,66.39583333333333
2018-10-12,Lodhi Road,0.537,64.10708333333334
2018-10-12,Major Dhyan Chand National Stadium,0.54,78.17708333333333
2018-10-12,Mandir Marg,0.674,63.739583333333336
2018-10-12,NSIT Dwarka,0.64,90.28041666666667
2018-10-12,Najafgarh,0.607,57.125
2018-10-12,Narela,0.5425,82.14583333333333
2018-10-12,Nehru Nagar,0.567,73.34375
2018-10-12,North Campus,0.619,62.95250000000001
2018-10-12,Okhla Phase-2,0.56,61.520833333333336
2018-10-12,Patparganj,0.607,66.61458333333333
2018-10-12,Punjabi Bagh,0.629,60.302083333333336
2018-10-12,Pusa,0.597,47.68875
2018-10-12,R K Puram,0.586,85.73958333333333
2018-10-12,Shadipur,0.62,73.95666666666666
2018-10-12,Sirifort,0.603,52.114583333333336
2018-10-12,Sonia Vihar,0.595,62.875
2018-10-12,Sri Aurobindo Marg,0.611,56.1875
2018-10-12,Vivek Vihar,0.594,101.08333333333333
2018-10-12,Wazirpur,0.592,85.3125
2018-10-13,Anand Vihar,0.7915,169.92045454545453
2018-10-13,Ashok Vihar,0.616,171.72916666666666
2018-10-13,Aya Nagar,0.763,85.80375
2018-10-13,Bawana,0.6515,117.5
2018-10-13,Burari Crossing,0.8285,152.1408695652174
2018-10-13,DTU,0.6535,146.71875
2018-10-13,Dr. Karni Singh Shooting Range,0.7605,101.77083333333333
2018-10-13,Dwarka-Sector 8,0.7085,123.27083333333333
2018-10-13,IGI Airport (T3),0.725,90.32291666666667
2018-10-13,IHBAS,0.7415,94.34478260869564
2018-10-13,ITO,0.819,148.32291666666666
2018-10-13,Jahangirpuri,0.797,202.125
2018-10-13,Jawaharlal Nehru Stadium,0.734,62.114583333333336
2018-10-13,Lodhi Road,0.694,94.18666666666667
2018-10-13,Major Dhyan Chand National Stadium,0.851,106.58333333333333
2018-10-13,Mandir Marg,0.756,139.6875
2018-10-13,Mundka,0.621,153.0
2018-10-13,NSIT Dwarka,0.7085,143.58208333333332
2018-10-13,Najafgarh,0.7025,87.40625
2018-10-13,Narela,0.5955,177.6875
2018-10-13,Nehru Nagar,0.92,153.4375
2018-10-13,North Campus,0.691,127.98708333333333
2018-10-13,Okhla Phase-2,0.755,130.54166666666666
2018-10-13,Patparganj,0.696,147.98958333333334
2018-10-13,Punjabi Bagh,0.6655,132.94791666666666
2018-10-13,Pusa,0.733,59.280833333333334
2018-10-13,R K Puram,0.6925,126.70833333333333
2018-10-13,Shadipur,0.6905,181.3259090909091
2018-10-13,Sirifort,0.841,99.35416666666667
2018-10-13,Sonia Vihar,0.9125,164.54166666666666
2018-10-13,Sri Aurobindo Marg,0.7355,97.78125
2018-10-13,Vivek Vihar,0.717,148.5909090909091
2018-10-13,Wazirpur,0.7285,186.58333333333334
2018-10-14,Anand Vihar,0.553,99.625
2018-10-14,Ashok Vihar,0.5795,100.04166666666667
2018-10-14,Aya Nagar,0.5565,66.385
2018-10-14,Bawana,0.4695,96.58333333333333
2018-10-14,Burari Crossing,0.662,111.16363636363636
2018-10-14,DTU,0.537,97.52083333333333
2018-10-14,Dr. Karni Singh Shooting Range,0.551,81.63541666666667
2018-10-14,Dwarka-Sector 8,0.5845,91.5
2018-10-14,IHBAS,0.6025,49.52458333333333
2018-10-14,ITO,0.527,93.9375
2018-10-14,Jahangirpuri,0.5885,167.625
2018-10-14,Jawaharlal Nehru Stadium,0.4575,46.739583333333336
2018-10-14,Lodhi Road,0.45,74.57000000000001
2018-10-14,Major Dhyan Chand National Stadium,0.4645,89.66666666666667
2018-10-14,Mandir Marg,0.543,85.55208333333333
2018-10-14,Mundka,0.571,134.54166666666666
2018-10-14,NSIT Dwarka,0.5845,114.73583333333333
2018-10-14,Najafgarh,0.5775,75.64583333333333
2018-10-14,Narela,0.498,119.42083333333333
2018-10-14,Nehru Nagar,0.455,100.14583333333333
2018-10-14,North Campus,0.5745,88.72583333333334
2018-10-14,Okhla Phase-2,0.4385,88.75
2018-10-14,Patparganj,0.5645,96.13541666666667
2018-10-14,Punjabi Bagh,0.584,85.69791666666667
2018-10-14,Pusa,0.5015,47.38999999999999
2018-10-14,R K Puram,0.528,103.01041666666667
2018-10-14,Shadipur,0.5435,99.28666666666668
2018-10-14,Sirifort,0.484,75.83333333333333
2018-10-14,Sonia Vihar,0.599,92.79166666666667
2018-10-14,Sri Aurobindo Marg,0.49,71.52083333333333
2018-10-14,Vivek Vihar,0.61,115.32142857142857
2018-10-14,Wazirpur,0.558,127.70833333333333
2018-10-15,Anand Vihar,0.6505,138.53125
2018-10-15,Ashok Vihar,0.62,118.42708333333333
2018-10-15,Aya Nagar,0.6825,83.115
2018-10-15,Bawana,0.661,128.45833333333334
2018-10-15,Burari Crossing,0.7275,99.24692307692308
2018-10-15,CRRI Mathura Road,0.64,10.0
2018-10-15,DTU,0.682,129.25
2018-10-15,Dr. Karni Singh Shooting Range,0.644,97.54166666666667
2018-10-15,Dwarka-Sector 8,0.656,118.29166666666667
2018-10-15,IGI Airport (T3),0.6625,95.30458333333333
2018-10-15,IHBAS,0.6875,74.60833333333333
2018-10-15,ITO,0.62,118.28125
2018-10-15,Jahangirpuri,0.69,165.79166666666666
2018-10-15,Jawaharlal Nehru Stadium,0.571,59.71875
2018-10-15,Lodhi Road,0.596,97.36125
2018-10-15,Major Dhyan Chand National Stadium,0.5755,117.21875
2018-10-15,Mandir Marg,0.635,112.30208333333333
2018-10-15,Mundka,0.632,131.77083333333334
2018-10-15,NSIT Dwarka,0.656,153.49625
2018-10-15,Najafgarh,0.6355,90.52083333333333
2018-10-15,Narela,0.668,171.625
2018-10-15,Nehru Nagar,0.5555,139.52083333333334
2018-10-15,North Campus,0.6385,111.80958333333332
2018-10-15,Okhla Phase-2,0.61,113.9375
2018-10-15,Patparganj,0.615,124.22916666666667
2018-10-15,Punjabi Bagh,0.6595,103.71875
2018-10-15,Pusa,0.634,68.51675675675675
2018-10-15,R K Puram,0.564,135.33333333333334
2018-10-15,Rohini,0.675,112.6923076923077
2018-10-15,Shadipur,0.6395,133.27083333333334
2018-10-15,Sirifort,0.6,92.88541666666667
2018-10-15,Sonia Vihar,0.7155,145.33333333333334
2018-10-15,Sri Aurobindo Marg,0.614,85.69791666666667
2018-10-15,Vivek Vihar,0.66,134.22916666666666
2018-10-15,Wazirpur,0.628,161.75
2018-10-16,Aya Nagar,0.974,90.50375000000001
2018-10-16,Dr. Karni Singh Shooting Range,0.959,108.16666666666667
2018-10-16,Jawaharlal Nehru Stadium,1.103,77.1086956521739
2018-10-16,Lodhi Road,1.087,112.19041666666668
2018-10-16,Nehru Nagar,0.965,150.07291666666666
2018-10-16,Okhla Phase-2,0.955,152.41666666666666
2018-10-16,R K Puram,0.929,139.30208333333334
2018-10-16,Sirifort,0.96,105.20833333333333
2018-10-16,Sri Aurobindo Marg,0.943,100.94791666666667
2018-10-17,Anand Vihar,0.633,167.67708333333334
2018-10-17,Ashok Vihar,0.5275,58.96875
2018-10-17,Aya Nagar,0.6075,114.48666666666666
2018-10-17,Bawana,0.447,190.20833333333334
2018-10-17,Burari Crossing,0.444,120.10833333333333
2018-10-17,CRRI Mathura Road,0.7075,191.31583333333333
2018-10-17,DTU,0.534,133.73958333333334
2018-10-17,Dr. Karni Singh Shooting Range,0.5875,110.69791666666667
2018-10-17,Dwarka-Sector 8,0.523,132.86458333333334
2018-10-17,IGI Airport (T3),0.439,89.52791666666667
2018-10-17,IHBAS,0.6455,57.29642857142857
2018-10-17,ITO,0.5975,137.92708333333334
2018-10-17,Jahangirpuri,0.5165,185.41666666666666
2018-10-17,Jawaharlal Nehru Stadium,0.565,119.8125
2018-10-17,Lodhi Road,0.598,90.64625000000001
2018-10-17,Major Dhyan Chand National Stadium,0.665,128.46875
2018-10-17,Mandir Marg,0.583,113.77083333333333
2018-10-17,Mundka,0.282,172.5
2018-10-17,NSIT Dwarka,0.523,118.83708333333334
2018-10-17,Najafgarh,0.449,87.79166666666667
2018-10-17,Narela,0.538,181.09375
2018-10-17,Nehru Nagar,0.588,148.32291666666666
2018-10-17,North Campus,0.492,135.63
2018-10-17,Okhla Phase-2,0.414,154.29166666666666
2018-10-17,Patparganj,0.6265,149.90625
2018-10-17,Punjabi Bagh,0.5035,122.51041666666667
2018-10-17,Pusa,0.5085,75.49145833333334
2018-10-17,R K Puram,0.5425,146.5625
2018-10-17,Rohini,0.5215,177.09375
2018-10-17,Shadipur,0.5055,229.35772727272726
2018-10-17,Sirifort,0.5665,106.36458333333333
2018-10-17,Sonia Vihar,0.627,168.45833333333334
2018-10-17,Sri Aurobindo Marg,0.5645,102.84375
2018-10-17,Vivek Vihar,0.629,171.47916666666666
2018-10-17,Wazirpur,0.346,172.98684210526315
2018-10-18,Anand Vihar,0.711,172.0625
2018-10-18,Ashok Vihar,0.65,58.041666666666664
2018-10-18,Aya Nagar,0.916,122.97125
2018-10-18,Bawana,0.7745,195.66666666666666
2018-10-18,Burari Crossing,0.671,198.42499999999998
2018-10-18,CRRI Mathura Road,0.776,208.44291666666666
2018-10-18,DTU,0.646,163.58333333333334
2018-10-18,Dr. Karni Singh Shooting Range,0.766,133.39583333333334
2018-10-18,Dwarka-Sector 8,0.765,123.16666666666667
2018-10-18,Jahangirpuri,0.651,186.08333333333334
2018-10-18,Jawaharlal Nehru Stadium,0.773,119.19791666666667
2018-10-18,Lodhi Road,0.785,94.70375
2018-10-18,Major Dhyan Chand National Stadium,0.792,121.16666666666667
2018-10-18,Mundka,0.619,200.39583333333334
2018-10-18,NSIT Dwarka,0.765,158.40416666666667
2018-10-18,Najafgarh,0.64,92.39583333333333
2018-10-18,Narela,0.742,196.35416666666666
2018-10-18,North Campus,0.618,153.7735294117647
2018-10-18,Rohini,0.7845,204.08333333333334
2018-10-18,Sonia Vihar,0.762,161.70833333333334
2018-10-18,Wazirpur,0.634,184.26041666666666
2018-10-19,Anand Vihar,1.0215,171.51041666666666
2018-10-19,Ashok Vihar,0.957,51.989583333333336
2018-10-19,Aya Nagar,1.24,122.4175
2018-10-19,Bawana,1.0225,163.625
2018-10-19,Burari Crossing,0.9945,153.88875
2018-10-19,CRRI Mathura Road,1.121,205.23000000000002
2018-10-19,DTU,1.0055,139.51041666666666
2018-10-19,Dr. Karni Singh Shooting Range,1.169,114.47916666666667
2018-10-19,IGI Airport (T3),1.202,115.88625
2018-10-19,IHBAS,0.967,72.88
2018-10-19,ITO,0.953,141.20833333333334
2018-10-19,Jahangirpuri,0.954,193.1875
2018-10-19,Jawaharlal Nehru Stadium,0.996,128.19791666666666
2018-10-19,Mandir Marg,0.994,124.80208333333333
2018-10-19,Narela,0.865,164.65291666666667
2018-10-19,Nehru Nagar,0.872,168.28125
2018-10-19,North Campus,0.984,130.15291666666667
2018-10-19,Okhla Phase-2,0.926,135.30208333333334
2018-10-19,Patparganj,1.02,152.42708333333334
2018-10-19,Punjabi Bagh,0.931,125.92708333333333
2018-10-19,Pusa,0.87,98.14958333333334
2018-10-19,R K Puram,0.948,138.96875
2018-10-19,Rohini,1.001,167.72916666666666
2018-10-19,Shadipur,0.916,162.03434782608696
2018-10-19,Sirifort,0.879,107.3125
2018-10-19,Sonia Vihar,0.9085,145.5
2018-10-19,Sri Aurobindo Marg,0.971,104.53125
2018-10-19,Vivek Vihar,0.9765,174.89583333333334
2018-10-19,Wazirpur,0.896,169.65625
2018-10-20,Anand Vihar,0.879,212.55208333333334
2018-10-20,Ashok Vihar,0.8715,53.708333333333336
2018-10-20,Aya Nagar,1.125,140.47875
2018-10-20,Bawana,0.8065,218.8695652173913
2018-10-20,Burari Crossing,1.02,216.4742105263158
2018-10-20,CRRI Mathura Road,0.8995,224.72125000000003
2018-10-20,DTU,0.7925,160.66666666666666
2018-10-20,Dr. Karni Singh Shooting Range,1.0375,153.625
2018-10-20,Dwarka-Sector 8,0.856,210.08333333333334
2018-10-20,IGI Airport (T3),1.025,142.51666666666668
2018-10-20,IHBAS,0.844,92.02130434782607
2018-10-20,ITO,0.9575,164.78125
2018-10-20,Jahangirpuri,0.969,224.48958333333334
2018-10-20,Jawaharlal Nehru Stadium,0.918,153.32291666666666
2018-10-20,Lodhi Road,0.956,132.61666666666667
2018-10-20,Major Dhyan Chand National Stadium,0.945,149.27083333333334
2018-10-20,Mandir Marg,0.993,142.875
2018-10-20,Mundka,0.838,201.19791666666666
2018-10-20,NSIT Dwarka,0.856,163.39791666666667
2018-10-20,Najafgarh,0.8395,155.97916666666666
2018-10-20,Narela,0.8215,233.72521739130437
2018-10-20,Nehru Nagar,0.8475,175.97916666666666
2018-10-20,North Campus,0.829,150.6425
2018-10-20,Okhla Phase-2,0.878,151.91666666666666
2018-10-20,Patparganj,0.836,167.125
2018-10-20,Punjabi Bagh,0.909,157.48958333333334
2018-10-20,Pusa,0.986,115.67895833333334
2018-10-20,R K Puram,0.888,178.33333333333334
2018-10-20,Rohini,0.843,214.9375
2018-10-20,Shadipur,0.9395,204.27166666666668
2018-10-20,Sirifort,0.9685,144.52083333333334
2018-10-20,Sonia Vihar,0.8455,187.29166666666666
2018-10-20,Sri Aurobindo Marg,0.9595,141.91666666666666
2018-10-20,Vivek Vihar,0.8565,218.3913043478261
2018-10-20,Wazirpur,0.8745,203.59375
2018-10-21,Ashok Vihar,1.293,48.395833333333336
2018-10-21,Aya Nagar,1.058,117.46083333333333
2018-10-21,Dr. Karni Singh Shooting Range,1.262,146.63541666666666
2018-10-21,ITO,1.237,155.90625
2018-10-21,Jahangirpuri,1.369,197.35416666666666
2018-10-21,Jawaharlal Nehru Stadium,1.399,127.98958333333333
2018-10-21,Lodhi Road,1.285,106.78083333333332
2018-10-21,Major Dhyan Chand National Stadium,1.269,147.96875
2018-10-21,Mandir Marg,1.206,123.76041666666667
2018-10-21,Nehru Nagar,1.264,184.91666666666666
2018-10-21,Okhla Phase-2,1.144,135.41666666666666
2018-10-21,Pusa,1.246,90.73708333333333
2018-10-21,R K Puram,1.475,155.69791666666666
2018-10-21,Shadipur,1.235,132.45333333333335
2018-10-21,Sirifort,1.393,115.01041666666667
2018-10-21,Sonia Vihar,1.198,158.29166666666666
2018-10-21,Sri Aurobindo Marg,1.364,118.53125
2018-10-21,Wazirpur,1.31,170.54166666666666
2018-10-22,Anand Vihar,0.5495,142.97368421052633
2018-10-22,Ashok Vihar,0.527,49.260416666666664
2018-10-22,Aya Nagar,0.574,93.68166666666667
2018-10-22,Bawana,0.548,164.01041666666666
2018-10-22,CRRI Mathura Road,0.6045,163.64583333333334
2018-10-22,DTU,0.496,144.91666666666666
2018-10-22,Dr. Karni Singh Shooting Range,0.534,106.25
2018-10-22,Dwarka-Sector 8,0.5375,138.77083333333334
2018-10-22,IGI Airport (T3),0.602,90.41125
2018-10-22,IHBAS,0.614,51.469166666666666
2018-10-22,ITO,0.593,115.6875
2018-10-22,Jahangirpuri,0.524,169.04166666666666
2018-10-22,Jawaharlal Nehru Stadium,0.489,117.85714285714286
2018-10-22,Lodhi Road,0.528,104.54235294117647
2018-10-22,Major Dhyan Chand National Stadium,0.581,114.89285714285714
2018-10-22,Mandir Marg,0.586,106.84782608695652
2018-10-22,Mundka,0.5295,159.09375
2018-10-22,NSIT Dwarka,0.5375,143.47875000000002
2018-10-22,Najafgarh,0.468,87.64583333333333
2018-10-22,Narela,0.581,165.6525
2018-10-22,Nehru Nagar,0.4865,179.57894736842104
2018-10-22,North Campus,0.5575,133.98875
2018-10-22,Okhla Phase-2,0.4905,104.45833333333333
2018-10-22,Patparganj,0.551,124.16666666666667
2018-10-22,Punjabi Bagh,0.6265,119.39583333333333
2018-10-22,Pusa,0.644,86.29375
2018-10-22,R K Puram,0.5925,126.57291666666667
2018-10-22,Rohini,0.5355,153.17708333333334
2018-10-22,Shadipur,0.609,117.66875
2018-10-22,Sirifort,0.544,96.05208333333333
2018-10-22,Sonia Vihar,0.666,136.65625
2018-10-22,Sri Aurobindo Marg,0.564,92.15625
2018-10-22,Vivek Vihar,0.569,59.354166666666664
2018-10-22,Wazirpur,0.5245,150.6875
2018-10-23,Anand Vihar,0.714,158.0625
2018-10-23,Ashok Vihar,0.71,48.270833333333336
2018-10-23,Aya Nagar,0.5735,95.76083333333332
2018-10-23,Bawana,0.678,151.17708333333334
2018-10-23,CRRI Mathura Road,0.592,150.22208333333333
2018-10-23,DTU,0.6975,132.67708333333334
2018-10-23,Dr. Karni Singh Shooting Range,0.5805,93.14583333333333
2018-10-23,Dwarka-Sector 8,0.596,123.16666666666667
2018-10-23,IGI Airport (T3),0.633,78.13833333333334
2018-10-23,IHBAS,0.712,51.861250000000005
2018-10-23,ITO,0.662,123.40625
2018-10-23,Jahangirpuri,0.709,162.33333333333334
2018-10-23,Jawaharlal Nehru Stadium,0.524,92.23958333333333
2018-10-23,Major Dhyan Chand National Stadium,0.6215,98.15625
2018-10-23,Mandir Marg,0.6525,105.32352941176471
2018-10-23,NSIT Dwarka,0.596,131.8075
2018-10-23,Najafgarh,0.511,94.02083333333333
2018-10-23,Narela,0.754,179.04125
2018-10-23,Nehru Nagar,0.5465,155.89285714285714
2018-10-23,North Campus,0.668,132.14708333333334
2018-10-23,Okhla Phase-2,0.5945,93.45833333333333
2018-10-23,Patparganj,0.693,116.76041666666667
2018-10-23,Punjabi Bagh,0.636,123.72916666666667
2018-10-23,Pusa,0.5955,91.04466666666667
2018-10-23,R K Puram,0.545,136.32142857142858
2018-10-23,Rohini,0.746,163.38541666666666
2018-10-23,Shadipur,0.5685,133.34208333333333
2018-10-23,Sirifort,0.544,84.92708333333333
2018-10-23,Sonia Vihar,0.783,128.66666666666666
2018-10-23,Sri Aurobindo Marg,0.578,69.26190476190476
2018-10-23,Vivek Vihar,0.69,68.3125
2018-10-23,Wazirpur,0.6565,164.79166666666666
2018-10-24,Anand Vihar,1.12,221.81521739130434
2018-10-24,Ashok Vihar,0.972,69.22916666666667
2018-10-24,Aya Nagar,0.7335,121.13916666666667
2018-10-24,Bawana,0.92,183.36458333333334
2018-10-24,Burari Crossing,0.9115,249.78666666666666
2018-10-24,CRRI Mathura Road,0.9625,261.8259090909091
2018-10-24,DTU,0.9935,165.03125
2018-10-24,Dr. Karni Singh Shooting Range,0.704,138.0952380952381
2018-10-24,Dwarka-Sector 8,0.7415,202.32291666666666
2018-10-24,IGI Airport (T3),0.753,107.55583333333334
2018-10-24,IHBAS,1.0775,87.86041666666667
2018-10-24,ITO,1.0935,157.73958333333334
2018-10-24,Jahangirpuri,0.9095,223.84375
2018-10-24,Jawaharlal Nehru Stadium,0.922,162.71052631578948
2018-10-24,Lodhi Road,0.8995,120.20166666666665
2018-10-24,Major Dhyan Chand National Stadium,0.958,149.96875
2018-10-24,Mandir Marg,1.056,150.70833333333334
2018-10-24,Mundka,0.93,238.29166666666666
2018-10-24,NSIT Dwarka,0.7415,183.7904166666667
2018-10-24,Najafgarh,0.7375,131.72916666666666
2018-10-24,Narela,1.0165,219.0
2018-10-24,Nehru Nagar,0.901,206.89583333333334
2018-10-24,North Campus,0.989,187.3204166666667
2018-10-24,Okhla Phase-2,0.913,173.9090909090909
2018-10-24,Patparganj,1.044,219.44791666666666
2018-10-24,Punjabi Bagh,0.995,177.35416666666666
2018-10-24,Pusa,0.936,125.09303030303029
2018-10-24,R K Puram,0.7745,184.39772727272728
2018-10-24,Rohini,0.911,238.40625
2018-10-24,Shadipur,0.939,206.36454545454546
2018-10-24,Sirifort,0.862,125.71739130434783
2018-10-24,Sonia Vihar,0.938,217.54166666666666
2018-10-24,Sri Aurobindo Marg,0.7825,123.5
2018-10-24,Vivek Vihar,1.0425,112.45833333333333
2018-10-24,Wazirpur,0.92,237.39583333333334
2018-10-25,Anand Vihar,0.797,199.78571428571428
2018-10-25,Ashok Vihar,0.7775,55.666666666666664
2018-10-25,Aya Nagar,0.8185,127.02208333333333
2018-10-25,Bawana,0.8205,160.82291666666666
2018-10-25,CRRI Mathura Road,0.9285,238.72333333333333
2018-10-25,DTU,0.778,154.39583333333334
2018-10-25,Dr. Karni Singh Shooting Range,0.8105,134.83333333333334
2018-10-25,Dwarka-Sector 8,0.8615,208.96875
2018-10-25,IGI Airport (T3),0.807,107.83041666666666
2018-10-25,IHBAS,0.748,73.64708333333333
2018-10-25,ITO,0.9235,169.02173913043478
2018-10-25,Jahangirpuri,0.771,201.04545454545453
2018-10-25,Jawaharlal Nehru Stadium,0.82,130.66666666666666
2018-10-25,Lodhi Road,0.8895,123.69333333333333
2018-10-25,Major Dhyan Chand National Stadium,0.9635,172.33333333333334
2018-10-25,Mandir Marg,0.9375,156.65217391304347
2018-10-25,Mundka,0.882,238.22916666666666
2018-10-25,NSIT Dwarka,0.8615,170.04666666666665
2018-10-25,Najafgarh,0.9565,176.28125
2018-10-25,Narela,0.8095,208.02791666666667
2018-10-25,Nehru Nagar,0.778,215.5375
2018-10-25,North Campus,0.7655,200.40782608695653
2018-10-25,Okhla Phase-2,0.754,174.80208333333334
2018-10-25,Patparganj,0.819,183.3684210526316
2018-10-25,Punjabi Bagh,0.843,176.42391304347825
2018-10-25,Pusa,0.867,118.97274999999999
2018-10-25,R K Puram,0.845,176.32608695652175
2018-10-25,Rohini,0.8115,222.7826086956522
2018-10-25,Shadipur,0.838,199.62291666666667
2018-10-25,Sirifort,0.8655,126.01041666666667
2018-10-25,Sonia Vihar,0.766,220.77083333333334
2018-10-25,Sri Aurobindo Marg,0.821,123.77083333333333
2018-10-25,Vivek Vihar,0.7595,93.80952380952381
2018-10-25,Wazirpur,0.7925,213.10416666666666
2018-10-26,Aya Nagar,1.439,137.79375000000002
2018-10-26,Dr. Karni Singh Shooting Range,1.395,142.51041666666666
2018-10-26,IGI Airport (T3),1.569,136.58458333333334
2018-10-26,Najafgarh,1.562,189.875
2018-10-26,R K Puram,1.509,189.94791666666666
2018-10-26,Sirifort,1.546,139.67708333333334
2018-10-26,Sri Aurobindo Marg,1.461,127.51041666666667
2018-10-27,Anand Vihar,1.46,272.6354166666667
2018-10-27,Ashok Vihar,1.4945,71.16666666666667
2018-10-27,Aya Nagar,1.435,143.005
2018-10-27,Bawana,1.611,280.1145833333333
2018-10-27,CRRI Mathura Road,1.347,284.94041666666664
2018-10-27,DTU,1.6645,224.7159090909091
2018-10-27,Dr. Karni Singh Shooting Range,1.39,133.92708333333334
2018-10-27,Dwarka-Sector 8,1.4685,123.26136363636364
2018-10-27,IGI Airport (T3),1.4935,151.1225
2018-10-27,IHBAS,1.577,112.41458333333333
2018-10-27,ITO,1.2955,196.72916666666666
2018-10-27,Jahangirpuri,1.715,315.04545454545456
2018-10-27,Jawaharlal Nehru Stadium,1.3715,190.36458333333334
2018-10-27,Lodhi Road,1.403,154.44541666666666
2018-10-27,Major Dhyan Chand National Stadium,1.3415,179.0625
2018-10-27,Mandir Marg,1.5295,180.51041666666666
2018-10-27,Mundka,1.541,293.3125
2018-10-27,NSIT Dwarka,1.4685,223.4804761904762
2018-10-27,Najafgarh,1.457,164.875
2018-10-27,Narela,1.8815,261.6547619047619
2018-10-27,Nehru Nagar,1.5475,230.96875
2018-10-27,North Campus,1.598,227.3225
2018-10-27,Okhla Phase-2,1.915,202.5
2018-10-27,Patparganj,1.331,190.625
2018-10-27,Punjabi Bagh,1.914,224.45833333333334
2018-10-27,Pusa,1.479,131.53125
2018-10-27,R K Puram,1.5975,218.80434782608697
2018-10-27,Rohini,1.5735,294.22727272727275
2018-10-27,Shadipur,1.698,192.69041666666666
2018-10-27,Sirifort,1.5735,167.57291666666666
2018-10-27,Sonia Vihar,1.5915,239.16304347826087
2018-10-27,Sri Aurobindo Marg,1.735,155.23958333333334
2018-10-27,Vivek Vihar,1.5475,266.5869565217391
2018-10-27,Wazirpur,1.585,291.7916666666667
2018-10-28,Anand Vihar,0.7885,261.1145833333333
2018-10-28,Ashok Vihar,0.8505,69.89583333333333
2018-10-28,Aya Nagar,1.083,19.798750000000002
2018-10-28,Bawana,0.9115,266.75
2018-10-28,CRRI Mathura Road,0.794,267.82500000000005
2018-10-28,DTU,0.742,221.88541666666666
2018-10-28,Dr. Karni Singh Shooting Range,1.064,178.14583333333334
2018-10-28,Dwarka-Sector 8,1.055,213.0
2018-10-28,IHBAS,0.817,110.69272727272728
2018-10-28,ITO,0.872,200.5
2018-10-28,Jahangirpuri,0.781,278.7291666666667
2018-10-28,Jawaharlal Nehru Stadium,0.7955,198.875
2018-10-28,Lodhi Road,0.8085,171.60666666666668
2018-10-28,Major Dhyan Chand National Stadium,0.8055,194.55208333333334
2018-10-28,Mandir Marg,0.702,202.69791666666666
2018-10-28,Mundka,0.917,280.5625
2018-10-28,NSIT Dwarka,1.055,200.14208333333332
2018-10-28,Najafgarh,1.083,177.11458333333334
2018-10-28,Narela,0.809,260.72727272727275
2018-10-28,Nehru Nagar,0.7715,215.60416666666666
2018-10-28,North Campus,0.8595,234.54125
2018-10-28,Okhla Phase-2,0.7745,208.75
2018-10-28,Patparganj,0.798,193.22916666666666
2018-10-28,Punjabi Bagh,0.654,240.875
2018-10-28,Pusa,0.66,136.05291666666668
2018-10-28,R K Puram,0.918,235.14583333333334
2018-10-28,Rohini,0.9545,293.375
2018-10-28,Shadipur,0.622,208.8395833333333
2018-10-28,Sirifort,0.8555,169.69791666666666
2018-10-28,Sonia Vihar,0.812,236.1304347826087
2018-10-28,Sri Aurobindo Marg,0.862,166.03125
2018-10-28,Vivek Vihar,0.8585,254.8125
2018-10-28,Wazirpur,0.8695,222.515625
2018-10-29,Anand Vihar,1.707,312.46875
2018-10-29,Ashok Vihar,1.59,137.1818181818182
2018-10-29,Aya Nagar,1.325,91.97375
2018-10-29,Bawana,1.359,245.75
2018-10-29,CRRI Mathura Road,1.259,281.5772727272727
2018-10-29,DTU,1.365,297.57142857142856
2018-10-29,Dr. Karni Singh Shooting Range,1.1885,169.94791666666666
2018-10-29,Dwarka-Sector 8,1.229,218.92708333333334
2018-10-29,IGI Airport (T3),1.2195,160.91958333333335
2018-10-29,IHBAS,1.6325,99.5125
2018-10-29,ITO,1.5,223.93478260869566
2018-10-29,Jawaharlal Nehru Stadium,1.3205,206.29166666666666
2018-10-29,Lodhi Road,1.168,184.09272727272727
2018-10-29,Major Dhyan Chand National Stadium,1.1815,215.13541666666666
2018-10-29,Mandir Marg,1.3265,225.47826086956522
2018-10-29,Mundka,1.4305,305.1458333333333
2018-10-29,NSIT Dwarka,1.229,186.52333333333334
2018-10-29,Najafgarh,1.0755,181.5625
2018-10-29,Narela,1.2645,275.40277777777777
2018-10-29,Nehru Nagar,1.412,250.39772727272728
2018-10-29,North Campus,1.4575,251.53454545454545
2018-10-29,Okhla Phase-2,1.228,214.5625
2018-10-29,Patparganj,1.581,215.09375
2018-10-29,Punjabi Bagh,1.3795,291.4021739130435
2018-10-29,Pusa,1.3845,149.92108695652175
2018-10-29,R K Puram,1.095,267.625
2018-10-29,Rohini,1.321,321.5
2018-10-29,Shadipur,1.5075,224.88083333333336
2018-10-29,Sirifort,1.255,180.61458333333334
2018-10-29,Sri Aurobindo Marg,1.232,175.92708333333334
2018-10-29,Vivek Vihar,1.5985,266.5657894736842
2018-10-29,Wazirpur,1.661,291.9868421052632
2018-10-30,Anand Vihar,1.336,347.42045454545456
2018-10-30,Aya Nagar,1.1605,195.83809523809526
2018-10-30,Bawana,1.693,317.8333333333333
2018-10-30,CRRI Mathura Road,1.418,285.19117647058823
2018-10-30,Dr. Karni Singh Shooting Range,1.0845,206.8913043478261
2018-10-30,Dwarka-Sector 8,1.214,243.78125
2018-10-30,IGI Airport (T3),1.2855,186.86333333333334
2018-10-30,IHBAS,1.493,174.640625
2018-10-30,ITO,1.4145,236.68421052631578
2018-10-30,Jahangirpuri,0.998,302.1
2018-10-30,Jawaharlal Nehru Stadium,1.415,227.69565217391303
2018-10-30,Lodhi Road,1.462,191.27954545454543
2018-10-30,Major Dhyan Chand National Stadium,1.434,230.1304347826087
2018-10-30,Mandir Marg,1.517,251.57291666666666
2018-10-30,Mundka,1.442,308.0833333333333
2018-10-30,NSIT Dwarka,1.214,158.48083333333332
2018-10-30,Najafgarh,1.2605,200.16666666666666
2018-10-30,Nehru Nagar,1.44,276.5729166666667
2018-10-30,North Campus,1.423,248.05190476190478
2018-10-30,Okhla Phase-2,1.405,249.20833333333334
2018-10-30,Patparganj,1.352,251.25
2018-10-30,Punjabi Bagh,1.415,283.3229166666667
2018-10-30,Pusa,1.345,200.00133333333332
2018-10-30,R K Puram,1.403,260.60869565217394
2018-10-30,Shadipur,1.322,230.65333333333334
2018-10-30,Sirifort,1.6815,196.75
2018-10-30,Sonia Vihar,0.764,264.6111111111111
2018-10-30,Sri Aurobindo Marg,1.5715,199.8068181818182
2018-10-30,Vivek Vihar,1.454,247.5
2018-10-30,Wazirpur,1.191,323.1354166666667
2018-10-31,Anand Vihar,1.505,250.69565217391303
2018-10-31,Ashok Vihar,1.523,255.9375
2018-10-31,Aya Nagar,1.383,154.64583333333334
2018-10-31,Bawana,1.828,306.7083333333333
2018-10-31,CRRI Mathura Road,1.482,295.02
2018-10-31,Dr. Karni Singh Shooting Range,1.328,167.45833333333334
2018-10-31,Dwarka-Sector 8,1.343,201.625
2018-10-31,IGI Airport (T3),1.193,148.95083333333335
2018-10-31,IHBAS,1.518,186.43217391304347
2018-10-31,ITO,1.385,216.48958333333334
2018-10-31,Jahangirpuri,1.509,321.8958333333333
2018-10-31,Jawaharlal Nehru Stadium,1.3805,203.77083333333334
2018-10-31,Lodhi Road,1.4595,103.21916666666668
2018-10-31,Major Dhyan Chand National Stadium,1.4325,214.25
2018-10-31,Mandir Marg,1.4075,189.76041666666666
2018-10-31,Mundka,1.629,330.04347826086956
2018-10-31,NSIT Dwarka,1.343,132.69708333333332
2018-10-31,Najafgarh,1.5115,209.79166666666666
2018-10-31,Narela,1.704,267.75
2018-10-31,Nehru Nagar,1.357,225.20833333333334
2018-10-31,North Campus,1.731,216.33041666666668
2018-10-31,Okhla Phase-2,1.4175,211.16666666666666
2018-10-31,Patparganj,1.4315,188.09375
2018-10-31,Punjabi Bagh,1.529,221.88541666666666
2018-10-31,Pusa,1.494,198.48580645161292
2018-10-31,R K Puram,1.289,228.58333333333334
2018-10-31,Shadipur,1.4695,199.80875
2018-10-31,Sirifort,1.4185,179.9375
2018-10-31,Sonia Vihar,1.646,253.7826086956522
2018-10-31,Sri Aurobindo Marg,1.3045,165.61458333333334
2018-10-31,Vivek Vihar,1.5555,268.3181818181818
2018-10-31,Wazirpur,1.54,287.1458333333333
2018-11-01,Anand Vihar,1.547,309.9782608695652
2018-11-01,Ashok Vihar,1.66,302.02272727272725
2018-11-01,Aya Nagar,1.7575,172.67166666666665
2018-11-01,Bawana,1.754,214.33333333333334
2018-11-01,CRRI Mathura Road,1.579,236.1021052631579
2018-11-01,DTU,1.812,263.0108695652174
2018-11-01,Dr. Karni Singh Shooting Range,1.799,189.83333333333334
2018-11-01,Dwarka-Sector 8,1.718,201.63541666666666
2018-11-01,IGI Airport (T3),1.761,158.15541666666667
2018-11-01,IHBAS,1.603,188.12625
2018-11-01,ITO,1.738,210.94565217391303
2018-11-01,Jahangirpuri,1.796,292.8095238095238
2018-11-01,Jawaharlal Nehru Stadium,1.572,207.46875
2018-11-01,Lodhi Road,1.627,104.79166666666667
2018-11-01,Major Dhyan Chand National Stadium,1.589,202.67708333333334
2018-11-01,Mandir Marg,1.718,200.65217391304347
2018-11-01,Mundka,1.626,239.98214285714286
2018-11-01,NSIT Dwarka,1.718,156.2808695652174
2018-11-01,Najafgarh,1.683,215.25
2018-11-01,Narela,1.586,256.2554166666667
2018-11-01,Nehru Nagar,1.598,246.94791666666666
2018-11-01,North Campus,1.629,247.092
2018-11-01,Patparganj,1.632,210.27083333333334
2018-11-01,Punjabi Bagh,1.657,243.32291666666666
2018-11-01,Pusa,1.68,204.14333333333335
2018-11-01,Rohini,1.854,283.42857142857144
2018-11-01,Shadipur,1.632,231.0533333333333
2018-11-01,Vivek Vihar,1.587,267.29545454545456
2018-11-01,Wazirpur,1.662,338.6666666666667
2018-11-02,Anand Vihar,1.268,223.55208333333334
2018-11-02,Ashok Vihar,1.213,240.02083333333334
2018-11-02,Aya Nagar,1.0865,196.80708333333334
2018-11-02,Bawana,1.402,252.79166666666666
2018-11-02,CRRI Mathura Road,1.2725,230.3975
2018-11-02,DTU,1.276,231.88541666666666
2018-11-02,Dr. Karni Singh Shooting Range,1.069,182.91666666666666
2018-11-02,Dwarka-Sector 8,1.107,190.30208333333334
2018-11-02,IGI Airport (T3),1.153,142.99608695652174
2018-11-02,IHBAS,1.254,158.38750000000002
2018-11-02,ITO,1.2815,222.57291666666666
2018-11-02,Jahangirpuri,1.182,218.0
2018-11-02,Jawaharlal Nehru Stadium,1.257,214.94791666666666
2018-11-02,Lodhi Road,1.2815,127.54041666666667
2018-11-02,Major Dhyan Chand National Stadium,1.295,205.38541666666666
2018-11-02,Mandir Marg,1.304,199.97916666666666
2018-11-02,Mundka,1.169,222.26041666666666
2018-11-02,NSIT Dwarka,1.107,131.48791666666668
2018-11-02,Najafgarh,1.074,183.125
2018-11-02,Narela,1.194,220.07291666666666
2018-11-02,Nehru Nagar,1.272,215.91666666666666
2018-11-02,North Campus,1.22,209.13166666666666
2018-11-02,Okhla Phase-2,1.008,218.16666666666666
2018-11-02,Patparganj,1.2395,183.76041666666666
2018-11-02,Punjabi Bagh,1.212,198.57291666666666
2018-11-02,Pusa,1.2475,216.501875
2018-11-02,R K Puram,1.208,213.10416666666666
2018-11-02,Rohini,1.301,205.08333333333334
2018-11-02,Shadipur,1.229,173.66166666666666
2018-11-02,Sirifort,1.277,193.77083333333334
2018-11-02,Sonia Vihar,1.133,252.38541666666666
2018-11-02,Sri Aurobindo Marg,1.207,187.36458333333334
2018-11-02,Vivek Vihar,1.248,228.66666666666666
2018-11-02,Wazirpur,1.219,282.0625
2018-11-03,Anand Vihar,1.549,167.27083333333334
2018-11-03,Aya Nagar,1.449,179.04416666666668
2018-11-03,CRRI Mathura Road,1.579,162.78833333333333
2018-11-03,Dr. Karni Singh Shooting Range,1.525,145.33333333333334
2018-11-03,IHBAS,1.576,119.02041666666666
2018-11-03,ITO,1.572,164.08333333333334
2018-11-03,Jawaharlal Nehru Stadium,1.535,156.88541666666666
2018-11-03,Lodhi Road,1.586,132.2609090909091
2018-11-03,Major Dhyan Chand National Stadium,1.558,148.0
2018-11-03,Nehru Nagar,1.527,155.89583333333334
2018-11-03,Okhla Phase-2,1.466,157.44791666666666
2018-11-03,Patparganj,1.585,139.11458333333334
2018-11-03,R K Puram,1.612,173.60416666666666
2018-11-03,Sirifort,1.565,153.3125
2018-11-03,Sonia Vihar,1.593,179.95833333333334
2018-11-03,Sri Aurobindo Marg,1.616,175.9264705882353
2018-11-03,Vivek Vihar,1.593,128.35416666666666
2018-11-03,Wazirpur,1.765,205.09375
2018-11-04,Anand Vihar,0.83,102.63541666666667
2018-11-04,Ashok Vihar,0.727,108.65625
2018-11-04,Aya Nagar,0.805,126.69818181818181
2018-11-04,Bawana,0.976,123.83333333333333
2018-11-04,CRRI Mathura Road,0.689,105.76083333333334
2018-11-04,DTU,0.944,100.59375
2018-11-04,Dr. Karni Singh Shooting Range,0.778,75.5
2018-11-04,Dwarka-Sector 8,1.2,97.78125
2018-11-04,IHBAS,0.781,63.23291666666666
2018-11-04,ITO,0.698,98.13541666666667
2018-11-04,Jahangirpuri,0.725,122.5
2018-11-04,Jawaharlal Nehru Stadium,0.722,90.10416666666667
2018-11-04,Lodhi Road,0.699,79.03458333333333
2018-11-04,Major Dhyan Chand National Stadium,0.709,88.8125
2018-11-04,Mandir Marg,0.707,93.58333333333333
2018-11-04,Mundka,1.08,111.13541666666667
2018-11-04,NSIT Dwarka,1.2,99.98875
2018-11-04,Najafgarh,0.666,108.40625
2018-11-04,Narela,0.957,166.95000000000002
2018-11-04,Nehru Nagar,0.743,95.91666666666667
2018-11-04,North Campus,0.958,113.41375
2018-11-04,Okhla Phase-2,0.708,90.20833333333333
2018-11-04,Patparganj,0.816,83.55208333333333
2018-11-04,Punjabi Bagh,0.954,96.44791666666667
2018-11-04,Pusa,0.938,99.77607142857143
2018-11-04,R K Puram,0.689,97.5
2018-11-04,Rohini,1.219,105.91666666666667
2018-11-04,Shadipur,0.9305,76.30391304347826
2018-11-04,Sirifort,0.713,84.25
2018-11-04,Sonia Vihar,0.719,100.79166666666667
2018-11-04,Sri Aurobindo Marg,0.717,190.33333333333334
2018-11-04,Vivek Vihar,0.893,32.458333333333336
2018-11-04,Wazirpur,0.705,128.97916666666666
2018-11-05,Aya Nagar,2.394,163.02214285714285
2018-11-05,CRRI Mathura Road,2.622,250.9476923076923
2018-11-05,Dr. Karni Singh Shooting Range,2.538,200.2
2018-11-05,Jawaharlal Nehru Stadium,2.616,242.15384615384616
2018-11-05,Mandir Marg,2.503,243.1153846153846
2018-11-05,Najafgarh,2.542,218.5
2018-11-05,Okhla Phase-2,2.771,230.34615384615384
2018-11-05,R K Puram,2.425,234.64285714285714
2018-11-05,Sirifort,2.505,225.73333333333332
2018-11-05,Sri Aurobindo Marg,2.38,210.92307692307693
2018-11-06,Anand Vihar,0.485,203.875
2018-11-06,Ashok Vihar,0.501,219.15625
2018-11-06,Aya Nagar,0.588,122.71541666666667
2018-11-06,Bawana,0.4755,233.80208333333334
2018-11-06,Burari Crossing,0.541,86.96181818181819
2018-11-06,CRRI Mathura Road,0.5165,193.43541666666667
2018-11-06,DTU,0.4575,198.30208333333334
2018-11-06,Dr. Karni Singh Shooting Range,0.5955,151.20833333333334
2018-11-06,Dwarka-Sector 8,0.49,185.84375
2018-11-06,IGI Airport (T3),0.525,144.19
2018-11-06,IHBAS,0.5275,136.63666666666666
2018-11-06,ITO,0.4985,175.1195652173913
2018-11-06,Jahangirpuri,0.5095,243.83333333333334
2018-11-06,Jawaharlal Nehru Stadium,0.514,180.08333333333334
2018-11-06,Lodhi Road,0.5005,147.59916666666666
2018-11-06,Major Dhyan Chand National Stadium,0.498,159.92391304347825
2018-11-06,Mandir Marg,0.489,159.64772727272728
2018-11-06,Mundka,0.524,212.69565217391303
2018-11-06,NSIT Dwarka,0.49,137.3726086956522
2018-11-06,Najafgarh,0.6,135.41666666666666
2018-11-06,Narela,0.5045,203.50833333333333
2018-11-06,Nehru Nagar,0.508,195.85416666666666
2018-11-06,North Campus,0.482,166.1783333333333
2018-11-06,Okhla Phase-2,0.4885,178.77083333333334
2018-11-06,Patparganj,0.525,163.25
2018-11-06,Punjabi Bagh,0.5025,182.92708333333334
2018-11-06,Pusa,0.453,163.5802222222222
2018-11-06,R K Puram,0.5535,184.625
2018-11-06,Rohini,0.523,208.58333333333334
2018-11-06,Shadipur,0.4655,163.88083333333333
2018-11-06,Sirifort,0.565,168.52083333333334
2018-11-06,Sonia Vihar,0.528,183.63636363636363
2018-11-06,Sri Aurobindo Marg,0.5585,149.64285714285714
2018-11-06,Vivek Vihar,0.512,56.4375
2018-11-06,Wazirpur,0.4875,217.91666666666666
2018-11-07,Anand Vihar,0.624,195.34782608695653
2018-11-07,Ashok Vihar,0.6735,180.98809523809524
2018-11-07,Aya Nagar,0.556,106.95458333333333
2018-11-07,Bawana,0.568,171.41666666666666
2018-11-07,Burari Crossing,0.637,182.04545454545453
2018-11-07,CRRI Mathura Road,0.6335,180.34304347826088
2018-11-07,DTU,0.538,160.73863636363637
2018-11-07,Dr. Karni Singh Shooting Range,0.5455,129.84782608695653
2018-11-07,Dwarka-Sector 8,0.636,132.97727272727272
2018-11-07,IGI Airport (T3),0.64,118.78458333333333
2018-11-07,IHBAS,0.725,136.24416666666667
2018-11-07,ITO,0.6765,161.57291666666666
2018-11-07,Jahangirpuri,0.61,213.27380952380952
2018-11-07,Jawaharlal Nehru Stadium,0.565,148.16304347826087
2018-11-07,Lodhi Road,0.613,118.19304347826088
2018-11-07,Major Dhyan Chand National Stadium,0.6235,139.98958333333334
2018-11-07,Mandir Marg,0.6885,147.73958333333334
2018-11-07,Mundka,0.573,190.08695652173913
2018-11-07,NSIT Dwarka,0.636,113.86217391304348
2018-11-07,Najafgarh,0.604,100.48958333333333
2018-11-07,Narela,0.5385,166.93125
2018-11-07,Nehru Nagar,0.568,175.5595238095238
2018-11-07,North Campus,0.594,156.01454545454547
2018-11-07,Okhla Phase-2,0.528,148.66666666666666
2018-11-07,Patparganj,0.602,141.85227272727272
2018-11-07,Punjabi Bagh,0.703,169.57291666666666
2018-11-07,Pusa,0.671,151.85127659574468
2018-11-07,R K Puram,0.5005,155.48809523809524
2018-11-07,Rohini,0.617,172.6086956521739
2018-11-07,Shadipur,0.724,156.8186363636364
2018-11-07,Sirifort,0.5855,120.5
2018-11-07,Sonia Vihar,0.666,177.58333333333334
2018-11-07,Sri Aurobindo Marg,0.5005,123.0909090909091
2018-11-07,Vivek Vihar,0.678,84.97727272727273
2018-11-07,Wazirpur,0.6085,201.42857142857142
2018-11-08,Anand Vihar,3.002,299.1363636363636
2018-11-08,Ashok Vihar,3.144,227.79166666666666
2018-11-08,Aya Nagar,3.215,174.246
2018-11-08,Burari Crossing,2.994,283.8707142857143
2018-11-08,CRRI Mathura Road,3.175,311.45666666666665
2018-11-08,DTU,3.082,240.765625
2018-11-08,Dwarka-Sector 8,3.278,211.78846153846155
2018-11-08,IGI Airport (T3),3.296,202.11357142857145
2018-11-08,IHBAS,2.896,194.53
2018-11-08,ITO,3.129,228.35416666666666
2018-11-08,Jahangirpuri,3.069,273.45
2018-11-08,Jawaharlal Nehru Stadium,3.17,253.375
2018-11-08,Lodhi Road,3.101,175.78083333333333
2018-11-08,Mandir Marg,3.066,186.70833333333334
2018-11-08,Mundka,3.318,285.6388888888889
2018-11-08,NSIT Dwarka,3.278,185.9792857142857
2018-11-08,Najafgarh,3.18,220.09375
2018-11-08,Narela,3.169,240.31666666666666
2018-11-08,Nehru Nagar,3.163,294.3611111111111
2018-11-08,North Campus,3.1795,195.60083333333333
2018-11-08,Okhla Phase-2,3.273,267.6875
2018-11-08,Patparganj,3.171,241.80555555555554
2018-11-08,Punjabi Bagh,3.2705,275.15625
2018-11-08,Pusa,3.1,210.35607142857143
2018-11-08,R K Puram,3.139,237.45833333333334
2018-11-08,Rohini,3.167,255.21428571428572
2018-11-08,Shadipur,3.153,258.85615384615386
2018-11-08,Sirifort,3.126,214.35416666666666
2018-11-08,Sonia Vihar,2.748,234.0909090909091
2018-11-08,Sri Aurobindo Marg,3.177,226.0681818181818
2018-11-08,Vivek Vihar,2.901,252.3
2018-11-08,Wazirpur,3.1385,246.19642857142858
2018-11-09,Anand Vihar,1.167,305.2352941176471
2018-11-09,Ashok Vihar,0.976,245.39583333333334
2018-11-09,Aya Nagar,1.411,187.22833333333332
2018-11-09,Bawana,1.0375,288.05263157894734
2018-11-09,Burari Crossing,1.215,278.1490476190476
2018-11-09,CRRI Mathura Road,1.0205,240.85785714285717
2018-11-09,DTU,1.1035,249.02173913043478
2018-11-09,Dr. Karni Singh Shooting Range,1.295,228.64285714285714
2018-11-09,Dwarka-Sector 8,1.148,255.57142857142858
2018-11-09,IGI Airport (T3),1.188,193.351875
2018-11-09,IHBAS,1.1645,178.51333333333332
2018-11-09,ITO,1.014,251.35526315789474
2018-11-09,Jahangirpuri,0.983,333.525
2018-11-09,Jawaharlal Nehru Stadium,1.04,193.6875
2018-11-09,Lodhi Road,0.9645,224.35315789473685
2018-11-09,Major Dhyan Chand National Stadium,0.978,218.11764705882354
2018-11-09,Mandir Marg,1.2385,199.27083333333334
2018-11-09,Mundka,1.124,303.1847826086956
2018-11-09,NSIT Dwarka,1.148,199.53555555555556
2018-11-09,Najafgarh,1.191,217.13095238095238
2018-11-09,Narela,1.016,280.775
2018-11-09,Nehru Nagar,1.031,331.8690476190476
2018-11-09,North Campus,1.297,185.27285714285716
2018-11-09,Okhla Phase-2,1.1305,227.7
2018-11-09,Patparganj,1.0315,217.48214285714286
2018-11-09,Punjabi Bagh,1.1975,254.88235294117646
2018-11-09,Pusa,1.28,192.10535714285714
2018-11-09,R K Puram,1.342,248.83333333333334
2018-11-09,Rohini,1.1285,299.4761904761905
2018-11-09,Shadipur,1.2805,244.79086956521738
2018-11-09,Sirifort,1.068,230.42708333333334
2018-11-09,Sonia Vihar,1.028,245.05263157894737
2018-11-09,Sri Aurobindo Marg,1.207,216.2391304347826
2018-11-09,Vivek Vihar,1.145,235.35714285714286
2018-11-09,Wazirpur,0.978,283.32142857142856
2018-11-10,Anand Vihar,2.7505,354.5833333333333
2018-11-10,Ashok Vihar,2.683,328.7
2018-11-10,Aya Nagar,2.854,193.2675
2018-11-10,Bawana,2.637,337.6354166666667
2018-11-10,Burari Crossing,2.344,309.1945
2018-11-10,CRRI Mathura Road,3.031,298.2313043478261
2018-11-10,DTU,2.375,319.4021739130435
2018-11-10,Dr. Karni Singh Shooting Range,2.7745,221.16666666666666
2018-11-10,Dwarka-Sector 8,2.7855,280.09375
2018-11-10,IGI Airport (T3),2.7285,233.06458333333333
2018-11-10,IHBAS,2.7815,223.5813043478261
2018-11-10,ITO,2.6795,264.875
2018-11-10,Jahangirpuri,2.286,342.23809523809524
2018-11-10,Jawaharlal Nehru Stadium,3.045,285.6354166666667
2018-11-10,Lodhi Road,3.014,256.9491304347826
2018-11-10,Major Dhyan Chand National Stadium,2.987,254.79166666666666
2018-11-10,Mandir Marg,2.6085,260.75
2018-11-10,Mundka,2.694,346.5833333333333
2018-11-10,NSIT Dwarka,2.7855,196.16625
2018-11-10,Najafgarh,2.7955,235.775
2018-11-10,Narela,2.95,320.5416666666667
2018-11-10,Nehru Nagar,3.055,306.4318181818182
2018-11-10,North Campus,2.6235,232.8404347826087
2018-11-10,Okhla Phase-2,3.12,294.0238095238095
2018-11-10,Patparganj,2.67,268.8645833333333
2018-11-10,Punjabi Bagh,2.559,292.5104166666667
2018-11-10,Pusa,2.6845,253.28914893617022
2018-11-10,R K Puram,2.973,284.11842105263156
2018-11-10,Rohini,2.6675,328.1
2018-11-10,Shadipur,2.6705,211.83041666666668
2018-11-10,Sirifort,3.077,230.14583333333334
2018-11-10,Sonia Vihar,2.435,271.15
2018-11-10,Sri Aurobindo Marg,3.027,238.47916666666666
2018-11-10,Vivek Vihar,2.7815,303.1875
2018-11-10,Wazirpur,2.68,386.0
2018-11-11,Alipur,1.1355,232.36111111111111
2018-11-11,Anand Vihar,1.22,340.2826086956522
2018-11-11,Ashok Vihar,0.825,228.64285714285714
2018-11-11,Aya Nagar,0.838,161.1175
2018-11-11,Bawana,0.8895,169.46875
2018-11-11,Burari Crossing,0.839,303.11347826086956
2018-11-11,CRRI Mathura Road,1.11,272.46190476190475
2018-11-11,DTU,0.787,240.58333333333334
2018-11-11,Dr. Karni Singh Shooting Range,0.8175,177.52083333333334
2018-11-11,Dwarka-Sector 8,0.836,221.47916666666666
2018-11-11,IGI Airport (T3),0.891,179.13666666666666
2018-11-11,IHBAS,1.2595,192.87333333333333
2018-11-11,ITO,0.988,259.875
2018-11-11,Jahangirpuri,0.87,307.875
2018-11-11,Jawaharlal Nehru Stadium,0.9305,218.35416666666666
2018-11-11,Lodhi Road,0.94,192.17041666666668
2018-11-11,Major Dhyan Chand National Stadium,0.9515,230.22916666666666
2018-11-11,Mandir Marg,0.961,197.05882352941177
2018-11-11,Mundka,0.647,264.96666666666664
2018-11-11,NSIT Dwarka,0.836,185.03125
2018-11-11,Najafgarh,0.832,209.52173913043478
2018-11-11,Narela,1.255,276.49545454545455
2018-11-11,Nehru Nagar,0.9775,309.17045454545456
2018-11-11,North Campus,0.71,242.43650000000002
2018-11-11,Okhla Phase-2,0.813,246.55263157894737
2018-11-11,Patparganj,1.141,225.46875
2018-11-11,Punjabi Bagh,0.684,256.05
2018-11-11,Pusa,0.8685,206.34113636363637
2018-11-11,R K Puram,0.8625,226.26315789473685
2018-11-11,Rohini,0.683,298.04347826086956
2018-11-11,Shadipur,0.858,212.12041666666667
2018-11-11,Sirifort,0.879,192.8125
2018-11-11,Sonia Vihar,1.2685,273.1111111111111
2018-11-11,Sri Aurobindo Marg,0.8775,213.77083333333334
2018-11-11,Vivek Vihar,1.225,299.5217391304348
2018-11-11,Wazirpur,0.734,257.3076923076923
2018-11-12,Alipur,0.928,238.42708333333334
2018-11-12,Anand Vihar,0.983,354.9479166666667
2018-11-12,Ashok Vihar,1.124,341.0952380952381
2018-11-12,Aya Nagar,0.618,169.8025
2018-11-12,Bawana,1.36,213.04166666666666
2018-11-12,Burari Crossing,1.206,317.32625
2018-11-12,CRRI Mathura Road,0.9315,287.3066666666667
2018-11-12,DTU,1.24,276.59375
2018-11-12,Dr. Karni Singh Shooting Range,0.6405,209.125
2018-11-12,Dwarka-Sector 8,0.6355,241.03125
2018-11-12,IGI Airport (T3),0.6185,188.50608695652176
2018-11-12,IHBAS,0.9785,191.77791666666667
2018-11-12,ITO,0.938,246.76923076923077
2018-11-12,Jahangirpuri,1.215,339.6363636363636
2018-11-12,Jawaharlal Nehru Stadium,0.8885,254.03125
2018-11-12,Lodhi Road,0.9125,219.72826086956522
2018-11-12,Major Dhyan Chand National Stadium,0.9155,246.06521739130434
2018-11-12,Mandir Marg,0.9585,261.71875
2018-11-12,Mundka,0.9435,372.9791666666667
2018-11-12,NSIT Dwarka,0.6355,209.25541666666666
2018-11-12,Najafgarh,0.637,191.56578947368422
2018-11-12,Narela,0.97,281.9270833333333
2018-11-12,Nehru Nagar,0.9195,343.8958333333333
2018-11-12,North Campus,1.129,276.7063636363636
2018-11-12,Okhla Phase-2,1.119,285.65909090909093
2018-11-12,Patparganj,1.0015,269.4891304347826
2018-11-12,Punjabi Bagh,0.9835,325.39772727272725
2018-11-12,Pusa,0.8755,237.5276086956522
2018-11-12,R K Puram,0.8235,260.9404761904762
2018-11-12,Rohini,1.271,333.3478260869565
2018-11-12,Shadipur,0.9325,209.755
2018-11-12,Sirifort,0.946,223.125
2018-11-12,Sonia Vihar,1.0465,288.7894736842105
2018-11-12,Sri Aurobindo Marg,1.034,222.41666666666666
2018-11-12,Vivek Vihar,1.009,300.0
2018-11-12,Wazirpur,1.158,359.8181818181818
2018-11-13,Anand Vihar,1.197,324.04545454545456
2018-11-13,Bawana,1.301,282.8645833333333
2018-11-13,CRRI Mathura Road,1.103,249.32000000000002
2018-11-13,IHBAS,1.268,218.2118181818182
2018-11-13,ITO,1.171,263.2708333333333
2018-11-13,Jawaharlal Nehru Stadium,1.057,244.90625
2018-11-13,Lodhi Road,1.076,224.1908695652174
2018-11-13,Major Dhyan Chand National Stadium,1.102,230.35227272727272
2018-11-13,Mandir Marg,1.094,227.925
2018-11-13,Nehru Nagar,1.028,281.2604166666667
2018-11-13,Patparganj,1.19,252.92045454545453
2018-11-13,R K Puram,1.113,259.4479166666667
2018-11-13,Sonia Vihar,1.359,329.3333333333333
2018-11-13,Vivek Vihar,1.239,305.8541666666667
2018-11-14,Alipur,0.837,150.40625
2018-11-14,Anand Vihar,0.924,174.59375
2018-11-14,Ashok Vihar,0.824,178.8125
2018-11-14,Aya Nagar,0.697,94.2275
2018-11-14,Bawana,0.965,77.82291666666667
2018-11-14,CRRI Mathura Road,0.901,128.87791666666666
2018-11-14,DTU,0.953,150.03125
2018-11-14,Dr. Karni Singh Shooting Range,0.709,105.16666666666667
2018-11-14,Dwarka-Sector 8,0.788,108.55208333333333
2018-11-14,IGI Airport (T3),0.81,102.19375000000001
2018-11-14,IHBAS,1.014,125.38791666666667
2018-11-14,ITO,0.846,145.7826086956522
2018-11-14,Jahangirpuri,0.903,170.22916666666666
2018-11-14,Jawaharlal Nehru Stadium,0.8875,130.76041666666666
2018-11-14,Lodhi Road,0.845,126.80083333333333
2018-11-14,Major Dhyan Chand National Stadium,0.853,129.9375
2018-11-14,Mandir Marg,0.821,134.3125
2018-11-14,Mundka,0.617,140.04166666666666
2018-11-14,NSIT Dwarka,0.788,110.51291666666667
2018-11-14,Najafgarh,0.754,118.39285714285714
2018-11-14,Narela,0.8815,155.77777777777777
2018-11-14,Nehru Nagar,0.873,159.63541666666666
2018-11-14,North Campus,0.749,134.11666666666667
2018-11-14,Okhla Phase-2,0.8,138.71875
2018-11-14,Patparganj,0.878,128.48958333333334
2018-11-14,Punjabi Bagh,0.8015,137.73958333333334
2018-11-14,Pusa,0.7975,137.35999999999999
2018-11-14,R K Puram,0.803,133.83333333333334
2018-11-14,Rohini,0.904,158.41666666666666
2018-11-14,Shadipur,0.786,84.53956521739131
2018-11-14,Sirifort,0.872,115.73958333333333
2018-11-14,Sonia Vihar,1.091,192.95833333333334
2018-11-14,Sri Aurobindo Marg,0.866,110.72916666666667
2018-11-14,Vivek Vihar,1.0,155.875
2018-11-14,Wazirpur,0.799,201.9375
2018-11-15,Alipur,1.801,106.11458333333333
2018-11-15,Anand Vihar,1.3205,112.51041666666667
2018-11-15,Ashok Vihar,1.051,117.66666666666667
2018-11-15,Aya Nagar,0.947,68.15375
2018-11-15,Bawana,1.966,58.770833333333336
2018-11-15,Burari Crossing,1.7345,102.80291666666666
2018-11-15,CRRI Mathura Road,1.4005,101.99291666666666
2018-11-15,DTU,1.8025,104.72916666666667
2018-11-15,Dr. Karni Singh Shooting Range,0.94,79.70833333333333
2018-11-15,Dwarka-Sector 8,1.681,99.23958333333333
2018-11-15,IGI Airport (T3),1.018,100.575
2018-11-15,IHBAS,1.3785,77.3495652173913
2018-11-15,ITO,1.332,108.90625
2018-11-15,Jahangirpuri,1.718,130.625
2018-11-15,Jawaharlal Nehru Stadium,1.431,94.14583333333333
2018-11-15,Lodhi Road,1.3705,92.61
2018-11-15,Major Dhyan Chand National Stadium,1.3815,96.73958333333333
2018-11-15,Mandir Marg,1.3685,97.98958333333333
2018-11-15,Mundka,1.73,130.08333333333334
2018-11-15,NSIT Dwarka,1.681,99.58041666666666
2018-11-15,Najafgarh,1.8305,99.91666666666667
2018-11-15,Narela,1.9295,115.14583333333333
2018-11-15,Nehru Nagar,1.408,116.65625
2018-11-15,North Campus,1.638,92.10166666666667
2018-11-15,Okhla Phase-2,1.4,100.83333333333333
2018-11-15,Patparganj,1.326,87.97916666666667
2018-11-15,Punjabi Bagh,1.645,110.95833333333333
2018-11-15,Pusa,0.905,101.14583333333333
2018-11-15,R K Puram,0.988,99.73958333333333
2018-11-15,Rohini,1.8315,117.75
2018-11-15,Shadipur,0.958,58.36333333333334
2018-11-15,Sirifort,1.4695,91.58333333333333
2018-11-15,Sonia Vihar,1.206,116.83333333333333
2018-11-15,Sri Aurobindo Marg,1.008,87.97916666666667
2018-11-15,Vivek Vihar,1.3175,33.5625
2018-11-15,Wazirpur,1.7405,133.375
2018-11-16,Alipur,0.436,146.22916666666666
2018-11-16,Anand Vihar,0.465,146.86458333333334
2018-11-16,Ashok Vihar,0.4595,165.29166666666666
2018-11-16,Aya Nagar,0.433,105.16375
2018-11-16,Bawana,0.459,60.375
2018-11-16,Burari Crossing,0.4845,138.69958333333332
2018-11-16,CRRI Mathura Road,0.4575,142.78958333333333
2018-11-16,DTU,0.4535,185.6315789473684
2018-11-16,Dr. Karni Singh Shooting Range,0.4785,120.69565217391305
2018-11-16,Dwarka-Sector 8,0.5285,156.44791666666666
2018-11-16,IGI Airport (T3),0.457,142.35999999999999
2018-11-16,IHBAS,0.491,90.13833333333334
2018-11-16,ITO,0.4325,131.48958333333334
2018-11-16,Jahangirpuri,0.4625,170.39583333333334
2018-11-16,Jawaharlal Nehru Stadium,0.493,140.64583333333334
2018-11-16,Lodhi Road,0.4475,147.223
2018-11-16,Major Dhyan Chand National Stadium,0.427,126.02083333333333
2018-11-16,Mandir Marg,0.4365,134.32291666666666
2018-11-16,Mundka,0.4445,187.5
2018-11-16,NSIT Dwarka,0.5285,126.28208333333333
2018-11-16,Najafgarh,0.5415,153.10416666666666
2018-11-16,Narela,0.436,148.0
2018-11-16,Nehru Nagar,0.5235,158.64583333333334
2018-11-16,North Campus,0.43,122.02333333333333
2018-11-16,Okhla Phase-2,0.586,145.55208333333334
2018-11-16,Patparganj,0.429,114.07291666666667
2018-11-16,Punjabi Bagh,0.4485,152.94791666666666
2018-11-16,Pusa,0.468,145.27708333333334
2018-11-16,R K Puram,0.5145,147.94791666666666
2018-11-16,Rohini,0.4485,176.04166666666666
2018-11-16,Shadipur,0.4825,100.46260869565216
2018-11-16,Sirifort,0.5655,148.6578947368421
2018-11-16,Sonia Vihar,0.493,145.83333333333334
2018-11-16,Sri Aurobindo Marg,0.5265,145.71875
2018-11-16,Vivek Vihar,0.4905,31.375
2018-11-16,Wazirpur,0.429,179.60416666666666
2018-11-17,Alipur,0.706,166.78125
2018-11-17,Anand Vihar,0.7695,177.60416666666666
2018-11-17,Ashok Vihar,0.7065,168.91666666666666
2018-11-17,Aya Nagar,0.67,97.32916666666667
2018-11-17,Bawana,0.701,59.59375
2018-11-17,Burari Crossing,0.752,163.89374999999998
2018-11-17,CRRI Mathura Road,0.759,140.28291666666667
2018-11-17,DTU,0.77,165.05208333333334
2018-11-17,Dr. Karni Singh Shooting Range,0.736,111.48958333333333
2018-11-17,Dwarka-Sector 8,0.8145,129.02083333333334
2018-11-17,IGI Airport (T3),0.806,106.61
2018-11-17,IHBAS,0.7855,103.0625
2018-11-17,ITO,0.6955,120.0
2018-11-17,Jahangirpuri,0.772,179.5
2018-11-17,Jawaharlal Nehru Stadium,0.7645,129.96875
2018-11-17,Lodhi Road,0.743,116.00578947368422
2018-11-17,Major Dhyan Chand National Stadium,0.746,127.40625
2018-11-17,Mandir Marg,0.699,130.83333333333334
2018-11-17,Mundka,0.859,162.44565217391303
2018-11-17,NSIT Dwarka,0.8145,111.58708333333334
2018-11-17,Najafgarh,0.8625,119.02083333333333
2018-11-17,Narela,0.7305,159.97916666666666
2018-11-17,Nehru Nagar,0.776,162.26041666666666
2018-11-17,North Campus,0.7355,134.81541666666666
2018-11-17,Patparganj,0.7795,125.01041666666667
2018-11-17,Punjabi Bagh,0.7455,149.8421052631579
2018-11-17,Pusa,0.735,139.25979166666667
2018-11-17,R K Puram,0.74,140.1304347826087
2018-11-17,Rohini,0.802,165.47916666666666
2018-11-17,Shadipur,0.724,114.82916666666667
2018-11-17,Sirifort,0.7775,91.65625
2018-11-17,Sonia Vihar,0.7185,154.16666666666666
2018-11-17,Sri Aurobindo Marg,0.766,114.08695652173913
2018-11-17,Vivek Vihar,0.781,42.145833333333336
2018-11-17,Wazirpur,0.709,191.52083333333334
2018-11-18,Alipur,1.3015,218.54166666666666
2018-11-18,Anand Vihar,1.0255,214.23958333333334
2018-11-18,Ashok Vihar,0.926,216.35416666666666
2018-11-18,Aya Nagar,0.7465,99.04291666666667
2018-11-18,Bawana,0.9795,111.04166666666667
2018-11-18,Burari Crossing,0.96,207.445
2018-11-18,CRRI Mathura Road,0.916,185.00875
2018-11-18,DTU,0.899,217.78125
2018-11-18,Dr. Karni Singh Shooting Range,0.7705,105.44791666666667
2018-11-18,Dwarka-Sector 8,0.767,165.70833333333334
2018-11-18,IGI Airport (T3),0.8515,95.22875
2018-11-18,IHBAS,1.082,145.47625
2018-11-18,ITO,0.9245,118.75
2018-11-18,Jahangirpuri,0.913,227.15625
2018-11-18,Jawaharlal Nehru Stadium,0.849,163.47916666666666
2018-11-18,Lodhi Road,0.822,135.14636363636362
2018-11-18,Major Dhyan Chand National Stadium,0.861,151.625
2018-11-18,Mandir Marg,0.8915,144.33333333333334
2018-11-18,Mundka,0.73,195.2826086956522
2018-11-18,NSIT Dwarka,0.767,131.31958333333333
2018-11-18,Najafgarh,0.7305,142.04166666666666
2018-11-18,Narela,1.278,219.91666666666666
2018-11-18,Nehru Nagar,0.8535,198.20652173913044
2018-11-18,North Campus,0.762,170.21291666666667
2018-11-18,Okhla Phase-2,0.682,175.35416666666666
2018-11-18,Patparganj,0.9815,155.46875
2018-11-18,Punjabi Bagh,0.8645,121.525
2018-11-18,Pusa,0.85,140.80958333333334
2018-11-18,R K Puram,0.766,152.33333333333334
2018-11-18,Rohini,0.829,230.75
2018-11-18,Shadipur,0.8425,134.99041666666668
2018-11-18,Sirifort,0.8375,138.0625
2018-11-18,Sonia Vihar,1.1745,226.51041666666666
2018-11-18,Sri Aurobindo Marg,0.7575,122.40625
2018-11-18,Vivek Vihar,1.076,49.791666666666664
2018-11-18,Wazirpur,0.91,257.4791666666667
2018-11-20,Anand Vihar,1.1545,261.3020833333333
2018-11-20,Ashok Vihar,1.2545,267.3541666666667
2018-11-20,Aya Nagar,1.017,152.59375
2018-11-20,Bawana,1.08,297.0
2018-11-20,Burari Crossing,1.235,283.68125000000003
2018-11-20,CRRI Mathura Road,1.1975,209.79958333333332
2018-11-20,DTU,1.05,255.39583333333334
2018-11-20,Dr. Karni Singh Shooting Range,1.0995,166.21875
2018-11-20,Dwarka-Sector 8,1.299,213.53125
2018-11-20,IGI Airport (T3),1.677,121.73958333333333
2018-11-20,IHBAS,1.233,169.41333333333333
2018-11-20,ITO,1.1845,237.40625
2018-11-20,Jahangirpuri,1.262,271.75
2018-11-20,Jawaharlal Nehru Stadium,1.0965,209.44791666666666
2018-11-20,Lodhi Road,1.058,179.65041666666664
2018-11-20,Major Dhyan Chand National Stadium,1.143,202.77083333333334
2018-11-20,Mandir Marg,1.162,216.94791666666666
2018-11-20,Mundka,1.107,292.8958333333333
2018-11-20,NSIT Dwarka,1.299,169.63916666666668
2018-11-20,Najafgarh,1.311,216.54761904761904
2018-11-20,Narela,1.2385,245.83333333333334
2018-11-20,Nehru Nagar,1.123,239.95833333333334
2018-11-20,Okhla Phase-2,1.2335,216.95833333333334
2018-11-20,Patparganj,1.1895,205.27083333333334
2018-11-20,Punjabi Bagh,1.2045,227.125
2018-11-20,Pusa,1.0325,208.13520833333334
2018-11-20,R K Puram,0.9715,212.16666666666666
2018-11-20,Rohini,1.177,286.4791666666667
2018-11-20,Shadipur,1.133,222.79285714285714
2018-11-20,Sirifort,1.083,195.88541666666666
2018-11-20,Sonia Vihar,1.352,261.8958333333333
2018-11-20,Sri Aurobindo Marg,1.0565,179.53125
2018-11-20,Vivek Vihar,1.217,243.125
2018-11-20,Wazirpur,1.28,285.5
2018-11-21,Anand Vihar,0.7515,245.46875
2018-11-21,Ashok Vihar,0.7055,234.35416666666666
2018-11-21,Aya Nagar,0.7625,133.89624999999998
2018-11-21,Bawana,0.5535,257.0833333333333
2018-11-21,Burari Crossing,0.532,252.67130434782612
2018-11-21,CRRI Mathura Road,0.8345,215.3345833333333
2018-11-21,DTU,0.6205,238.16666666666666
2018-11-21,Dr. Karni Singh Shooting Range,0.688,169.96875
2018-11-21,Dwarka-Sector 8,0.8125,213.36458333333334
2018-11-21,IGI Airport (T3),0.7945,113.96499999999999
2018-11-21,IHBAS,0.8205,153.18684210526317
2018-11-21,ITO,0.811,218.89583333333334
2018-11-21,Jahangirpuri,0.6445,235.0
2018-11-21,Jawaharlal Nehru Stadium,0.861,217.65625
2018-11-21,Lodhi Road,0.8835,180.30499999999998
2018-11-21,Major Dhyan Chand National Stadium,0.7985,206.8125
2018-11-21,Mandir Marg,0.8525,192.27272727272728
2018-11-21,Mundka,0.596,271.125
2018-11-21,NSIT Dwarka,0.8125,168.95583333333335
2018-11-21,Najafgarh,0.7625,164.02173913043478
2018-11-21,Narela,0.6225,205.70454545454547
2018-11-21,Nehru Nagar,0.805,251.91666666666666
2018-11-21,North Campus,0.675,196.57181818181817
2018-11-21,Okhla Phase-2,0.7645,209.95833333333334
2018-11-21,Patparganj,0.717,201.875
2018-11-21,Punjabi Bagh,0.7535,212.22916666666666
2018-11-21,Pusa,0.869,201.24042553191487
2018-11-21,R K Puram,0.705,231.16666666666666
2018-11-21,Rohini,0.62,251.04166666666666
2018-11-21,Shadipur,0.905,165.28375
2018-11-21,Sirifort,0.662,191.79166666666666
2018-11-21,Sonia Vihar,0.667,192.4125
2018-11-21,Sri Aurobindo Marg,0.643,180.375
2018-11-21,Vivek Vihar,0.764,211.64583333333334
2018-11-21,Wazirpur,0.653,260.1666666666667
2018-11-22,Anand Vihar,0.618,170.80208333333334
2018-11-22,Aya Nagar,0.791,83.72958333333334
2018-11-22,Bawana,1.183,210.30208333333334
2018-11-22,Burari Crossing,1.1835,166.56958333333333
2018-11-22,DTU,1.2035,164.0625
2018-11-22,Dwarka-Sector 8,1.031,147.5
2018-11-22,IHBAS,1.313,111.9235294117647
2018-11-22,ITO,0.559,118.07608695652173
2018-11-22,Jahangirpuri,1.1865,197.33333333333334
2018-11-22,Mundka,1.185,180.0
2018-11-22,NSIT Dwarka,1.031,129.95458333333332
2018-11-22,Najafgarh,1.314,112.97916666666667
2018-11-22,Narela,1.2515,175.08333333333334
2018-11-22,North Campus,1.1725,132.83
2018-11-22,Patparganj,0.589,114.4375
2018-11-22,Pusa,1.656,119.64895833333333
2018-11-22,Rohini,1.2395,190.82291666666666
2018-11-22,Sonia Vihar,1.0905,150.65625
2018-11-22,Vivek Vihar,0.672,140.9375
2018-11-23,Anand Vihar,0.6765,215.5
2018-11-23,Ashok Vihar,0.617,237.94791666666666
2018-11-23,Aya Nagar,0.7615,138.3886956521739
2018-11-23,Bawana,0.5625,248.38541666666666
2018-11-23,Burari Crossing,0.578,212.5417391304348
2018-11-23,CRRI Mathura Road,0.624,193.83375
2018-11-23,DTU,0.5185,206.1195652173913
2018-11-23,Dr. Karni Singh Shooting Range,0.719,155.41666666666666
2018-11-23,Dwarka-Sector 8,0.695,164.625
2018-11-23,IGI Airport (T3),0.68,159.47791666666666
2018-11-23,IHBAS,0.6565,132.6113043478261
2018-11-23,ITO,0.578,185.88541666666666
2018-11-23,Jahangirpuri,0.572,214.75
2018-11-23,Jawaharlal Nehru Stadium,0.6265,179.45833333333334
2018-11-23,Lodhi Road,0.5875,145.17291666666668
2018-11-23,Major Dhyan Chand National Stadium,0.6065,155.70833333333334
2018-11-23,Mandir Marg,0.593,187.90625
2018-11-23,Mundka,0.588,256.4583333333333
2018-11-23,NSIT Dwarka,0.695,187.21142857142857
2018-11-23,Najafgarh,0.7,144.89583333333334
2018-11-23,Narela,0.4915,175.64583333333334
2018-11-23,Nehru Nagar,0.6265,203.16666666666666
2018-11-23,North Campus,0.59,191.5525
2018-11-23,Okhla Phase-2,0.6525,179.95833333333334
2018-11-23,Patparganj,0.6775,173.34375
2018-11-23,Punjabi Bagh,0.6325,212.90625
2018-11-23,Pusa,0.586,188.37833333333333
2018-11-23,R K Puram,0.586,170.90625
2018-11-23,Rohini,0.584,240.23958333333334
2018-11-23,Shadipur,0.61,152.92608695652174
2018-11-23,Sirifort,0.623,150.80434782608697
2018-11-23,Sonia Vihar,0.6025,202.125
2018-11-23,Sri Aurobindo Marg,0.5995,152.90625
2018-11-23,Vivek Vihar,0.6225,180.52083333333334
2018-11-23,Wazirpur,0.5975,236.72916666666666
2018-11-24,Alipur,0.427,86.525
2018-11-24,Anand Vihar,0.4225,122.875
2018-11-24,Ashok Vihar,0.441,120.42708333333333
2018-11-24,Aya Nagar,0.3125,64.82083333333334
2018-11-24,Bawana,0.471,152.8125
2018-11-24,Burari Crossing,0.4785,111.91291666666666
2018-11-24,CRRI Mathura Road,0.381,107.44583333333333
2018-11-24,DTU,0.472,127.34375
2018-11-24,Dr. Karni Singh Shooting Range,0.31,91.0
2018-11-24,Dwarka-Sector 8,0.356,106.25
2018-11-24,IGI Airport (T3),0.327,92.94083333333333
2018-11-24,IHBAS,0.4735,85.4491304347826
2018-11-24,ITO,0.3885,101.6875
2018-11-24,Jahangirpuri,0.4865,121.83333333333333
2018-11-24,Jawaharlal Nehru Stadium,0.379,101.13541666666667
2018-11-24,Lodhi Road,0.3635,89.69833333333334
2018-11-24,Major Dhyan Chand National Stadium,0.3805,92.34375
2018-11-24,Mandir Marg,0.3965,101.32291666666667
2018-11-24,Mundka,0.4875,141.875
2018-11-24,NSIT Dwarka,0.356,112.33291666666666
2018-11-24,Najafgarh,0.399,100.77083333333333
2018-11-24,Narela,0.4015,102.02083333333333
2018-11-24,Nehru Nagar,0.359,116.94791666666667
2018-11-24,North Campus,0.461,101.30291666666666
2018-11-24,Okhla Phase-2,0.311,96.0625
2018-11-24,Patparganj,0.437,90.05208333333333
2018-11-24,Punjabi Bagh,0.45,109.5625
2018-11-24,Pusa,0.351,115.46145833333333
2018-11-24,R K Puram,0.3335,107.625
2018-11-24,Rohini,0.4805,128.70833333333334
2018-11-24,Shadipur,0.3705,88.59208333333333
2018-11-24,Sirifort,0.3335,89.95833333333333
2018-11-24,Sonia Vihar,0.5205,114.75
2018-11-24,Sri Aurobindo Marg,0.303,92.63541666666667
2018-11-24,Vivek Vihar,0.4685,123.75
2018-11-24,Wazirpur,0.4605,139.125
2018-11-25,Alipur,0.5865,149.95833333333334
2018-11-25,Anand Vihar,0.585,188.61458333333334
2018-11-25,Ashok Vihar,0.565,157.70833333333334
2018-11-25,Aya Nagar,0.384,78.95666666666666
2018-11-25,Bawana,0.519,177.53125
2018-11-25,Burari Crossing,0.5975,182.85
2018-11-25,CRRI Mathura Road,0.503,133.32291666666666
2018-11-25,DTU,0.563,167.78125
2018-11-25,Dr. Karni Singh Shooting Range,0.3825,104.83333333333333
2018-11-25,Dwarka-Sector 8,0.4335,115.70833333333333
2018-11-25,IGI Airport (T3),0.4525,107.10916666666667
2018-11-25,IHBAS,0.595,104.69083333333333
2018-11-25,ITO,0.5265,132.14583333333334
2018-11-25,Jahangirpuri,0.563,187.20833333333334
2018-11-25,Jawaharlal Nehru Stadium,0.4735,119.98958333333333
2018-11-25,Lodhi Road,0.4765,97.29958333333333
2018-11-25,Major Dhyan Chand National Stadium,0.496,109.23958333333333
2018-11-25,Mandir Marg,0.516,119.42708333333333
2018-11-25,Mundka,0.558,172.14583333333334
2018-11-25,NSIT Dwarka,0.4335,100.335
2018-11-25,Najafgarh,0.509,101.45833333333333
2018-11-25,Narela,0.5795,153.8125
2018-11-25,Nehru Nagar,0.452,146.6875
2018-11-25,North Campus,0.58,114.79124999999999
2018-11-25,Okhla Phase-2,0.471,112.75
2018-11-25,Patparganj,0.5835,122.27083333333333
2018-11-25,Punjabi Bagh,0.5435,143.29166666666666
2018-11-25,Pusa,0.503,118.751875
2018-11-25,R K Puram,0.4325,119.09375
2018-11-25,Rohini,0.5815,189.625
2018-11-25,Shadipur,0.542,114.77041666666666
2018-11-25,Sirifort,0.4675,96.33333333333333
2018-11-25,Sonia Vihar,0.662,152.5
2018-11-25,Sri Aurobindo Marg,0.4155,91.83333333333333
2018-11-25,Vivek Vihar,0.5905,158.89583333333334
2018-11-25,Wazirpur,0.534,181.39583333333334
2018-11-26,Alipur,0.6195,182.33333333333334
2018-11-26,Anand Vihar,0.724,255.03125
2018-11-26,Ashok Vihar,0.7935,251.53125
2018-11-26,Aya Nagar,0.677,125.29291666666667
2018-11-26,Bawana,0.612,246.51041666666666
2018-11-26,Burari Crossing,0.684,220.89636363636365
2018-11-26,CRRI Mathura Road,0.725,212.40583333333333
2018-11-26,DTU,0.5865,219.20833333333334
2018-11-26,Dr. Karni Singh Shooting Range,0.736,166.58333333333334
2018-11-26,Dwarka-Sector 8,0.737,200.26041666666666
2018-11-26,IGI Airport (T3),0.718,175.21875
2018-11-26,IHBAS,0.696,125.06833333333333
2018-11-26,ITO,0.847,212.36458333333334
2018-11-26,Jahangirpuri,0.6685,227.02083333333334
2018-11-26,Jawaharlal Nehru Stadium,0.8145,202.39583333333334
2018-11-26,Lodhi Road,0.802,159.50208333333333
2018-11-26,Major Dhyan Chand National Stadium,0.8005,185.08333333333334
2018-11-26,Mandir Marg,0.854,202.07291666666666
2018-11-26,Mundka,0.7055,300.2083333333333
2018-11-26,NSIT Dwarka,0.737,133.52333333333334
2018-11-26,Najafgarh,0.8455,145.26041666666666
2018-11-26,Narela,0.529,177.08333333333334
2018-11-26,Nehru Nagar,0.7135,246.07291666666666
2018-11-26,North Campus,0.7105,163.46875
2018-11-26,Okhla Phase-2,0.7005,189.6875
2018-11-26,Patparganj,0.6965,189.73958333333334
2018-11-26,Punjabi Bagh,0.793,221.03125
2018-11-26,Pusa,0.765,195.20166666666668
2018-11-26,R K Puram,0.731,218.07291666666666
2018-11-26,Rohini,0.7045,252.0625
2018-11-26,Shadipur,0.787,203.40687499999999
2018-11-26,Sirifort,0.68,165.83333333333334
2018-11-26,Sonia Vihar,0.582,194.625
2018-11-26,Sri Aurobindo Marg,0.7205,164.57291666666666
2018-11-26,Vivek Vihar,0.71,194.8125
2018-11-26,Wazirpur,0.663,281.0416666666667
2018-11-27,Alipur,1.125,237.8181818181818
2018-11-27,Anand Vihar,0.8955,261.5104166666667
2018-11-27,Ashok Vihar,1.006,256.5416666666667
2018-11-27,Aya Nagar,0.673,111.68666666666667
2018-11-27,Bawana,1.174,294.03409090909093
2018-11-27,Burari Crossing,0.9515,220.2695238095238
2018-11-27,CRRI Mathura Road,1.0135,238.09652173913045
2018-11-27,DTU,0.8665,215.225
2018-11-27,Dr. Karni Singh Shooting Range,0.855,154.86458333333334
2018-11-27,Dwarka-Sector 8,0.957,192.94565217391303
2018-11-27,IGI Airport (T3),0.973,155.35166666666666
2018-11-27,IHBAS,0.9725,175.28363636363636
2018-11-27,ITO,1.028,194.92708333333334
2018-11-27,Jahangirpuri,0.9065,260.75
2018-11-27,Jawaharlal Nehru Stadium,0.977,190.97916666666666
2018-11-27,Lodhi Road,1.0275,146.415
2018-11-27,Major Dhyan Chand National Stadium,1.034,171.08695652173913
2018-11-27,Mandir Marg,1.028,146.8125
2018-11-27,NSIT Dwarka,0.957,107.05916666666667
2018-11-27,Najafgarh,1.023,153.14583333333334
2018-11-27,Narela,1.1525,227.05263157894737
2018-11-27,Nehru Nagar,0.935,248.57291666666666
2018-11-27,North Campus,0.8575,166.94041666666666
2018-11-27,Okhla Phase-2,0.791,206.11363636363637
2018-11-27,Patparganj,0.915,181.38541666666666
2018-11-27,Punjabi Bagh,0.98,192.80208333333334
2018-11-27,Pusa,0.9055,137.89374999999998
2018-11-27,R K Puram,1.0115,193.34375
2018-11-27,Rohini,0.892,227.2
2018-11-27,Shadipur,0.923,134.69941176470587
2018-11-27,Sirifort,0.91,173.57291666666666
2018-11-27,Sonia Vihar,1.018,215.5
2018-11-27,Sri Aurobindo Marg,0.947,140.83333333333334
2018-11-27,Vivek Vihar,0.9345,222.29761904761904
2018-11-27,Wazirpur,0.912,290.7916666666667
2018-11-28,Alipur,1.007,230.45833333333334
2018-11-28,Anand Vihar,0.932,234.23958333333334
2018-11-28,Ashok Vihar,0.7765,241.08333333333334
2018-11-28,Aya Nagar,0.8985,111.64
2018-11-28,Bawana,0.799,190.73958333333334
2018-11-28,Burari Crossing,1.708,227.78555555555556
2018-11-28,CRRI Mathura Road,0.8265,218.92875
2018-11-28,DTU,0.862,217.82291666666666
2018-11-28,Dr. Karni Singh Shooting Range,0.9235,154.04166666666666
2018-11-28,Dwarka-Sector 8,0.834,154.13541666666666
2018-11-28,IGI Airport (T3),0.8835,141.20250000000001
2018-11-28,IHBAS,1.346,169.91375
2018-11-28,ITO,0.881,212.3181818181818
2018-11-28,Jahangirpuri,1.028,242.97826086956522
2018-11-28,Jawaharlal Nehru Stadium,0.9395,189.69791666666666
2018-11-28,Lodhi Road,0.9605,149.55958333333334
2018-11-28,Major Dhyan Chand National Stadium,0.844,187.05208333333334
2018-11-28,Mandir Marg,0.9645,163.83333333333334
2018-11-28,Mundka,0.818,253.28125
2018-11-28,NSIT Dwarka,0.834,95.83291666666668
2018-11-28,Najafgarh,1.094,149.25
2018-11-28,Narela,1.1125,232.64583333333334
2018-11-28,Nehru Nagar,0.89,245.04166666666666
2018-11-28,North Campus,0.9985,160.27666666666667
2018-11-28,Okhla Phase-2,0.8485,201.71875
2018-11-28,Patparganj,1.0765,163.85416666666666
2018-11-28,Punjabi Bagh,0.9165,180.71875
2018-11-28,Pusa,0.8645,156.9185
2018-11-28,R K Puram,0.9815,192.03125
2018-11-28,Rohini,1.1275,229.25
2018-11-28,Shadipur,0.847,118.21909090909092
2018-11-28,Sirifort,0.8295,163.2840909090909
2018-11-28,Sri Aurobindo Marg,0.8715,137.1875
2018-11-28,Vivek Vihar,1.346,216.1818181818182
2018-11-28,Wazirpur,0.794,254.41666666666666
2018-11-29,Alipur,1.3855,224.2391304347826
2018-11-29,Anand Vihar,1.473,264.85714285714283
2018-11-29,Ashok Vihar,1.376,262.64285714285717
2018-11-29,Aya Nagar,1.1505,110.3575
2018-11-29,Bawana,1.363,188.86458333333334
2018-11-29,Burari Crossing,1.473,244.6158333333333
2018-11-29,CRRI Mathura Road,1.477,207.74249999999998
2018-11-29,DTU,1.565,252.56521739130434
2018-11-29,Dr. Karni Singh Shooting Range,1.195,143.64583333333334
2018-11-29,Dwarka-Sector 8,1.386,201.125
2018-11-29,IGI Airport (T3),1.452,168.42708333333334
2018-11-29,IHBAS,1.492,174.37166666666667
2018-11-29,ITO,1.543,222.89583333333334
2018-11-29,Jahangirpuri,1.421,242.8125
2018-11-29,Jawaharlal Nehru Stadium,1.482,189.58333333333334
2018-11-29,Lodhi Road,1.417,153.14874999999998
2018-11-29,Major Dhyan Chand National Stadium,1.4435,180.92708333333334
2018-11-29,Mandir Marg,1.5305,191.60416666666666
2018-11-29,Mundka,1.406,278.1818181818182
2018-11-29,NSIT Dwarka,1.386,132.33291666666665
2018-11-29,Najafgarh,1.313,156.22916666666666
2018-11-29,Narela,1.2595,225.86458333333334
2018-11-29,Nehru Nagar,1.48,230.15625
2018-11-29,North Campus,1.385,172.5675
2018-11-29,Okhla Phase-2,1.312,183.14583333333334
2018-11-29,Patparganj,1.501,201.19791666666666
2018-11-29,Punjabi Bagh,1.514,235.51041666666666
2018-11-29,Pusa,1.356,173.27083333333334
2018-11-29,R K Puram,1.368,185.15625
2018-11-29,Rohini,1.605,284.4166666666667
2018-11-29,Shadipur,1.396,159.01874999999998
2018-11-29,Sirifort,1.367,164.6413043478261
2018-11-29,Sonia Vihar,1.4685,206.91666666666666
2018-11-29,Sri Aurobindo Marg,1.319,158.58333333333334
2018-11-29,Vivek Vihar,1.5965,168.19736842105263
2018-11-29,Wazirpur,1.319,294.7916666666667
2018-11-30,Alipur,0.61,205.27083333333334
2018-11-30,Anand Vihar,0.635,242.65625
2018-11-30,Ashok Vihar,0.6715,230.54166666666666
2018-11-30,Aya Nagar,0.527,100.83291666666666
2018-11-30,Bawana,0.6165,236.82291666666666
2018-11-30,Burari Crossing,0.6525,213.93416666666667
2018-11-30,CRRI Mathura Road,0.594,188.39391304347828
2018-11-30,DTU,0.706,229.3804347826087
2018-11-30,Dr. Karni Singh Shooting Range,0.5515,150.36458333333334
2018-11-30,Dwarka-Sector 8,0.618,185.11458333333334
2018-11-30,IGI Airport (T3),0.6055,162.83208333333332
2018-11-30,IHBAS,0.658,131.82708333333332
2018-11-30,ITO,0.6455,228.1195652173913
2018-11-30,Jahangirpuri,0.6315,223.9375
2018-11-30,Jawaharlal Nehru Stadium,0.5885,189.60416666666666
2018-11-30,Lodhi Road,0.5755,145.80291666666668
2018-11-30,Major Dhyan Chand National Stadium,0.618,176.0
2018-11-30,Mandir Marg,0.618,198.69791666666666
2018-11-30,Mundka,0.6645,254.86458333333334
2018-11-30,NSIT Dwarka,0.618,105.51666666666667
2018-11-30,Najafgarh,0.6535,161.38541666666666
2018-11-30,Narela,0.6215,201.36458333333334
2018-11-30,Nehru Nagar,0.5475,236.03125
2018-11-30,North Campus,0.652,155.89875
2018-11-30,Okhla Phase-2,0.5535,176.75
2018-11-30,Patparganj,0.643,197.28125
2018-11-30,Punjabi Bagh,0.6605,215.52083333333334
2018-11-30,Pusa,0.589,176.35416666666666
2018-11-30,R K Puram,0.5515,187.02083333333334
2018-11-30,Rohini,0.695,258.4583333333333
2018-11-30,Shadipur,0.609,206.46541666666667
2018-11-30,Sirifort,0.5555,157.92708333333334
2018-11-30,Sonia Vihar,0.596,213.33333333333334
2018-11-30,Sri Aurobindo Marg,0.56,162.39583333333334
2018-11-30,Vivek Vihar,0.6415,56.0
2018-11-30,Wazirpur,0.631,240.86458333333334
2018-12-01,Alipur,0.464,153.375
2018-12-01,Anand Vihar,0.5975,180.16666666666666
2018-12-01,Ashok Vihar,0.5435,189.19565217391303
2018-12-01,Aya Nagar,0.4485,83.64347826086956
2018-12-01,Bawana,0.443,202.34375
2018-12-01,Burari Crossing,0.5185,176.95083333333332
2018-12-01,CRRI Mathura Road,0.531,153.79208333333335
2018-12-01,DTU,0.4895,160.40625
2018-12-01,Dr. Karni Singh Shooting Range,0.512,108.89583333333333
2018-12-01,Dwarka-Sector 8,0.5285,152.66666666666666
2018-12-01,IGI Airport (T3),0.5705,136.86263157894737
2018-12-01,IHBAS,0.61,101.29708333333333
2018-12-01,ITO,0.5685,151.84375
2018-12-01,Jahangirpuri,0.527,195.16666666666666
2018-12-01,Jawaharlal Nehru Stadium,0.691,161.3125
2018-12-01,Lodhi Road,0.609,128.5755
2018-12-01,Major Dhyan Chand National Stadium,0.5765,136.96875
2018-12-01,Mandir Marg,0.599,134.95833333333334
2018-12-01,Mundka,0.527,209.15625
2018-12-01,NSIT Dwarka,0.5285,79.87291666666667
2018-12-01,Najafgarh,0.5095,120.77083333333333
2018-12-01,Narela,0.451,144.95833333333334
2018-12-01,Nehru Nagar,0.5775,176.5
2018-12-01,North Campus,0.534,117.88583333333334
2018-12-01,Okhla Phase-2,0.5105,144.3125
2018-12-01,Patparganj,0.6035,135.875
2018-12-01,Punjabi Bagh,0.5265,159.45833333333334
2018-12-01,Pusa,0.5315,146.52083333333334
2018-12-01,R K Puram,0.574,170.78125
2018-12-01,Rohini,0.512,187.04166666666666
2018-12-01,Shadipur,0.5315,148.26583333333335
2018-12-01,Sirifort,0.58,120.17708333333333
2018-12-01,Sonia Vihar,0.5005,165.79166666666666
2018-12-01,Sri Aurobindo Marg,0.568,130.25
2018-12-01,Vivek Vihar,0.6175,36.833333333333336
2018-12-01,Wazirpur,0.5105,199.1875
2018-12-02,Alipur,0.628,179.60416666666666
2018-12-02,Anand Vihar,0.755,256.625
2018-12-02,Ashok Vihar,0.722,221.5625
2018-12-02,Aya Nagar,0.4675,69.57625
2018-12-02,Bawana,0.553,181.66666666666666
2018-12-02,Burari Crossing,0.685,218.6557142857143
2018-12-02,CRRI Mathura Road,0.5425,207.71958333333336
2018-12-02,DTU,0.638,164.34375
2018-12-02,Dr. Karni Singh Shooting Range,0.5,111.04166666666667
2018-12-02,Dwarka-Sector 8,0.5335,192.57291666666666
2018-12-02,IGI Airport (T3),0.528,147.77208333333334
2018-12-02,IHBAS,0.8445,152.93
2018-12-02,ITO,0.5935,162.60416666666666
2018-12-02,Jahangirpuri,0.6405,244.34782608695653
2018-12-02,Jawaharlal Nehru Stadium,0.5765,158.32291666666666
2018-12-02,Lodhi Road,0.543,111.71958333333333
2018-12-02,Major Dhyan Chand National Stadium,0.5455,124.72916666666667
2018-12-02,Mandir Marg,0.6245,124.14583333333333
2018-12-02,Mundka,0.6265,194.64583333333334
2018-12-02,NSIT Dwarka,0.5335,74.73458333333333
2018-12-02,Najafgarh,0.579,109.3125
2018-12-02,Narela,0.6055,168.89583333333334
2018-12-02,Nehru Nagar,0.6015,214.77083333333334
2018-12-02,North Campus,0.6315,134.89041666666665
2018-12-02,Okhla Phase-2,0.709,161.27083333333334
2018-12-02,Patparganj,0.6485,167.6818181818182
2018-12-02,Punjabi Bagh,0.643,176.22916666666666
2018-12-02,Pusa,0.571,121.67708333333333
2018-12-02,R K Puram,0.541,185.90625
2018-12-02,Rohini,0.6505,208.41666666666666
2018-12-02,Shadipur,0.616,152.545
2018-12-02,Sirifort,0.4905,119.63541666666667
2018-12-02,Sonia Vihar,0.8235,207.8695652173913
2018-12-02,Sri Aurobindo Marg,0.5105,104.80208333333333
2018-12-02,Vivek Vihar,0.7805,46.479166666666664
2018-12-02,Wazirpur,0.6445,248.47916666666666
2018-12-03,Alipur,0.77,206.33333333333334
2018-12-03,Anand Vihar,0.8045,195.3421052631579
2018-12-03,Ashok Vihar,0.883,250.0625
2018-12-03,Aya Nagar,0.6435,91.06875000000001
2018-12-03,Bawana,0.8055,141.05208333333334
2018-12-03,Burari Crossing,0.828,191.93619047619046
2018-12-03,CRRI Mathura Road,0.783,235.50750000000002
2018-12-03,DTU,0.7815,233.20238095238096
2018-12-03,Dr. Karni Singh Shooting Range,0.6315,130.3125
2018-12-03,Dwarka-Sector 8,0.616,121.6875
2018-12-03,IGI Airport (T3),0.655,158.29
2018-12-03,IHBAS,0.842,126.365625
2018-12-03,ITO,0.7635,176.42708333333334
2018-12-03,Jahangirpuri,0.8245,247.0
2018-12-03,Jawaharlal Nehru Stadium,0.7615,189.28125
2018-12-03,Lodhi Road,0.688,146.82333333333335
2018-12-03,Major Dhyan Chand National Stadium,0.789,141.84375
2018-12-03,Mandir Marg,0.796,160.90625
2018-12-03,Mundka,0.846,226.52083333333334
2018-12-03,NSIT Dwarka,0.616,84.88666666666667
2018-12-03,Najafgarh,0.6855,133.875
2018-12-03,Narela,0.717,186.4375
2018-12-03,Nehru Nagar,0.831,229.57291666666666
2018-12-03,North Campus,0.905,141.32083333333333
2018-12-03,Okhla Phase-2,0.8005,182.35416666666666
2018-12-03,Patparganj,0.6735,164.875
2018-12-03,Punjabi Bagh,0.852,193.40625
2018-12-03,Pusa,0.742,146.15486486486486
2018-12-03,R K Puram,0.6805,200.95652173913044
2018-12-03,Rohini,0.9645,248.27083333333334
2018-12-03,Shadipur,0.782,195.11478260869566
2018-12-03,Sirifort,0.8195,139.23958333333334
2018-12-03,Sonia Vihar,0.7535,170.83333333333334
2018-12-03,Sri Aurobindo Marg,0.6285,130.08333333333334
2018-12-03,Vivek Vihar,0.853,49.75
2018-12-03,Wazirpur,0.8375,264.1458333333333
2018-12-04,Alipur,0.929,245.30208333333334
2018-12-04,Anand Vihar,0.843,293.7738095238095
2018-12-04,Ashok Vihar,0.506,286.2291666666667
2018-12-04,Aya Nagar,0.635,103.89875
2018-12-04,Bawana,0.861,140.52083333333334
2018-12-04,Burari Crossing,0.679,243.93473684210528
2018-12-04,DTU,0.632,242.38888888888889
2018-12-04,Dr. Karni Singh Shooting Range,0.577,162.90625
2018-12-04,IHBAS,0.908,192.1704761904762
2018-12-04,ITO,0.69,209.30208333333334
2018-12-04,Jahangirpuri,0.645,320.6
2018-12-04,Mandir Marg,0.708,182.28125
2018-12-04,Mundka,0.521,270.1904761904762
2018-12-04,Najafgarh,0.563,143.6413043478261
2018-12-04,Narela,0.847,208.91304347826087
2018-12-04,North Campus,0.479,181.1975
2018-12-04,Okhla Phase-2,0.619,212.77083333333334
2018-12-04,Patparganj,0.741,219.71875
2018-12-04,Punjabi Bagh,0.541,298.1
2018-12-04,Pusa,0.69,168.32583333333335
2018-12-04,Rohini,0.6,269.15909090909093
2018-12-04,Shadipur,0.655,199.59291666666664
2018-12-04,Sonia Vihar,0.83,214.20833333333334
2018-12-04,Sri Aurobindo Marg,0.627,150.57291666666666
2018-12-04,Vivek Vihar,0.772,58.916666666666664
2018-12-04,Wazirpur,0.491,278.1190476190476
2018-12-05,Anand Vihar,0.6525,253.28125
2018-12-05,Ashok Vihar,0.6325,225.97916666666666
2018-12-05,Aya Nagar,0.6285,103.69625
2018-12-05,Bawana,0.821,127.75
2018-12-05,Burari Crossing,0.713,198.88454545454545
2018-12-05,CRRI Mathura Road,0.554,209.0683333333333
2018-12-05,Dr. Karni Singh Shooting Range,0.616,147.47916666666666
2018-12-05,IGI Airport (T3),0.584,147.48083333333332
2018-12-05,IHBAS,0.706,138.48708333333335
2018-12-05,ITO,0.7085,183.14583333333334
2018-12-05,Jahangirpuri,0.659,266.82608695652175
2018-12-05,Jawaharlal Nehru Stadium,0.5485,180.75
2018-12-05,Lodhi Road,0.547,133.98208333333335
2018-12-05,Major Dhyan Chand National Stadium,0.562,141.66666666666666
2018-12-05,Mandir Marg,0.595,181.47619047619048
2018-12-05,Mundka,0.586,237.13636363636363
2018-12-05,Najafgarh,0.591,141.17708333333334
2018-12-05,Nehru Nagar,0.588,230.78125
2018-12-05,North Campus,0.673,151.02291666666667
2018-12-05,Okhla Phase-2,0.517,179.29166666666666
2018-12-05,Patparganj,0.597,176.03125
2018-12-05,Punjabi Bagh,0.615,207.96875
2018-12-05,Pusa,0.651,156.16979166666667
2018-12-05,R K Puram,0.593,170.60714285714286
2018-12-05,Rohini,0.658,234.5625
2018-12-05,Shadipur,0.727,203.9908333333333
2018-12-05,Sirifort,0.5025,141.60227272727272
2018-12-05,Sonia Vihar,0.56,202.47916666666666
2018-12-05,Sri Aurobindo Marg,0.539,132.0
2018-12-05,Vivek Vihar,0.735,82.875
2018-12-05,Wazirpur,0.6615,222.75
2018-12-06,Alipur,0.756,228.89583333333334
2018-12-06,Ashok Vihar,1.477,275.32608695652175
2018-12-06,Aya Nagar,0.8605,116.93333333333334
2018-12-06,Burari Crossing,1.067,236.36950000000002
2018-12-06,CRRI Mathura Road,1.1985,267.5366666666667
2018-12-06,Dr. Karni Singh Shooting Range,0.8105,191.82291666666666
2018-12-06,Dwarka-Sector 8,0.7995,230.27173913043478
2018-12-06,IGI Airport (T3),0.8195,188.99695652173915
2018-12-06,ITO,1.07,222.75
2018-12-06,Jawaharlal Nehru Stadium,1.148,224.04166666666666
2018-12-06,Lodhi Road,1.147,158.448125
2018-12-06,Major Dhyan Chand National Stadium,1.009,152.36458333333334
2018-12-06,Mandir Marg,1.034,129.82142857142858
2018-12-06,Mundka,1.231,276.04761904761904
2018-12-06,NSIT Dwarka,0.7995,95.53833333333334
2018-12-06,Najafgarh,0.88,156.9375
2018-12-06,Narela,0.8,210.20833333333334
2018-12-06,Nehru Nagar,1.0305,293.54761904761904
2018-12-06,Okhla Phase-2,0.928,243.08695652173913
2018-12-06,Patparganj,1.216,220.26041666666666
2018-12-06,Pusa,0.939,171.01916666666668
2018-12-06,R K Puram,0.9035,226.33333333333334
2018-12-06,Shadipur,1.0465,205.21217391304347
2018-12-06,Sirifort,1.0365,172.625
2018-12-06,Sonia Vihar,0.948,182.91666666666666
2018-12-06,Sri Aurobindo Marg,0.961,160.92708333333334
2018-12-07,Alipur,0.75,191.86458333333334
2018-12-07,Anand Vihar,0.7465,246.90625
2018-12-07,Ashok Vihar,0.878,238.5625
2018-12-07,Aya Nagar,0.841,123.51708333333333
2018-12-07,Bawana,0.823,106.79166666666667
2018-12-07,Burari Crossing,0.824,214.38304347826084
2018-12-07,CRRI Mathura Road,0.843,226.93166666666664
2018-12-07,DTU,0.919,225.25
2018-12-07,Dr. Karni Singh Shooting Range,0.6925,169.25
2018-12-07,Dwarka-Sector 8,0.844,218.375
2018-12-07,IGI Airport (T3),0.878,185.33041666666668
2018-12-07,IHBAS,0.781,135.39521739130436
2018-12-07,ITO,0.802,213.38541666666666
2018-12-07,Jahangirpuri,0.84,278.125
2018-12-07,Jawaharlal Nehru Stadium,0.799,204.1875
2018-12-07,Lodhi Road,0.8095,148.80458333333334
2018-12-07,Major Dhyan Chand National Stadium,0.8175,146.92708333333334
2018-12-07,Mandir Marg,0.8565,179.57291666666666
2018-12-07,Mundka,0.8735,246.47916666666666
2018-12-07,NSIT Dwarka,0.844,88.42458333333333
2018-12-07,Najafgarh,0.928,170.83333333333334
2018-12-07,Narela,0.6445,179.8125
2018-12-07,Nehru Nagar,0.848,255.5681818181818
2018-12-07,North Campus,0.842,157.76458333333332
2018-12-07,Okhla Phase-2,0.88,204.54166666666666
2018-12-07,Patparganj,0.9075,197.85416666666666
2018-12-07,Punjabi Bagh,0.8655,197.09375
2018-12-07,Pusa,0.805,177.285
2018-12-07,R K Puram,0.844,226.67708333333334
2018-12-07,Rohini,0.881,253.33333333333334
2018-12-07,Shadipur,0.794,155.03958333333333
2018-12-07,Sirifort,0.922,168.27083333333334
2018-12-07,Sonia Vihar,0.7235,211.03125
2018-12-07,Sri Aurobindo Marg,0.774,158.30208333333334
2018-12-07,Vivek Vihar,0.771,199.83333333333334
2018-12-07,Wazirpur,0.8485,255.09375
2018-12-08,Alipur,0.816,212.30434782608697
2018-12-08,Anand Vihar,0.8475,257.5729166666667
2018-12-08,Ashok Vihar,0.8575,256.5833333333333
2018-12-08,Aya Nagar,0.737,124.04666666666667
2018-12-08,Bawana,0.736,118.58333333333333
2018-12-08,Burari Crossing,0.9245,219.61608695652174
2018-12-08,CRRI Mathura Road,0.808,260.3804166666667
2018-12-08,DTU,0.803,171.77083333333334
2018-12-08,Dr. Karni Singh Shooting Range,0.784,161.0
2018-12-08,Dwarka-Sector 8,0.6645,219.56521739130434
2018-12-08,IGI Airport (T3),0.699,186.33083333333335
2018-12-08,IHBAS,0.885,144.5563157894737
2018-12-08,ITO,0.869,220.19791666666666
2018-12-08,Jahangirpuri,0.866,266.8333333333333
2018-12-08,Jawaharlal Nehru Stadium,0.7355,225.28125
2018-12-08,Lodhi Road,0.755,157.41125
2018-12-08,Major Dhyan Chand National Stadium,0.7885,149.85416666666666
2018-12-08,Mandir Marg,0.745,178.77083333333334
2018-12-08,Mundka,0.8285,239.45833333333334
2018-12-08,NSIT Dwarka,0.6645,97.78666666666668
2018-12-08,Najafgarh,0.755,164.1875
2018-12-08,Narela,0.7245,206.3125
2018-12-08,Nehru Nagar,0.7025,258.5568181818182
2018-12-08,North Campus,0.761,168.72625
2018-12-08,Okhla Phase-2,0.6705,216.10416666666666
2018-12-08,Patparganj,0.8515,216.6195652173913
2018-12-08,Punjabi Bagh,0.809,229.60416666666666
2018-12-08,Pusa,0.646,189.59166666666667
2018-12-08,R K Puram,0.681,213.41176470588235
2018-12-08,Rohini,0.7855,247.375
2018-12-08,Shadipur,0.7155,219.87846153846155
2018-12-08,Sirifort,0.6655,163.29166666666666
2018-12-08,Sonia Vihar,0.846,235.14583333333334
2018-12-08,Sri Aurobindo Marg,0.683,154.96875
2018-12-08,Vivek Vihar,0.911,210.5
2018-12-08,Wazirpur,0.7585,263.90625
2018-12-09,Alipur,0.762,216.125
2018-12-09,Anand Vihar,0.952,299.1770833333333
2018-12-09,Ashok Vihar,0.866,251.85416666666666
2018-12-09,Aya Nagar,0.797,148.09375
2018-12-09,Bawana,0.68,131.27083333333334
2018-12-09,Burari Crossing,0.8055,214.7563157894737
2018-12-09,CRRI Mathura Road,0.7685,270.4352631578948
2018-12-09,DTU,0.8395,190.2826086956522
2018-12-09,Dr. Karni Singh Shooting Range,0.6975,201.25
2018-12-09,Dwarka-Sector 8,0.6225,248.01041666666666
2018-12-09,IGI Airport (T3),0.6285,189.95375
2018-12-09,IHBAS,0.97,200.16958333333332
2018-12-09,ITO,0.762,244.72826086956522
2018-12-09,Jahangirpuri,0.854,283.8695652173913
2018-12-09,Jawaharlal Nehru Stadium,0.759,250.10227272727272
2018-12-09,Lodhi Road,0.7395,174.52916666666667
2018-12-09,Major Dhyan Chand National Stadium,0.7345,153.88541666666666
2018-12-09,Mandir Marg,0.748,197.95833333333334
2018-12-09,Mundka,0.7805,258.0416666666667
2018-12-09,NSIT Dwarka,0.6225,114.96666666666665
2018-12-09,Najafgarh,0.608,182.65625
2018-12-09,Narela,0.7825,234.40217391304347
2018-12-09,Nehru Nagar,0.7145,307.69736842105266
2018-12-09,North Campus,0.788,158.86666666666667
2018-12-09,Okhla Phase-2,0.7135,229.0681818181818
2018-12-09,Patparganj,0.7765,230.46428571428572
2018-12-09,Punjabi Bagh,0.7915,241.40625
2018-12-09,Pusa,0.71,177.20041666666668
2018-12-09,R K Puram,0.671,256.70454545454544
2018-12-09,Rohini,0.849,284.8095238095238
2018-12-09,Shadipur,0.766,196.89125
2018-12-09,Sirifort,0.708,200.0
2018-12-09,Sonia Vihar,0.7895,216.71875
2018-12-09,Sri Aurobindo Marg,0.725,198.08333333333334
2018-12-09,Vivek Vihar,0.9505,265.9673913043478
2018-12-09,Wazirpur,0.793,268.5
2018-12-10,Alipur,1.748,252.80434782608697
2018-12-10,Anand Vihar,1.5235,330.9021739130435
2018-12-10,Ashok Vihar,1.496,335.20454545454544
2018-12-10,Aya Nagar,1.6195,173.41625
2018-12-10,Bawana,1.707,227.82291666666666
2018-12-10,Burari Crossing,1.624,282.772
2018-12-10,CRRI Mathura Road,1.581,267.74
2018-12-10,DTU,1.729,233.63636363636363
2018-12-10,Dr. Karni Singh Shooting Range,1.582,237.33333333333334
2018-12-10,Dwarka-Sector 8,1.629,259.0729166666667
2018-12-10,IGI Airport (T3),1.61,221.70416666666665
2018-12-10,IHBAS,1.539,223.65
2018-12-10,ITO,1.549,274.2708333333333
2018-12-10,Jahangirpuri,1.667,291.1904761904762
2018-12-10,Jawaharlal Nehru Stadium,1.532,292.34375
2018-12-10,Lodhi Road,1.548,204.025
2018-12-10,Major Dhyan Chand National Stadium,1.562,180.69791666666666
2018-12-10,Mandir Marg,1.478,280.45
2018-12-10,Mundka,1.7325,272.0208333333333
2018-12-10,NSIT Dwarka,1.629,108.79833333333333
2018-12-10,Najafgarh,1.563,234.86363636363637
2018-12-10,Narela,1.6855,277.2173913043478
2018-12-10,Nehru Nagar,1.551,354.925
2018-12-10,North Campus,1.399,227.87208333333334
2018-12-10,Okhla Phase-2,1.6835,295.65909090909093
2018-12-10,Patparganj,1.5945,260.39285714285717
2018-12-10,Punjabi Bagh,1.486,267.125
2018-12-10,Pusa,1.483,233.51999999999998
2018-12-10,R K Puram,1.606,240.625
2018-12-10,Rohini,1.505,333.22727272727275
2018-12-10,Shadipur,1.754,224.93375
2018-12-10,Sirifort,1.576,250.60416666666666
2018-12-10,Sonia Vihar,1.5545,314.05555555555554
2018-12-10,Sri Aurobindo Marg,1.639,256.17857142857144
2018-12-10,Vivek Vihar,1.5315,64.04166666666667
2018-12-10,Wazirpur,1.687,348.25
2018-12-11,Alipur,1.72,252.91666666666666
2018-12-11,Anand Vihar,1.866,338.6041666666667
2018-12-11,Ashok Vihar,1.737,347.95454545454544
2018-12-11,Aya Nagar,1.464,181.25
2018-12-11,Bawana,1.716,232.68421052631578
2018-12-11,CRRI Mathura Road,1.735,291.5595652173913
2018-12-11,Dwarka-Sector 8,1.451,273.20652173913044
2018-12-11,IGI Airport (T3),1.476,223.59375
2018-12-11,ITO,1.75,290.1770833333333
2018-12-11,Jawaharlal Nehru Stadium,1.689,302.21875
2018-12-11,Lodhi Road,1.688,225.5513043478261
2018-12-11,Major Dhyan Chand National Stadium,1.716,215.22826086956522
2018-12-11,Mandir Marg,1.663,253.72916666666666
2018-12-11,Mundka,1.746,260.7604166666667
2018-12-11,NSIT Dwarka,1.451,126.59333333333332
2018-12-11,Najafgarh,1.504,247.64583333333334
2018-12-11,Narela,1.799,278.03125
2018-12-11,Nehru Nagar,1.708,331.525
2018-12-11,North Campus,1.679,244.37333333333333
2018-12-11,Okhla Phase-2,1.631,285.26190476190476
2018-12-11,Patparganj,1.861,259.2083333333333
2018-12-11,Punjabi Bagh,1.685,257.9791666666667
2018-12-11,Pusa,1.666,222.38291666666666
2018-12-11,R K Puram,1.467,294.1125
2018-12-11,Shadipur,1.665,246.00291666666666
2018-12-11,Sirifort,1.663,260.71590909090907
2018-12-11,Sonia Vihar,1.946,323.69444444444446
2018-12-11,Sri Aurobindo Marg,1.574,242.90217391304347
2018-12-11,Wazirpur,1.722,376.79545454545456
2018-12-12,Bawana,2.73,260.7608695652174
2018-12-12,Narela,2.617,221.34375
2018-12-13,Alipur,1.355,78.0
2018-12-13,Anand Vihar,1.387,114.96875
2018-12-13,Ashok Vihar,1.428,103.10416666666667
2018-12-13,Aya Nagar,1.33,81.20916666666666
2018-12-13,Burari Crossing,1.415,78.37083333333334
2018-12-13,CRRI Mathura Road,1.283,110.93124999999999
2018-12-13,Dr. Karni Singh Shooting Range,1.521,93.04166666666667
2018-12-13,Dwarka-Sector 8,1.569,71.55208333333333
2018-12-13,IGI Airport (T3),1.6035,82.59333333333333
2018-12-13,IHBAS,1.3015,110.83125
2018-12-13,ITO,1.269,97.41666666666667
2018-12-13,Jahangirpuri,1.498,119.0
2018-12-13,Jawaharlal Nehru Stadium,1.318,101.10416666666667
2018-12-13,Lodhi Road,1.236,74.75666666666667
2018-12-13,Major Dhyan Chand National Stadium,1.275,86.82291666666667
2018-12-13,Mandir Marg,1.285,86.5
2018-12-13,Mundka,1.6235,85.83333333333333
2018-12-13,NSIT Dwarka,1.569,72.12041666666667
2018-12-13,Najafgarh,1.429,96.08333333333333
2018-12-13,Narela,1.371,86.64583333333333
2018-12-13,Nehru Nagar,1.378,161.7391304347826
2018-12-13,North Campus,1.641,64.79041666666667
2018-12-13,Patparganj,1.39,89.28125
2018-12-13,Punjabi Bagh,1.619,109.51923076923077
2018-12-13,Pusa,1.393,88.934375
2018-12-13,R K Puram,1.503,107.36458333333333
2018-12-13,Rohini,1.6205,110.83333333333333
2018-12-13,Shadipur,1.437,83.535
2018-12-13,Sirifort,1.377,97.04166666666667
2018-12-13,Sonia Vihar,1.216,86.20833333333333
2018-12-13,Sri Aurobindo Marg,1.309,89.09375
2018-12-13,Vivek Vihar,1.314,65.58333333333333
2018-12-13,Wazirpur,1.508,109.75
2018-12-14,Alipur,0.6875,98.8125
2018-12-14,Anand Vihar,0.6675,116.32291666666667
2018-12-14,Ashok Vihar,0.691,140.14583333333334
2018-12-14,Aya Nagar,0.446,74.92833333333333
2018-12-14,Bawana,0.579,125.29166666666667
2018-12-14,Burari Crossing,0.767,101.34833333333334
2018-12-14,CRRI Mathura Road,0.7395,138.78833333333333
2018-12-14,DTU,0.642,122.25
2018-12-14,Dr. Karni Singh Shooting Range,0.438,91.25
2018-12-14,Dwarka-Sector 8,0.5865,122.35416666666667
2018-12-14,IGI Airport (T3),0.6465,95.30541666666666
2018-12-14,IHBAS,0.763,101.68666666666667
2018-12-14,ITO,0.628,110.54166666666667
2018-12-14,Jahangirpuri,0.773,165.25
2018-12-14,Jawaharlal Nehru Stadium,0.7115,120.86458333333333
2018-12-14,Lodhi Road,0.563,82.14041666666667
2018-12-14,Major Dhyan Chand National Stadium,0.712,104.22916666666667
2018-12-14,Mandir Marg,0.715,101.19791666666667
2018-12-14,Mundka,0.668,113.54166666666667
2018-12-14,NSIT Dwarka,0.5865,72.9275
2018-12-14,Najafgarh,0.657,96.91666666666667
2018-12-14,Narela,0.628,110.60416666666667
2018-12-14,Nehru Nagar,0.701,182.16666666666666
2018-12-14,North Campus,0.6655,97.76875
2018-12-14,Okhla Phase-2,0.958,119.0625
2018-12-14,Patparganj,0.6135,101.84375
2018-12-14,Punjabi Bagh,0.848,120.16666666666667
2018-12-14,Pusa,0.607,108.08
2018-12-14,R K Puram,0.541,127.31521739130434
2018-12-14,Rohini,0.643,143.20833333333334
2018-12-14,Shadipur,0.7185,101.75999999999999
2018-12-14,Sirifort,0.6215,102.89583333333333
2018-12-14,Sonia Vihar,0.568,113.54166666666667
2018-12-14,Sri Aurobindo Marg,0.564,98.29166666666667
2018-12-14,Vivek Vihar,0.626,102.35416666666667
2018-12-14,Wazirpur,0.75,163.10416666666666
2018-12-15,Alipur,0.6825,122.35416666666667
2018-12-15,Anand Vihar,0.761,130.32291666666666
2018-12-15,Ashok Vihar,0.694,144.25
2018-12-15,Aya Nagar,0.62,85.16166666666668
2018-12-15,Bawana,0.6075,104.42708333333333
2018-12-15,Burari Crossing,0.7835,104.49666666666667
2018-12-15,CRRI Mathura Road,0.698,125.37166666666667
2018-12-15,DTU,0.7355,139.92045454545453
2018-12-15,Dr. Karni Singh Shooting Range,0.692,100.95833333333333
2018-12-15,Dwarka-Sector 8,0.675,147.01041666666666
2018-12-15,IGI Airport (T3),0.724,98.58749999999999
2018-12-15,IHBAS,0.789,120.01916666666666
2018-12-15,ITO,0.6815,129.66666666666666
2018-12-15,Jahangirpuri,0.738,164.52083333333334
2018-12-15,Jawaharlal Nehru Stadium,0.672,141.03125
2018-12-15,Lodhi Road,0.6715,89.79291666666667
2018-12-15,Major Dhyan Chand National Stadium,0.676,122.13541666666667
2018-12-15,Mandir Marg,0.661,123.64583333333333
2018-12-15,Mundka,0.6765,121.73958333333333
2018-12-15,NSIT Dwarka,0.675,79.855
2018-12-15,Najafgarh,0.69,106.27083333333333
2018-12-15,Narela,0.6245,113.07291666666667
2018-12-15,Nehru Nagar,0.6895,176.73958333333334
2018-12-15,North Campus,0.677,76.3835294117647
2018-12-15,Okhla Phase-2,0.735,124.8125
2018-12-15,Patparganj,0.7485,128.8125
2018-12-15,Punjabi Bagh,0.718,125.8125
2018-12-15,Pusa,0.6545,122.56374999999998
2018-12-15,R K Puram,0.6695,133.25
2018-12-15,Rohini,0.6805,153.16666666666666
2018-12-15,Shadipur,0.681,108.89708333333334
2018-12-15,Sirifort,0.7235,110.47916666666667
2018-12-15,Sonia Vihar,0.7905,132.625
2018-12-15,Sri Aurobindo Marg,0.6725,109.98958333333333
2018-12-15,Vivek Vihar,0.7945,136.3125
2018-12-15,Wazirpur,0.6905,150.04166666666666
2018-12-16,Alipur,0.4165,158.70833333333334
2018-12-16,Anand Vihar,0.5865,177.80208333333334
2018-12-16,Ashok Vihar,0.4895,180.47916666666666
2018-12-16,Aya Nagar,0.381,95.17083333333333
2018-12-16,Bawana,0.499,110.29166666666667
2018-12-16,Burari Crossing,0.5125,146.04916666666665
2018-12-16,CRRI Mathura Road,0.5285,148.67625
2018-12-16,DTU,0.479,151.38541666666666
2018-12-16,Dr. Karni Singh Shooting Range,0.406,118.91666666666667
2018-12-16,Dwarka-Sector 8,0.4335,171.76041666666666
2018-12-16,IGI Airport (T3),0.4575,105.96333333333332
2018-12-16,IHBAS,0.6015,170.43375
2018-12-16,ITO,0.552,159.13541666666666
2018-12-16,Jahangirpuri,0.4435,210.75
2018-12-16,Jawaharlal Nehru Stadium,0.547,163.39583333333334
2018-12-16,Lodhi Road,0.5115,106.07041666666667
2018-12-16,Major Dhyan Chand National Stadium,0.5185,135.32291666666666
2018-12-16,Mandir Marg,0.5225,147.88541666666666
2018-12-16,Mundka,0.438,155.8125
2018-12-16,NSIT Dwarka,0.4335,96.62458333333335
2018-12-16,Najafgarh,0.3755,115.88541666666667
2018-12-16,Narela,0.466,157.89583333333334
2018-12-16,Nehru Nagar,0.4605,201.57954545454547
2018-12-16,North Campus,0.4865,127.39999999999999
2018-12-16,Okhla Phase-2,0.459,130.5
2018-12-16,Patparganj,0.5845,167.04166666666666
2018-12-16,Punjabi Bagh,0.458,143.32291666666666
2018-12-16,Pusa,0.479,138.1275
2018-12-16,R K Puram,0.435,166.7875
2018-12-16,Rohini,0.4565,177.54166666666666
2018-12-16,Shadipur,0.517,161.13875
2018-12-16,Sirifort,0.4925,136.1875
2018-12-16,Sonia Vihar,0.6035,157.54166666666666
2018-12-16,Sri Aurobindo Marg,0.4405,115.23958333333333
2018-12-16,Vivek Vihar,0.6065,160.5625
2018-12-16,Wazirpur,0.4835,201.64583333333334
2018-12-17,Alipur,0.51,194.63541666666666
2018-12-17,Ashok Vihar,0.779,216.02083333333334
2018-12-17,Bawana,0.417,141.125
2018-12-17,Burari Crossing,0.673,162.90583333333333
2018-12-17,DTU,0.57,193.05208333333334
2018-12-17,ITO,0.77,192.76041666666666
2018-12-17,Jahangirpuri,0.624,255.0
2018-12-17,Mandir Marg,0.725,174.0
2018-12-17,Mundka,0.519,271.2395833333333
2018-12-17,Najafgarh,0.572,151.04166666666666
2018-12-17,Narela,0.406,170.21875
2018-12-17,North Campus,0.517,123.513
2018-12-17,Patparganj,0.847,182.79166666666666
2018-12-17,Punjabi Bagh,0.642,179.05208333333334
2018-12-17,Pusa,0.695,164.93791666666667
2018-12-17,Rohini,0.501,220.91304347826087
2018-12-17,Shadipur,0.707,165.5975
2018-12-17,Sonia Vihar,0.698,177.08333333333334
2018-12-17,Wazirpur,0.699,224.75
2018-12-18,Alipur,0.5805,210.89583333333334
2018-12-18,Anand Vihar,0.538,216.54166666666666
2018-12-18,Ashok Vihar,0.666,230.39583333333334
2018-12-18,Aya Nagar,0.4715,142.25208333333333
2018-12-18,Bawana,0.606,133.01041666666666
2018-12-18,Burari Crossing,0.639,193.94333333333336
2018-12-18,CRRI Mathura Road,0.615,205.61708333333334
2018-12-18,DTU,0.6995,225.1875
2018-12-18,Dr. Karni Singh Shooting Range,0.527,163.41666666666666
2018-12-18,Dwarka-Sector 8,0.6425,219.47916666666666
2018-12-18,IGI Airport (T3),0.662,166.41166666666666
2018-12-18,IHBAS,0.563,185.00250000000003
2018-12-18,ITO,0.6105,198.59375
2018-12-18,Jahangirpuri,0.664,272.6041666666667
2018-12-18,Jawaharlal Nehru Stadium,0.627,237.5
2018-12-18,Lodhi Road,0.635,162.83458333333334
2018-12-18,Major Dhyan Chand National Stadium,0.6105,220.79166666666666
2018-12-18,Mandir Marg,0.59,193.08695652173913
2018-12-18,Mundka,0.5975,295.6818181818182
2018-12-18,NSIT Dwarka,0.6425,144.42083333333332
2018-12-18,Najafgarh,0.628,171.30208333333334
2018-12-18,Narela,0.6165,215.95833333333334
2018-12-18,Nehru Nagar,0.6,290.1304347826087
2018-12-18,North Campus,0.629,151.87083333333334
2018-12-18,Okhla Phase-2,0.585,187.14583333333334
2018-12-18,Patparganj,0.624,203.3125
2018-12-18,Punjabi Bagh,0.643,206.20833333333334
2018-12-18,Pusa,0.643,199.18604166666668
2018-12-18,R K Puram,0.6095,198.9558823529412
2018-12-18,Rohini,0.616,237.95833333333334
2018-12-18,Shadipur,0.6375,200.38791666666668
2018-12-18,Sirifort,0.6285,192.1875
2018-12-18,Sonia Vihar,0.6355,218.54166666666666
2018-12-18,Sri Aurobindo Marg,0.603,188.28125
2018-12-18,Vivek Vihar,0.563,187.125
2018-12-18,Wazirpur,0.6095,242.35416666666666
2018-12-19,Alipur,0.8355,248.7826086956522
2018-12-19,Anand Vihar,0.7785,232.82954545454547
2018-12-19,Ashok Vihar,0.6945,257.96875
2018-12-19,Aya Nagar,0.515,121.02541666666667
2018-12-19,Bawana,0.801,147.61458333333334
2018-12-19,Burari Crossing,0.81,216.84421052631578
2018-12-19,CRRI Mathura Road,0.598,187.69416666666666
2018-12-19,DTU,0.7125,227.72727272727272
2018-12-19,Dr. Karni Singh Shooting Range,0.537,139.29166666666666
2018-12-19,Dwarka-Sector 8,0.645,136.10416666666666
2018-12-19,IGI Airport (T3),0.6385,154.82125
2018-12-19,IHBAS,0.738,202.66708333333335
2018-12-19,ITO,0.6605,195.25
2018-12-19,Jahangirpuri,0.7225,276.0
2018-12-19,Jawaharlal Nehru Stadium,0.5675,211.625
2018-12-19,Lodhi Road,0.578,139.38166666666666
2018-12-19,Major Dhyan Chand National Stadium,0.5925,192.41666666666666
2018-12-19,Mandir Marg,0.6325,181.29166666666666
2018-12-19,Mundka,0.7455,243.07291666666666
2018-12-19,NSIT Dwarka,0.645,150.45125
2018-12-19,Najafgarh,0.7705,149.125
2018-12-19,Narela,0.809,232.36458333333334
2018-12-19,Nehru Nagar,0.5665,259.53409090909093
2018-12-19,North Campus,0.692,167.91166666666666
2018-12-19,Okhla Phase-2,0.581,182.66666666666666
2018-12-19,Patparganj,0.724,196.40625
2018-12-19,Punjabi Bagh,0.688,205.41666666666666
2018-12-19,Pusa,0.615,176.41583333333332
2018-12-19,R K Puram,0.541,181.96052631578948
2018-12-19,Rohini,0.7545,264.82608695652175
2018-12-19,Shadipur,0.638,212.52916666666667
2018-12-19,Sirifort,0.543,174.88541666666666
2018-12-19,Sonia Vihar,0.7985,247.55434782608697
2018-12-19,Sri Aurobindo Marg,0.5055,164.95833333333334
2018-12-19,Vivek Vihar,0.7425,211.29166666666666
2018-12-19,Wazirpur,0.8185,288.30434782608694
2018-12-20,Alipur,0.696,254.625
2018-12-20,Anand Vihar,0.7605,324.1145833333333
2018-12-20,Ashok Vihar,0.691,301.5375
2018-12-20,Aya Nagar,0.594,148.99208333333334
2018-12-20,Bawana,0.728,178.52083333333334
2018-12-20,Burari Crossing,0.751,289.47761904761904
2018-12-20,CRRI Mathura Road,0.7705,264.2040909090909
2018-12-20,DTU,0.712,276.4404761904762
2018-12-20,Dr. Karni Singh Shooting Range,0.5495,177.0
2018-12-20,Dwarka-Sector 8,0.566,135.39583333333334
2018-12-20,IGI Airport (T3),0.5965,194.21772727272727
2018-12-20,IHBAS,0.785,243.11875
2018-12-20,ITO,0.9675,264.0520833333333
2018-12-20,Jahangirpuri,0.7645,321.5
2018-12-20,Jawaharlal Nehru Stadium,0.719,269.07608695652175
2018-12-20,Lodhi Road,0.7455,179.13250000000002
2018-12-20,Major Dhyan Chand National Stadium,0.7485,235.59375
2018-12-20,Mandir Marg,0.816,231.5326086956522
2018-12-20,Mundka,0.708,313.9404761904762
2018-12-20,NSIT Dwarka,0.566,206.33818181818185
2018-12-20,Najafgarh,0.6235,163.85416666666666
2018-12-20,Nehru Nagar,0.7115,298.5875
2018-12-20,North Campus,0.7665,230.6341666666667
2018-12-20,Okhla Phase-2,0.89,225.66666666666666
2018-12-20,Patparganj,0.7995,261.53125
2018-12-20,Punjabi Bagh,0.647,276.0104166666667
2018-12-20,Pusa,0.745,221.32229166666664
2018-12-20,R K Puram,0.601,220.01470588235293
2018-12-20,Rohini,0.74,316.25
2018-12-20,Shadipur,0.7405,244.52045454545453
2018-12-20,Sirifort,0.7715,204.30208333333334
2018-12-20,Sonia Vihar,0.741,257.31666666666666
2018-12-20,Sri Aurobindo Marg,0.61,176.36458333333334
2018-12-20,Vivek Vihar,0.7875,260.5208333333333
2018-12-20,Wazirpur,0.642,320.42857142857144
2018-12-21,Alipur,0.9025,257.3152173913044
2018-12-21,Anand Vihar,1.003,292.2763157894737
2018-12-21,Ashok Vihar,0.9405,305.2708333333333
2018-12-21,Aya Nagar,0.584,183.74833333333333
2018-12-21,Bawana,1.034,155.5
2018-12-21,Burari Crossing,1.21,220.81263157894736
2018-12-21,CRRI Mathura Road,0.713,249.50818181818184
2018-12-21,DTU,0.955,249.3409090909091
2018-12-21,Dr. Karni Singh Shooting Range,0.5765,211.45833333333334
2018-12-21,Dwarka-Sector 8,0.5875,93.65625
2018-12-21,IGI Airport (T3),0.6055,186.4611111111111
2018-12-21,IHBAS,1.022,186.82526315789474
2018-12-21,ITO,0.822,243.13636363636363
2018-12-21,Jahangirpuri,0.94,277.55
2018-12-21,Jawaharlal Nehru Stadium,0.6445,252.26388888888889
2018-12-21,Lodhi Road,0.659,188.67565217391305
2018-12-21,Major Dhyan Chand National Stadium,0.642,239.8913043478261
2018-12-21,Mandir Marg,0.771,235.94565217391303
2018-12-21,Mundka,1.285,295.8333333333333
2018-12-21,NSIT Dwarka,0.5875,173.4061111111111
2018-12-21,Najafgarh,0.785,177.27083333333334
2018-12-21,Narela,0.9555,237.275
2018-12-21,Nehru Nagar,0.627,306.5131578947368
2018-12-21,North Campus,0.9945,214.04272727272726
2018-12-21,Okhla Phase-2,0.5815,237.05208333333334
2018-12-21,Patparganj,0.829,237.51190476190476
2018-12-21,Punjabi Bagh,0.873,253.69565217391303
2018-12-21,Pusa,0.784,227.9820930232558
2018-12-21,R K Puram,0.5425,244.35526315789474
2018-12-21,Rohini,1.123,288.0
2018-12-21,Shadipur,0.8295,246.85708333333332
2018-12-21,Sirifort,0.547,211.5
2018-12-21,Sonia Vihar,1.115,268.6458333333333
2018-12-21,Sri Aurobindo Marg,0.537,209.92708333333334
2018-12-21,Vivek Vihar,1.065,247.3125
2018-12-21,Wazirpur,0.919,312.97727272727275
2018-12-22,Alipur,1.178,303.4375
2018-12-22,Anand Vihar,1.593,393.8625
2018-12-22,Ashok Vihar,1.342,351.6
2018-12-22,Aya Nagar,1.334,224.76636363636362
2018-12-22,Bawana,1.327,194.18421052631578
2018-12-22,CRRI Mathura Road,1.0625,270.8275
2018-12-22,DTU,1.336,316.2717391304348
2018-12-22,Dr. Karni Singh Shooting Range,1.307,226.6818181818182
2018-12-22,Dwarka-Sector 8,0.9305,206.73958333333334
2018-12-22,IGI Airport (T3),1.0275,219.89894736842106
2018-12-22,ITO,1.0725,275.3333333333333
2018-12-22,Jahangirpuri,1.348,361.7368421052632
2018-12-22,Jawaharlal Nehru Stadium,1.142,287.71666666666664
2018-12-22,Lodhi Road,1.099,227.78863636363639
2018-12-22,Major Dhyan Chand National Stadium,1.05,226.61764705882354
2018-12-22,Mandir Marg,1.1235,259.31944444444446
2018-12-22,Mundka,1.278,313.9078947368421
2018-12-22,NSIT Dwarka,0.9305,216.4565
2018-12-22,Najafgarh,0.903,184.35416666666666
2018-12-22,Narela,1.064,303.0
2018-12-22,Nehru Nagar,1.2075,342.81666666666666
2018-12-22,North Campus,1.364,290.31
2018-12-22,Okhla Phase-2,1.256,282.44444444444446
2018-12-22,Patparganj,1.403,273.14285714285717
2018-12-22,Pusa,1.2015,255.43685714285718
2018-12-22,R K Puram,1.101,281.3382352941176
2018-12-22,Rohini,1.327,384.6388888888889
2018-12-22,Shadipur,1.162,274.0613333333333
2018-12-22,Sirifort,1.214,266.6304347826087
2018-12-22,Sonia Vihar,1.34,327.9807692307692
2018-12-22,Sri Aurobindo Marg,1.17,259.5
2018-12-22,Wazirpur,1.287,368.03846153846155
2018-12-23,Anand Vihar,1.1765,289.77777777777777
2018-12-23,Ashok Vihar,1.181,295.25
2018-12-23,Aya Nagar,1.0635,234.35000000000002
2018-12-23,Burari Crossing,1.434,280.68571428571425
2018-12-23,CRRI Mathura Road,1.184,261.99363636363637
2018-12-23,DTU,1.481,327.64285714285717
2018-12-23,Dr. Karni Singh Shooting Range,1.11,224.875
2018-12-23,Dwarka-Sector 8,1.127,150.9659090909091
2018-12-23,IGI Airport (T3),1.2225,217.21125
2018-12-23,IHBAS,1.305,225.40444444444444
2018-12-23,ITO,1.1685,287.90909090909093
2018-12-23,Jahangirpuri,1.318,354.73214285714283
2018-12-23,Jawaharlal Nehru Stadium,1.1955,296.22222222222223
2018-12-23,Lodhi Road,1.2025,256.03125
2018-12-23,Major Dhyan Chand National Stadium,1.178,230.35
2018-12-23,Mandir Marg,1.141,269.3333333333333
2018-12-23,Mundka,1.214,264.9375
2018-12-23,NSIT Dwarka,1.127,231.60583333333332
2018-12-23,Najafgarh,1.1305,259.4166666666667
2018-12-23,Narela,1.491,325.0
2018-12-23,Nehru Nagar,1.1945,307.90625
2018-12-23,North Campus,1.2145,262.49833333333333
2018-12-23,Okhla Phase-2,1.2,261.6
2018-12-23,Patparganj,1.2515,250.02777777777777
2018-12-23,Punjabi Bagh,1.197,256.5
2018-12-23,Pusa,1.198,255.79
2018-12-23,R K Puram,1.1965,295.65384615384613
2018-12-23,Rohini,1.196,321.2857142857143
2018-12-23,Shadipur,1.1925,270.63666666666666
2018-12-23,Sirifort,1.204,270.0833333333333
2018-12-23,Sonia Vihar,1.34,282.7
2018-12-23,Sri Aurobindo Marg,1.346,266.5
2018-12-23,Vivek Vihar,1.217,260.1666666666667
2018-12-23,Wazirpur,1.1945,324.5
2018-12-24,Alipur,1.4395,304.0
2018-12-24,Anand Vihar,1.435,299.6818181818182
2018-12-24,Ashok Vihar,1.421,278.05
2018-12-24,Aya Nagar,1.326,196.6095238095238
2018-12-24,Bawana,1.4655,217.04166666666666
2018-12-24,Burari Crossing,1.4935,260.3281818181818
2018-12-24,DTU,1.5155,288.6041666666667
2018-12-24,Dr. Karni Singh Shooting Range,1.411,235.45
2018-12-24,Dwarka-Sector 8,1.727,300.6617647058824
2018-12-24,IGI Airport (T3),1.433,283.802
2018-12-24,IHBAS,1.415,231.825
2018-12-24,ITO,1.585,282.5192307692308
2018-12-24,Jahangirpuri,1.443,310.4375
2018-12-24,Mandir Marg,1.6,269.5
2018-12-24,Mundka,1.481,334.8333333333333
2018-12-24,NSIT Dwarka,1.727,253.4127777777778
2018-12-24,Narela,1.37,287.4375
2018-12-24,North Campus,1.4335,243.41214285714287
2018-12-24,Patparganj,1.629,246.97222222222223
2018-12-24,Punjabi Bagh,1.3765,248.825
2018-12-24,Pusa,1.545,243.87257142857146
2018-12-24,R K Puram,1.532,278.4375
2018-12-24,Rohini,1.5615,312.6
2018-12-24,Shadipur,1.524,293.5113333333333
2018-12-24,Sirifort,1.481,305.5576923076923
2018-12-24,Sonia Vihar,1.391,260.25
2018-12-24,Sri Aurobindo Marg,1.2,238.25
2018-12-24,Vivek Vihar,1.4535,268.6818181818182
2018-12-24,Wazirpur,1.421,303.2916666666667
2018-12-25,Alipur,0.938,225.66666666666666
2018-12-25,Anand Vihar,0.706,279.9891304347826
2018-12-25,Ashok Vihar,0.7685,296.8152173913044
2018-12-25,Aya Nagar,0.8295,208.6786956521739
2018-12-25,Burari Crossing,0.908,247.2125
2018-12-25,CRRI Mathura Road,0.731,244.24809523809523
2018-12-25,DTU,0.9865,259.2717391304348
2018-12-25,Dr. Karni Singh Shooting Range,0.771,255.94444444444446
2018-12-25,Dwarka-Sector 8,0.965,268.52272727272725
2018-12-25,IGI Airport (T3),0.798,202.03545454545454
2018-12-25,IHBAS,0.7565,212.5522727272727
2018-12-25,ITO,0.705,293.25
2018-12-25,Jahangirpuri,0.874,319.5833333333333
2018-12-25,Jawaharlal Nehru Stadium,0.742,281.9
2018-12-25,Lodhi Road,0.7475,193.57999999999998
2018-12-25,Major Dhyan Chand National Stadium,0.7275,230.64285714285714
2018-12-25,Mandir Marg,0.71,243.6931818181818
2018-12-25,Mundka,0.95,337.80434782608694
2018-12-25,NSIT Dwarka,0.965,205.06263157894736
2018-12-25,Najafgarh,0.78,204.08695652173913
2018-12-25,Nehru Nagar,0.827,332.4642857142857
2018-12-25,North Campus,0.865,221.2591666666667
2018-12-25,Okhla Phase-2,0.692,247.86363636363637
2018-12-25,Patparganj,0.683,242.25
2018-12-25,Punjabi Bagh,0.7645,270.2083333333333
2018-12-25,Pusa,0.747,238.07416666666666
2018-12-25,R K Puram,0.764,275.4342105263158
2018-12-25,Rohini,0.9095,312.67391304347825
2018-12-25,Shadipur,0.735,260.81047619047615
2018-12-25,Sirifort,0.882,286.01190476190476
2018-12-25,Sonia Vihar,0.886,268.4583333333333
2018-12-25,Sri Aurobindo Marg,0.747,240.85714285714286
2018-12-25,Vivek Vihar,0.74,252.29166666666666
2018-12-25,Wazirpur,0.7895,325.6904761904762
2018-12-26,Alipur,0.866,259.7916666666667
2018-12-26,Anand Vihar,0.867,283.5108695652174
2018-12-26,Ashok Vihar,0.656,271.6547619047619
2018-12-26,Aya Nagar,0.508,146.0825
2018-12-26,Bawana,0.8655,152.48809523809524
2018-12-26,CRRI Mathura Road,0.731,213.11826086956523
2018-12-26,DTU,0.712,256.6547619047619
2018-12-26,Dr. Karni Singh Shooting Range,0.517,188.52173913043478
2018-12-26,Dwarka-Sector 8,0.561,200.07142857142858
2018-12-26,ITO,0.662,216.86458333333334
2018-12-26,Jahangirpuri,0.684,255.26315789473685
2018-12-26,Jawaharlal Nehru Stadium,0.674,227.5
2018-12-26,Lodhi Road,0.734,152.01541666666665
2018-12-26,Major Dhyan Chand National Stadium,0.736,191.79166666666666
2018-12-26,Mandir Marg,0.594,209.0681818181818
2018-12-26,Mundka,0.806,276.1842105263158
2018-12-26,NSIT Dwarka,0.561,171.5
2018-12-26,Najafgarh,0.569,142.54166666666666
2018-12-26,Narela,1.026,226.35714285714286
2018-12-26,Nehru Nagar,0.572,259.4078947368421
2018-12-26,North Campus,0.687,204.99347826086958
2018-12-26,Okhla Phase-2,0.517,191.98958333333334
2018-12-26,Pusa,0.67,207.27425531914892
2018-12-26,R K Puram,0.555,205.07142857142858
2018-12-26,Rohini,0.732,280.3181818181818
2018-12-26,Shadipur,0.771,232.28
2018-12-26,Sirifort,0.526,209.79347826086956
2018-12-26,Sri Aurobindo Marg,0.543,159.35416666666666
2018-12-26,Wazirpur,0.566,303.05
2018-12-27,Alipur,1.103,248.175
2018-12-27,Anand Vihar,0.868,228.42857142857142
2018-12-27,Ashok Vihar,0.8295,259.9107142857143
2018-12-27,Aya Nagar,0.8195,160.36875
2018-12-27,Bawana,1.088,212.22916666666666
2018-12-27,Burari Crossing,0.735,272.173
2018-12-27,CRRI Mathura Road,0.931,268.5835
2018-12-27,DTU,0.9035,250.59375
2018-12-27,Dr. Karni Singh Shooting Range,0.8455,210.22727272727272
2018-12-27,Dwarka-Sector 8,0.8395,234.6875
2018-12-27,IGI Airport (T3),0.8855,184.45583333333332
2018-12-27,IHBAS,0.8515,187.7653846153846
2018-12-27,ITO,0.893,271.9166666666667
2018-12-27,Jahangirpuri,0.8425,335.2368421052632
2018-12-27,Jawaharlal Nehru Stadium,0.9035,268.8333333333333
2018-12-27,Lodhi Road,0.882,215.13666666666666
2018-12-27,Major Dhyan Chand National Stadium,0.918,214.55208333333334
2018-12-27,Mandir Marg,0.837,222.9125
2018-12-27,Mundka,0.8995,283.375
2018-12-27,NSIT Dwarka,0.8395,216.72958333333335
2018-12-27,Najafgarh,0.8245,210.18478260869566
2018-12-27,Narela,0.9205,234.75
2018-12-27,Nehru Nagar,0.9225,305.5
2018-12-27,North Campus,0.8625,209.0063157894737
2018-12-27,Okhla Phase-2,0.9375,233.02272727272728
2018-12-27,Patparganj,0.8835,205.25
2018-12-27,Punjabi Bagh,0.836,276.5263157894737
2018-12-27,Pusa,0.839,194.92512195121952
2018-12-27,R K Puram,0.8745,268.5108695652174
2018-12-27,Rohini,0.8875,290.23333333333335
2018-12-27,Shadipur,0.8415,230.41199999999998
2018-12-27,Sirifort,0.927,267.29761904761904
2018-12-27,Sonia Vihar,0.8665,221.84615384615384
2018-12-27,Sri Aurobindo Marg,0.8975,208.66666666666666
2018-12-27,Vivek Vihar,0.866,218.13333333333333
2018-12-27,Wazirpur,0.8185,275.76666666666665
2018-12-28,Alipur,1.5375,258.8333333333333
2018-12-28,Anand Vihar,1.191,274.4583333333333
2018-12-28,Ashok Vihar,1.335,292.875
2018-12-28,Aya Nagar,1.2025,172.20666666666668
2018-12-28,Bawana,1.452,176.16666666666666
2018-12-28,Burari Crossing,1.4155,249.31260869565216
2018-12-28,CRRI Mathura Road,1.249,236.51043478260868
2018-12-28,DTU,1.52,253.54347826086956
2018-12-28,Dr. Karni Singh Shooting Range,1.199,236.54166666666666
2018-12-28,Dwarka-Sector 8,1.491,243.8409090909091
2018-12-28,IGI Airport (T3),1.375,191.95000000000002
2018-12-28,IHBAS,1.2185,224.69833333333335
2018-12-28,ITO,1.3475,224.27173913043478
2018-12-28,Jahangirpuri,1.4015,319.8421052631579
2018-12-28,Jawaharlal Nehru Stadium,1.1875,263.8695652173913
2018-12-28,Lodhi Road,1.244,181.76625
2018-12-28,Major Dhyan Chand National Stadium,1.2805,191.38541666666666
2018-12-28,Mandir Marg,1.377,238.40217391304347
2018-12-28,Mundka,1.6195,316.1904761904762
2018-12-28,NSIT Dwarka,1.491,214.68954545454545
2018-12-28,Najafgarh,1.545,207.16666666666666
2018-12-28,Narela,1.448,234.5625
2018-12-28,Nehru Nagar,1.136,286.7142857142857
2018-12-28,North Campus,1.4175,214.45583333333335
2018-12-28,Okhla Phase-2,1.1385,215.9375
2018-12-28,Patparganj,1.247,239.83333333333334
2018-12-28,Punjabi Bagh,1.4985,253.6413043478261
2018-12-28,Pusa,1.4845,232.09560975609756
2018-12-28,R K Puram,1.29,252.54347826086956
2018-12-28,Rohini,1.482,287.8809523809524
2018-12-28,Shadipur,1.495,211.2325
2018-12-28,Sirifort,1.208,250.38541666666666
2018-12-28,Sonia Vihar,1.021,285.75
2018-12-28,Sri Aurobindo Marg,1.254,219.14583333333334
2018-12-28,Vivek Vihar,1.231,266.2083333333333
2018-12-28,Wazirpur,1.3755,320.8541666666667
2018-12-29,Alipur,0.7415,265.6190476190476
2018-12-29,Anand Vihar,0.735,308.69565217391306
2018-12-29,Ashok Vihar,0.737,278.3095238095238
2018-12-29,Aya Nagar,0.5395,148.57916666666668
2018-12-29,Bawana,0.7165,155.58333333333334
2018-12-29,Burari Crossing,0.613,231.77380952380952
2018-12-29,CRRI Mathura Road,0.6985,209.6321739130435
2018-12-29,DTU,0.7425,260.3
2018-12-29,Dr. Karni Singh Shooting Range,0.5605,191.22727272727272
2018-12-29,Dwarka-Sector 8,0.6045,208.5375
2018-12-29,IGI Airport (T3),0.6115,169.30166666666665
2018-12-29,IHBAS,0.754,223.37125
2018-12-29,ITO,0.706,244.4
2018-12-29,Jahangirpuri,0.7355,282.4375
2018-12-29,Jawaharlal Nehru Stadium,0.696,202.89473684210526
2018-12-29,Lodhi Road,0.688,164.11583333333334
2018-12-29,Major Dhyan Chand National Stadium,0.6965,185.89583333333334
2018-12-29,Mandir Marg,0.6705,204.48684210526315
2018-12-29,Mundka,0.707,288.7
2018-12-29,NSIT Dwarka,0.6045,194.8847619047619
2018-12-29,Najafgarh,0.691,150.75
2018-12-29,Narela,0.7865,246.29166666666666
2018-12-29,Nehru Nagar,0.668,243.98684210526315
2018-12-29,North Campus,0.55,213.29956521739132
2018-12-29,Okhla Phase-2,0.48,182.1904761904762
2018-12-29,Patparganj,0.558,233.4625
2018-12-29,Punjabi Bagh,0.7315,240.16666666666666
2018-12-29,Pusa,0.6485,203.05928571428572
2018-12-29,R K Puram,0.5705,189.21428571428572
2018-12-29,Rohini,0.703,298.69565217391306
2018-12-29,Shadipur,0.665,218.53315789473686
2018-12-29,Sirifort,0.6075,212.91666666666666
2018-12-29,Sonia Vihar,0.785,255.20833333333334
2018-12-29,Sri Aurobindo Marg,0.537,166.0
2018-12-29,Vivek Vihar,0.745,253.5909090909091
2018-12-29,Wazirpur,0.732,318.0
2018-12-30,Alipur,0.8425,213.3
2018-12-30,Anand Vihar,0.783,259.075
2018-12-30,Ashok Vihar,0.714,259.1818181818182
2018-12-30,Aya Nagar,0.5985,180.31333333333336
2018-12-30,Bawana,0.672,191.34375
2018-12-30,Burari Crossing,0.681,197.581
2018-12-30,CRRI Mathura Road,0.6125,185.531
2018-12-30,DTU,0.6955,266.73214285714283
2018-12-30,Dr. Karni Singh Shooting Range,0.571,214.41176470588235
2018-12-30,Dwarka-Sector 8,0.547,242.16176470588235
2018-12-30,IGI Airport (T3),0.5465,187.21
2018-12-30,IHBAS,0.805,230.49909090909088
2018-12-30,ITO,0.575,220.28846153846155
2018-12-30,Jahangirpuri,0.728,310.6363636363636
2018-12-30,Jawaharlal Nehru Stadium,0.6315,175.9
2018-12-30,Lodhi Road,0.5855,169.60294117647058
2018-12-30,Major Dhyan Chand National Stadium,0.5095,223.0625
2018-12-30,Mandir Marg,0.6055,186.4375
2018-12-30,Mundka,0.51,302.97222222222223
2018-12-30,NSIT Dwarka,0.547,211.39125
2018-12-30,Najafgarh,0.522,163.88541666666666
2018-12-30,Narela,0.816,260.5833333333333
2018-12-30,Nehru Nagar,0.6515,312.03846153846155
2018-12-30,North Campus,0.606,178.17181818181817
2018-12-30,Okhla Phase-2,0.6385,209.70454545454547
2018-12-30,Patparganj,0.662,183.63888888888889
2018-12-30,Punjabi Bagh,0.613,246.15
2018-12-30,Pusa,0.5565,201.2559259259259
2018-12-30,R K Puram,0.5435,223.51785714285714
2018-12-30,Rohini,0.6625,222.77777777777777
2018-12-30,Shadipur,0.5995,252.8083333333333
2018-12-30,Sirifort,0.5685,263.6666666666667
2018-12-30,Sonia Vihar,0.672,232.5
2018-12-30,Sri Aurobindo Marg,0.62,208.54166666666666
2018-12-30,Vivek Vihar,1.062,259.0
2018-12-30,Wazirpur,0.6135,258.125
2018-12-31,Alipur,0.652,268.3809523809524
2018-12-31,Anand Vihar,0.706,307.4861111111111
2018-12-31,Ashok Vihar,0.655,263.95588235294116
2018-12-31,Aya Nagar,0.548,174.62722222222223
2018-12-31,Bawana,0.459,149.23958333333334
2018-12-31,Burari Crossing,0.8285,268.6105263157895
2018-12-31,CRRI Mathura Road,0.809,236.87999999999997
2018-12-31,DTU,0.749,289.95454545454544
2018-12-31,Dr. Karni Singh Shooting Range,0.508,211.0
2018-12-31,Dwarka-Sector 8,0.784,235.88636363636363
2018-12-31,IGI Airport (T3),0.836,159.37230769230771
2018-12-31,IHBAS,0.745,232.56166666666664
2018-12-31,ITO,0.8335,246.85294117647058
2018-12-31,Jahangirpuri,0.7865,303.6666666666667
2018-12-31,Jawaharlal Nehru Stadium,0.842,164.66666666666666
2018-12-31,Lodhi Road,0.831,179.15533333333332
2018-12-31,Major Dhyan Chand National Stadium,0.766,228.5568181818182
2018-12-31,Mandir Marg,0.777,215.58333333333334
2018-12-31,Mundka,0.881,295.71153846153845
2018-12-31,NSIT Dwarka,0.784,204.1325
2018-12-31,Najafgarh,0.586,172.96428571428572
2018-12-31,Narela,0.728,236.1904761904762
2018-12-31,Nehru Nagar,0.783,291.47727272727275
2018-12-31,North Campus,0.8605,231.40863636363636
2018-12-31,Okhla Phase-2,0.6605,215.30769230769232
2018-12-31,Patparganj,0.658,226.17857142857142
2018-12-31,Punjabi Bagh,0.859,255.9
2018-12-31,Pusa,0.738,195.752
2018-12-31,R K Puram,0.7425,230.875
2018-12-31,Rohini,0.8765,319.0
2018-12-31,Shadipur,0.7635,252.02625
2018-12-31,Sirifort,0.7405,251.61764705882354
2018-12-31,Sonia Vihar,0.729,239.83333333333334
2018-12-31,Sri Aurobindo Marg,0.6545,197.77777777777777
2018-12-31,Vivek Vihar,0.727,265.42857142857144
2018-12-31,Wazirpur,0.8635,309.3421052631579
2019-01-01,Alipur,0.863,288.8690476190476
2019-01-01,Anand Vihar,0.695,302.52941176470586
2019-01-01,Ashok Vihar,0.6775,283.640625
2019-01-01,Aya Nagar,0.5615,180.87772727272727
2019-01-01,Bawana,0.8225,148.70833333333334
2019-01-01,Burari Crossing,0.722,292.901
2019-01-01,CRRI Mathura Road,0.5975,240.67722222222224
2019-01-01,DTU,0.7565,282.3478260869565
2019-01-01,Dr. Karni Singh Shooting Range,0.5225,213.3913043478261
2019-01-01,Dwarka-Sector 8,0.5265,119.73809523809524
2019-01-01,IGI Airport (T3),0.5435,195.27857142857144
2019-01-01,IHBAS,0.767,255.80652173913043
2019-01-01,ITO,0.635,231.77631578947367
2019-01-01,Jahangirpuri,0.669,331.2105263157895
2019-01-01,Jawaharlal Nehru Stadium,0.5745,219.0
2019-01-01,Lodhi Road,0.5605,175.02315789473684
2019-01-01,Major Dhyan Chand National Stadium,0.567,198.54761904761904
2019-01-01,Mandir Marg,0.556,209.22222222222223
2019-01-01,Mundka,0.688,276.05263157894734
2019-01-01,NSIT Dwarka,0.5265,170.35055555555556
2019-01-01,Najafgarh,0.59,189.66304347826087
2019-01-01,Narela,0.738,262.20652173913044
2019-01-01,Nehru Nagar,0.565,282.56666666666666
2019-01-01,North Campus,0.679,241.10666666666668
2019-01-01,Okhla Phase-2,0.6015,238.765625
2019-01-01,Patparganj,0.663,235.59375
2019-01-01,Punjabi Bagh,0.6435,261.4342105263158
2019-01-01,Pusa,0.6075,200.6786111111111
2019-01-01,R K Puram,0.509,221.5735294117647
2019-01-01,Rohini,0.754,308.27777777777777
2019-01-01,Shadipur,0.621,257.96705882352944
2019-01-01,Sirifort,0.568,229.5375
2019-01-01,Sonia Vihar,0.888,256.4166666666667
2019-01-01,Sri Aurobindo Marg,0.5245,192.60416666666666
2019-01-01,Vivek Vihar,0.771,278.57142857142856
2019-01-01,Wazirpur,0.678,331.28125
2019-01-02,Alipur,1.473,300.05555555555554
2019-01-02,Anand Vihar,1.342,321.85
2019-01-02,Ashok Vihar,1.446,272.0
2019-01-02,Aya Nagar,1.3205,218.98304347826087
2019-01-02,Bawana,1.47,167.85
2019-01-02,Burari Crossing,1.41,251.26230769230773
2019-01-02,CRRI Mathura Road,1.431,262.9227777777778
2019-01-02,DTU,1.4855,284.2361111111111
2019-01-02,Dr. Karni Singh Shooting Range,1.3325,236.08695652173913
2019-01-02,Dwarka-Sector 8,1.273,169.88636363636363
2019-01-02,IGI Airport (T3),1.32,228.28416666666666
2019-01-02,IHBAS,1.4175,234.67333333333332
2019-01-02,ITO,1.4165,285.4078947368421
2019-01-02,Jahangirpuri,1.4585,294.6041666666667
2019-01-02,Jawaharlal Nehru Stadium,1.435,255.84615384615384
2019-01-02,Lodhi Road,1.444,219.80666666666664
2019-01-02,Major Dhyan Chand National Stadium,1.4445,211.175
2019-01-02,Mandir Marg,1.425,233.625
2019-01-02,Mundka,1.3765,287.90909090909093
2019-01-02,NSIT Dwarka,1.273,227.705
2019-01-02,Najafgarh,1.28,248.86904761904762
2019-01-02,Narela,1.32,294.6
2019-01-02,Nehru Nagar,1.4095,335.6617647058824
2019-01-02,North Campus,1.4015,240.26200000000003
2019-01-02,Okhla Phase-2,1.358,249.975
2019-01-02,Patparganj,1.3735,229.13636363636363
2019-01-02,Punjabi Bagh,1.452,292.4861111111111
2019-01-02,Pusa,1.427,237.68794871794873
2019-01-02,R K Puram,1.4185,250.15384615384616
2019-01-02,Rohini,1.468,302.5
2019-01-02,Shadipur,1.427,266.46684210526314
2019-01-02,Sirifort,1.4365,286.6578947368421
2019-01-02,Sonia Vihar,1.5195,265.8181818181818
2019-01-02,Sri Aurobindo Marg,1.418,256.3958333333333
2019-01-02,Vivek Vihar,1.404,278.96666666666664
2019-01-02,Wazirpur,1.4465,285.44444444444446
2019-01-03,Alipur,0.822,312.0833333333333
2019-01-03,Anand Vihar,0.9265,359.2916666666667
2019-01-03,Ashok Vihar,0.75,349.43333333333334
2019-01-03,Aya Nagar,0.905,214.7225
2019-01-03,Burari Crossing,0.9,266.07545454545453
2019-01-03,CRRI Mathura Road,0.707,242.16
2019-01-03,DTU,1.0025,306.73333333333335
2019-01-03,Dr. Karni Singh Shooting Range,0.8985,234.13235294117646
2019-01-03,Dwarka-Sector 8,0.761,285.7083333333333
2019-01-03,IGI Airport (T3),0.731,230.95875
2019-01-03,IHBAS,0.8605,239.37545454545455
2019-01-03,ITO,0.664,254.33333333333334
2019-01-03,Jahangirpuri,0.908,337.0
2019-01-03,Major Dhyan Chand National Stadium,0.679,242.29545454545453
2019-01-03,Mandir Marg,0.8795,251.83333333333334
2019-01-03,Mundka,0.989,375.42857142857144
2019-01-03,NSIT Dwarka,0.761,232.95533333333333
2019-01-03,Nehru Nagar,0.92,366.70588235294116
2019-01-03,North Campus,0.993,254.60399999999998
2019-01-03,Okhla Phase-2,1.009,282.96153846153845
2019-01-03,Patparganj,0.675,229.27777777777777
2019-01-03,Punjabi Bagh,0.9355,322.89285714285717
2019-01-03,Pusa,0.91,242.11499999999998
2019-01-03,R K Puram,0.7875,266.60714285714283
2019-01-03,Rohini,1.0335,351.8666666666667
2019-01-03,Shadipur,0.8925,262.96785714285716
2019-01-03,Sirifort,0.8445,283.06666666666666
2019-01-03,Sonia Vihar,0.896,292.0769230769231
2019-01-03,Sri Aurobindo Marg,0.76,240.56666666666666
2019-01-03,Vivek Vihar,0.8735,301.56666666666666
2019-01-03,Wazirpur,0.9135,337.54545454545456
2019-01-04,Ashok Vihar,1.304,253.92857142857142
2019-01-04,CRRI Mathura Road,1.295,213.0295652173913
2019-01-04,ITO,1.257,212.4431818181818
2019-01-04,Mandir Marg,1.304,235.98958333333334
2019-01-04,Patparganj,1.176,231.09782608695653
2019-01-05,Alipur,1.384,227.6875
2019-01-05,Anand Vihar,1.041,249.63541666666666
2019-01-05,Ashok Vihar,1.0205,276.6304347826087
2019-01-05,Aya Nagar,1.1595,187.15272727272725
2019-01-05,Bawana,1.2845,305.7608695652174
2019-01-05,Burari Crossing,1.1265,259.435
2019-01-05,CRRI Mathura Road,1.051,219.6340909090909
2019-01-05,DTU,1.074,244.15625
2019-01-05,Dr. Karni Singh Shooting Range,1.119,210.20238095238096
2019-01-05,Dwarka-Sector 8,1.0945,235.17105263157896
2019-01-05,IGI Airport (T3),1.1235,187.969
2019-01-05,IHBAS,1.07,236.99545454545452
2019-01-05,ITO,1.016,234.26136363636363
2019-01-05,Jahangirpuri,1.0625,267.27272727272725
2019-01-05,Jawaharlal Nehru Stadium,1.041,237.1
2019-01-05,Lodhi Road,1.0285,182.48695652173913
2019-01-05,Major Dhyan Chand National Stadium,1.0405,183.4
2019-01-05,Mandir Marg,1.022,204.7125
2019-01-05,Mundka,1.068,308.6842105263158
2019-01-05,NSIT Dwarka,1.0945,189.44722222222222
2019-01-05,Najafgarh,1.1555,202.046875
2019-01-05,Narela,1.3465,244.76136363636363
2019-01-05,Nehru Nagar,1.0465,263.45238095238096
2019-01-05,Okhla Phase-2,1.0255,252.5
2019-01-05,Patparganj,1.0105,224.1931818181818
2019-01-05,Punjabi Bagh,1.016,224.2840909090909
2019-01-05,Pusa,1.0225,174.78119047619046
2019-01-05,R K Puram,1.029,205.05
2019-01-05,Rohini,1.0575,287.0681818181818
2019-01-05,Shadipur,1.0175,209.66227272727272
2019-01-05,Sirifort,1.0155,225.6375
2019-01-05,Sonia Vihar,1.099,270.29411764705884
2019-01-05,Sri Aurobindo Marg,1.052,208.76470588235293
2019-01-05,Vivek Vihar,1.06,257.1666666666667
2019-01-05,Wazirpur,1.0155,330.59090909090907
2019-01-06,Alipur,1.0395,150.22916666666666
2019-01-06,Anand Vihar,1.5895,192.5
2019-01-06,Ashok Vihar,1.4835,190.61458333333334
2019-01-06,Aya Nagar,2.0445,125.295
2019-01-06,Bawana,1.246,186.67708333333334
2019-01-06,Burari Crossing,1.3505,164.76125
2019-01-06,CRRI Mathura Road,1.902,181.67583333333334
2019-01-06,DTU,1.309,167.85416666666666
2019-01-06,Dr. Karni Singh Shooting Range,1.9845,169.3125
2019-01-06,Dwarka-Sector 8,1.787,176.03125
2019-01-06,IGI Airport (T3),1.8625,131.96458333333334
2019-01-06,IHBAS,1.575,184.61458333333334
2019-01-06,ITO,1.6005,181.03125
2019-01-06,Jahangirpuri,1.3515,213.375
2019-01-06,Jawaharlal Nehru Stadium,1.938,194.23958333333334
2019-01-06,Lodhi Road,1.853,141.52041666666665
2019-01-06,Major Dhyan Chand National Stadium,1.68,149.03125
2019-01-06,Mandir Marg,1.624,168.73958333333334
2019-01-06,Mundka,1.3195,183.60416666666666
2019-01-06,NSIT Dwarka,1.787,140.6475
2019-01-06,Najafgarh,1.727,141.89583333333334
2019-01-06,Narela,0.9305,158.17708333333334
2019-01-06,Nehru Nagar,2.114,228.375
2019-01-06,Patparganj,1.599,168.11458333333334
2019-01-06,Punjabi Bagh,1.4795,153.78125
2019-01-06,Pusa,1.632,151.39604166666666
2019-01-06,R K Puram,1.764,187.66304347826087
2019-01-06,Rohini,1.275,179.19565217391303
2019-01-06,Shadipur,1.5945,112.80666666666667
2019-01-06,Sirifort,2.151,194.92708333333334
2019-01-06,Sonia Vihar,1.5215,197.97916666666666
2019-01-06,Sri Aurobindo Marg,2.097,165.7826086956522
2019-01-06,Vivek Vihar,1.5865,216.97916666666666
2019-01-06,Wazirpur,1.421,204.52083333333334
2019-01-07,Alipur,1.242,160.04166666666666
2019-01-07,Anand Vihar,1.615,199.52083333333334
2019-01-07,Ashok Vihar,1.375,217.3125
2019-01-07,Aya Nagar,1.265,108.93458333333332
2019-01-07,Bawana,1.286,203.63541666666666
2019-01-07,Burari Crossing,1.436,159.99208333333334
2019-01-07,CRRI Mathura Road,1.477,190.95583333333332
2019-01-07,DTU,1.318,176.97826086956522
2019-01-07,Dr. Karni Singh Shooting Range,1.286,189.65625
2019-01-07,Dwarka-Sector 8,1.457,164.97916666666666
2019-01-07,IGI Airport (T3),1.407,141.84208333333333
2019-01-07,IHBAS,1.596,168.35041666666666
2019-01-07,ITO,1.366,194.08333333333334
2019-01-07,Jahangirpuri,1.3915,234.1304347826087
2019-01-07,Jawaharlal Nehru Stadium,1.6055,207.58333333333334
2019-01-07,Lodhi Road,1.6095,133.90083333333334
2019-01-07,Major Dhyan Chand National Stadium,1.448,162.09375
2019-01-07,Mandir Marg,1.407,177.23958333333334
2019-01-07,Mundka,1.282,236.94791666666666
2019-01-07,NSIT Dwarka,1.457,144.84695652173914
2019-01-07,Najafgarh,1.281,123.48958333333333
2019-01-07,Nehru Nagar,1.5915,221.98809523809524
2019-01-07,Okhla Phase-2,1.565,205.52083333333334
2019-01-07,Patparganj,1.594,177.39583333333334
2019-01-07,Pusa,1.5835,173.813125
2019-01-07,R K Puram,1.415,183.4125
2019-01-07,Rohini,1.462,213.47826086956522
2019-01-07,Shadipur,1.447,106.87166666666667
2019-01-07,Sirifort,1.4545,205.4
2019-01-07,Sonia Vihar,1.3815,187.55208333333334
2019-01-07,Sri Aurobindo Marg,1.369,158.35416666666666
2019-01-07,Vivek Vihar,1.6405,179.0
2019-01-07,Wazirpur,1.471,220.29166666666666
2019-01-08,Alipur,0.759,145.98958333333334
2019-01-08,Anand Vihar,0.739,152.05208333333334
2019-01-08,Ashok Vihar,0.637,169.04166666666666
2019-01-08,Aya Nagar,0.7845,95.59041666666667
2019-01-08,Bawana,0.696,179.29166666666666
2019-01-08,Burari Crossing,0.81,120.955
2019-01-08,CRRI Mathura Road,0.686,162.91666666666666
2019-01-08,Dr. Karni Singh Shooting Range,0.778,151.16666666666666
2019-01-08,IGI Airport (T3),0.934,137.39166666666668
2019-01-08,IHBAS,0.795,132.21208333333334
2019-01-08,ITO,0.752,153.82291666666666
2019-01-08,Jahangirpuri,0.727,192.58333333333334
2019-01-08,Jawaharlal Nehru Stadium,0.755,177.27272727272728
2019-01-08,Lodhi Road,0.686,119.14916666666666
2019-01-08,Major Dhyan Chand National Stadium,0.683,142.26041666666666
2019-01-08,Mandir Marg,0.837,150.23958333333334
2019-01-08,Mundka,0.683,211.9375
2019-01-08,Nehru Nagar,0.76,217.86458333333334
2019-01-08,North Campus,0.694,93.27166666666666
2019-01-08,Okhla Phase-2,0.664,181.89583333333334
2019-01-08,Patparganj,0.756,148.73958333333334
2019-01-08,Pusa,0.951,148.105625
2019-01-08,R K Puram,0.718,168.66666666666666
2019-01-08,Rohini,0.727,189.29166666666666
2019-01-08,Sirifort,0.707,173.80434782608697
2019-01-08,Sonia Vihar,0.911,163.3804347826087
2019-01-08,Sri Aurobindo Marg,0.69,141.52083333333334
2019-01-08,Vivek Vihar,0.755,146.75
2019-01-08,Wazirpur,0.64,182.89583333333334
2019-01-09,Alipur,0.457,137.48958333333334
2019-01-09,Anand Vihar,0.522,152.59375
2019-01-09,Ashok Vihar,0.528,159.60416666666666
2019-01-09,Aya Nagar,0.521,82.49791666666667
2019-01-09,Bawana,0.4975,197.4375
2019-01-09,Burari Crossing,0.5635,116.29291666666667
2019-01-09,CRRI Mathura Road,0.461,135.64708333333334
2019-01-09,DTU,0.539,163.9375
2019-01-09,Dr. Karni Singh Shooting Range,0.612,138.59375
2019-01-09,Dwarka-Sector 8,0.5495,163.96875
2019-01-09,IGI Airport (T3),0.5785,120.42458333333333
2019-01-09,IHBAS,0.548,134.45208333333332
2019-01-09,ITO,0.483,131.97916666666666
2019-01-09,Jahangirpuri,0.5355,196.20833333333334
2019-01-09,Jawaharlal Nehru Stadium,0.4695,117.30357142857143
2019-01-09,Lodhi Road,0.4555,97.65875
2019-01-09,Major Dhyan Chand National Stadium,0.452,124.28125
2019-01-09,Mandir Marg,0.4775,131.41666666666666
2019-01-09,Mundka,0.549,174.54166666666666
2019-01-09,NSIT Dwarka,0.5495,151.65541666666667
2019-01-09,Najafgarh,0.538,155.26041666666666
2019-01-09,Narela,0.529,132.75
2019-01-09,Nehru Nagar,0.442,204.28125
2019-01-09,North Campus,0.4825,110.46666666666665
2019-01-09,Okhla Phase-2,0.432,149.83333333333334
2019-01-09,Patparganj,0.5505,125.0
2019-01-09,Punjabi Bagh,0.4905,137.04166666666666
2019-01-09,Pusa,0.45,133.76765957446807
2019-01-09,R K Puram,0.482,131.63888888888889
2019-01-09,Rohini,0.51,184.22916666666666
2019-01-09,Shadipur,0.4625,109.1875
2019-01-09,Sirifort,0.4865,142.3125
2019-01-09,Sonia Vihar,0.507,153.95833333333334
2019-01-09,Sri Aurobindo Marg,0.482,133.75
2019-01-09,Vivek Vihar,0.551,141.72916666666666
2019-01-09,Wazirpur,0.5025,162.63541666666666
2019-01-10,Alipur,0.483,173.01041666666666
2019-01-10,Aya Nagar,0.394,79.16583333333334
2019-01-10,Bawana,0.76,188.2840909090909
2019-01-10,Burari Crossing,0.619,140.80249999999998
2019-01-10,CRRI Mathura Road,0.589,155.36125
2019-01-10,DTU,0.601,177.1304347826087
2019-01-10,IHBAS,0.673,148.14000000000001
2019-01-10,ITO,0.639,191.43055555555554
2019-01-10,Jahangirpuri,0.621,188.16666666666666
2019-01-10,Lodhi Road,0.534,102.62333333333333
2019-01-10,Major Dhyan Chand National Stadium,0.534,130.86458333333334
2019-01-10,Mandir Marg,0.674,158.22916666666666
2019-01-10,Mundka,0.549,237.3125
2019-01-10,Narela,0.6,177.21875
2019-01-10,Nehru Nagar,0.497,196.39285714285714
2019-01-10,North Campus,0.599,121.82583333333334
2019-01-10,Rohini,0.577,195.66666666666666
2019-01-10,Vivek Vihar,0.701,172.47916666666666
2019-01-10,Wazirpur,0.606,187.98958333333334
2019-01-11,Alipur,0.926,233.22916666666666
2019-01-11,Anand Vihar,1.136,296.1875
2019-01-11,Ashok Vihar,1.1705,263.0
2019-01-11,Bawana,1.054,286.11764705882354
2019-01-11,Burari Crossing,1.294,259.8517391304348
2019-01-11,DTU,0.92,255.05
2019-01-11,Dwarka-Sector 8,0.953,291.04761904761904
2019-01-11,IHBAS,1.4725,252.53411764705882
2019-01-11,ITO,1.0225,271.61842105263156
2019-01-11,Jahangirpuri,1.182,237.78947368421052
2019-01-11,Lodhi Road,0.889,200.60791666666668
2019-01-11,Major Dhyan Chand National Stadium,1.009,206.0625
2019-01-11,Mundka,1.266,279.0833333333333
2019-01-11,NSIT Dwarka,0.953,174.96727272727273
2019-01-11,Najafgarh,1.029,199.43478260869566
2019-01-11,Narela,1.0435,253.6413043478261
2019-01-11,North Campus,1.388,210.1221739130435
2019-01-11,Patparganj,1.24,249.3625
2019-01-11,Punjabi Bagh,1.1225,254.3
2019-01-11,Pusa,1.097,213.995
2019-01-11,Rohini,1.078,306.57142857142856
2019-01-11,Shadipur,1.303,251.65764705882356
2019-01-11,Sonia Vihar,1.5085,247.71428571428572
2019-01-11,Vivek Vihar,1.464,273.8863636363636
2019-01-11,Wazirpur,1.129,306.05
2019-01-12,Alipur,1.354,326.525
2019-01-12,Anand Vihar,1.371,302.46153846153845
2019-01-12,Ashok Vihar,1.179,293.0882352941176
2019-01-12,Bawana,1.474,301.0
2019-01-12,CRRI Mathura Road,1.44,160.997
2019-01-12,DTU,1.529,284.4021739130435
2019-01-12,Dwarka-Sector 8,1.512,239.27272727272728
2019-01-12,IGI Airport (T3),1.453,192.92857142857142
2019-01-12,IHBAS,1.437,197.04555555555555
2019-01-12,ITO,1.252,273.2875
2019-01-12,Jawaharlal Nehru Stadium,1.485,256.90384615384613
2019-01-12,Lodhi Road,1.5,232.88739130434783
2019-01-12,Major Dhyan Chand National Stadium,1.412,227.59375
2019-01-12,Mandir Marg,1.235,223.28571428571428
2019-01-12,Mundka,1.508,298.9791666666667
2019-01-12,NSIT Dwarka,1.512,184.43615384615384
2019-01-12,Najafgarh,1.476,226.3181818181818
2019-01-12,Narela,1.402,305.4583333333333
2019-01-12,Nehru Nagar,1.484,324.32142857142856
2019-01-12,North Campus,1.344,221.86681818181816
2019-01-12,Patparganj,1.342,208.35
2019-01-12,Punjabi Bagh,1.275,263.14473684210526
2019-01-12,Pusa,1.289,223.5567391304348
2019-01-12,R K Puram,1.456,333.65625
2019-01-12,Rohini,1.496,307.2352941176471
2019-01-12,Shadipur,1.317,290.644
2019-01-12,Sirifort,1.427,270.52272727272725
2019-01-12,Wazirpur,1.292,332.55555555555554
2019-01-13,Alipur,2.254,241.9673913043478
2019-01-13,Anand Vihar,2.053,251.06944444444446
2019-01-13,Ashok Vihar,1.828,267.8421052631579
2019-01-13,Aya Nagar,2.3205,187.38541666666666
2019-01-13,Bawana,2.203,263.7857142857143
2019-01-13,Burari Crossing,2.1105,213.4895238095238
2019-01-13,CRRI Mathura Road,1.971,266.3165
2019-01-13,DTU,2.108,233.91304347826087
2019-01-13,Dr. Karni Singh Shooting Range,2.33,248.875
2019-01-13,Dwarka-Sector 8,2.068,266.3854166666667
2019-01-13,IGI Airport (T3),2.2545,213.26666666666665
2019-01-13,IHBAS,2.2435,251.9323529411765
2019-01-13,Jahangirpuri,2.1095,256.2717391304348
2019-01-13,Jawaharlal Nehru Stadium,2.181,275.375
2019-01-13,Lodhi Road,2.0845,213.66125
2019-01-13,Major Dhyan Chand National Stadium,2.1005,221.0125
2019-01-13,Mandir Marg,2.0995,236.47619047619048
2019-01-13,Mundka,2.4685,194.08333333333334
2019-01-13,NSIT Dwarka,2.068,219.33541666666667
2019-01-13,Najafgarh,2.4605,252.57894736842104
2019-01-13,Narela,2.1325,213.35
2019-01-13,Nehru Nagar,2.2425,324.3333333333333
2019-01-13,North Campus,2.2095,220.08545454545455
2019-01-13,Okhla Phase-2,2.208,264.86764705882354
2019-01-13,Patparganj,2.045,228.06944444444446
2019-01-13,Punjabi Bagh,1.905,257.3645833333333
2019-01-13,Pusa,1.861,222.5076595744681
2019-01-13,R K Puram,2.1155,243.59615384615384
2019-01-13,Rohini,1.801,265.48809523809524
2019-01-13,Sirifort,2.2395,289.4166666666667
2019-01-13,Sonia Vihar,2.127,240.66176470588235
2019-01-13,Sri Aurobindo Marg,2.036,262.7083333333333
2019-01-13,Vivek Vihar,2.221,244.47222222222223
2019-01-13,Wazirpur,2.183,277.94736842105266
2019-01-14,Alipur,0.307,89.57291666666667
2019-01-14,Anand Vihar,0.3935,96.23958333333333
2019-01-14,Ashok Vihar,0.3265,101.6875
2019-01-14,Aya Nagar,0.308,57.20208333333333
2019-01-14,Bawana,0.2935,129.19791666666666
2019-01-14,Burari Crossing,0.3875,70.30125
2019-01-14,CRRI Mathura Road,0.2985,86.18291666666666
2019-01-14,DTU,0.3515,97.25
2019-01-14,Dr. Karni Singh Shooting Range,0.3275,106.1875
2019-01-14,Dwarka-Sector 8,0.3465,112.57291666666667
2019-01-14,IGI Airport (T3),0.349,77.67
2019-01-14,IHBAS,0.3755,84.32041666666667
2019-01-14,ITO,0.31,73.63888888888889
2019-01-14,Jahangirpuri,0.3595,115.29166666666667
2019-01-14,Jawaharlal Nehru Stadium,0.302,95.92708333333333
2019-01-14,Lodhi Road,0.2865,53.20782608695652
2019-01-14,Major Dhyan Chand National Stadium,0.3035,74.1875
2019-01-14,Mandir Marg,0.314,85.32291666666667
2019-01-14,Mundka,0.338,124.75
2019-01-14,NSIT Dwarka,0.3465,107.9525
2019-01-14,Najafgarh,0.326,102.91666666666667
2019-01-14,Narela,0.3215,92.0
2019-01-14,Nehru Nagar,0.278,134.13541666666666
2019-01-14,North Campus,0.319,81.62041666666666
2019-01-14,Okhla Phase-2,0.301,95.64583333333333
2019-01-14,Patparganj,0.3835,83.90625
2019-01-14,Punjabi Bagh,0.304,89.21875
2019-01-14,Pusa,0.289,83.8
2019-01-14,R K Puram,0.3255,106.42857142857143
2019-01-14,Rohini,0.31,113.03125
2019-01-14,Sirifort,0.3185,95.33333333333333
2019-01-14,Sonia Vihar,0.3655,89.79166666666667
2019-01-14,Sri Aurobindo Marg,0.333,100.45833333333333
2019-01-14,Vivek Vihar,0.3785,85.73809523809524
2019-01-14,Wazirpur,0.3135,110.21875
2019-01-16,Mandir Marg,0.393,233.94791666666666
2019-01-17,Alipur,1.169,286.54761904761904
2019-01-17,Anand Vihar,1.05,315.078125
2019-01-17,Ashok Vihar,1.245,317.46875
2019-01-17,Aya Nagar,0.9525,197.55
2019-01-17,Bawana,1.813,327.6923076923077
2019-01-17,Burari Crossing,1.3475,279.46
2019-01-17,CRRI Mathura Road,1.169,207.46636363636364
2019-01-17,DTU,1.143,268.5
2019-01-17,Dr. Karni Singh Shooting Range,0.9885,255.75
2019-01-17,Dwarka-Sector 8,1.1925,323.15277777777777
2019-01-17,IGI Airport (T3),1.154,239.24625
2019-01-17,IHBAS,0.966,264.51454545454544
2019-01-17,ITO,1.162,275.5208333333333
2019-01-17,Jahangirpuri,1.287,337.78409090909093
2019-01-17,Jawaharlal Nehru Stadium,1.1275,265.275
2019-01-17,Lodhi Road,1.219,233.36599999999999
2019-01-17,Major Dhyan Chand National Stadium,1.149,247.953125
2019-01-17,Mandir Marg,1.218,281.125
2019-01-17,Mundka,1.266,354.05263157894734
2019-01-17,NSIT Dwarka,1.1925,236.52599999999998
2019-01-17,Najafgarh,1.103,275.2
2019-01-17,Narela,1.437,284.8611111111111
2019-01-17,Nehru Nagar,1.05,323.825
2019-01-17,Okhla Phase-2,0.9945,287.7083333333333
2019-01-17,Patparganj,1.0195,243.30769230769232
2019-01-17,Punjabi Bagh,1.259,298.3157894736842
2019-01-17,Pusa,1.1775,259.62387096774194
2019-01-17,R K Puram,1.052,295.6363636363636
2019-01-17,Rohini,1.3115,329.828125
2019-01-17,Shadipur,1.137,257.86545454545455
2019-01-17,Sirifort,1.084,305.53125
2019-01-17,Sonia Vihar,1.017,293.14473684210526
2019-01-17,Sri Aurobindo Marg,1.168,271.06666666666666
2019-01-17,Vivek Vihar,1.09,286.07142857142856
2019-01-17,Wazirpur,1.2005,335.88235294117646
2019-01-18,Alipur,0.691,159.63833333333335
2019-01-18,Anand Vihar,0.7905,256.8541666666667
2019-01-18,Ashok Vihar,0.662,266.9375
2019-01-18,Aya Nagar,0.5935,147.40583333333333
2019-01-18,Bawana,0.711,264.0
2019-01-18,Burari Crossing,0.499,224.7875
2019-01-18,CRRI Mathura Road,0.6275,267.035
2019-01-18,DTU,0.524,231.7058823529412
2019-01-18,Dr. Karni Singh Shooting Range,0.641,231.0909090909091
2019-01-18,Dwarka-Sector 8,0.62,180.14363636363635
2019-01-18,IGI Airport (T3),0.7095,167.0842857142857
2019-01-18,IHBAS,0.8075,217.85
2019-01-18,ITO,0.697,235.71428571428572
2019-01-18,Jahangirpuri,0.6745,278.9791666666667
2019-01-18,Jawaharlal Nehru Stadium,0.566,243.51190476190476
2019-01-18,Lodhi Road,0.5855,161.745
2019-01-18,Major Dhyan Chand National Stadium,0.633,206.69791666666666
2019-01-18,Mandir Marg,0.678,225.65217391304347
2019-01-18,Mundka,0.624,230.20454545454547
2019-01-18,NSIT Dwarka,0.62,199.03227272727273
2019-01-18,Najafgarh,0.662,151.35416666666666
2019-01-18,Nehru Nagar,0.552,276.5
2019-01-18,North Campus,0.741,191.79166666666666
2019-01-18,Okhla Phase-2,0.5385,241.89583333333334
2019-01-18,Patparganj,0.764,232.3695652173913
2019-01-18,Punjabi Bagh,0.6865,211.21875
2019-01-18,Pusa,0.799,224.32108695652175
2019-01-18,R K Puram,0.5575,231.325
2019-01-18,Rohini,0.476,309.0
2019-01-18,Shadipur,0.786,210.88909090909092
2019-01-18,Sirifort,0.5275,225.20833333333334
2019-01-18,Sonia Vihar,0.571,253.32291666666666
2019-01-18,Sri Aurobindo Marg,0.4735,182.47916666666666
2019-01-18,Vivek Vihar,0.798,229.6590909090909
2019-01-18,Wazirpur,0.673,301.5652173913044
2019-01-19,Alipur,0.5725,237.70454545454547
2019-01-19,Anand Vihar,0.593,312.4318181818182
2019-01-19,Ashok Vihar,0.549,283.25
2019-01-19,Aya Nagar,0.454,128.04541666666668
2019-01-19,Bawana,0.5335,278.6375
2019-01-19,Burari Crossing,0.557,242.6021739130435
2019-01-19,CRRI Mathura Road,0.5135,262.4030434782609
2019-01-19,DTU,0.543,219.25
2019-01-19,Dr. Karni Singh Shooting Range,0.45,210.41304347826087
2019-01-19,Dwarka-Sector 8,0.501,208.5921052631579
2019-01-19,IGI Airport (T3),0.4745,135.04166666666666
2019-01-19,IHBAS,0.579,236.60619047619045
2019-01-19,ITO,0.5235,248.91666666666666
2019-01-19,Jahangirpuri,0.4965,302.025
2019-01-19,Jawaharlal Nehru Stadium,0.4375,217.6184210526316
2019-01-19,Lodhi Road,0.476,159.84583333333333
2019-01-19,Major Dhyan Chand National Stadium,0.4525,179.31944444444446
2019-01-19,Mandir Marg,0.489,224.29761904761904
2019-01-19,Mundka,0.561,288.77777777777777
2019-01-19,NSIT Dwarka,0.501,192.36045454545456
2019-01-19,Najafgarh,0.5155,138.0
2019-01-19,Narela,0.5135,220.61363636363637
2019-01-19,Nehru Nagar,0.45,278.04761904761904
2019-01-19,North Campus,0.544,229.02235294117648
2019-01-19,Okhla Phase-2,0.4415,227.13636363636363
2019-01-19,Patparganj,0.5855,238.84722222222223
2019-01-19,Punjabi Bagh,0.4995,185.51136363636363
2019-01-19,Pusa,0.5085,202.60974358974357
2019-01-19,R K Puram,0.4375,223.0
2019-01-19,Rohini,0.6125,307.3541666666667
2019-01-19,Shadipur,0.501,264.702
2019-01-19,Sirifort,0.472,209.10416666666666
2019-01-19,Sonia Vihar,0.5415,250.325
2019-01-19,Sri Aurobindo Marg,0.444,174.0625
2019-01-19,Vivek Vihar,0.6085,240.1904761904762
2019-01-19,Wazirpur,0.533,296.27777777777777
2019-01-20,Bawana,0.722,296.9852941176471
2019-01-20,Burari Crossing,0.611,217.28176470588235
2019-01-20,DTU,0.872,268.30882352941177
2019-01-20,Dr. Karni Singh Shooting Range,0.523,204.29166666666666
2019-01-20,IGI Airport (T3),0.478,176.11374999999998
2019-01-20,IHBAS,1.112,212.081
2019-01-20,ITO,0.855,278.5
2019-01-20,Lodhi Road,0.693,192.38380952380953
2019-01-20,Najafgarh,0.517,170.88888888888889
2019-01-20,Okhla Phase-2,1.12,267.28125
2019-01-20,R K Puram,0.59,226.6875
2019-01-20,Rohini,0.94,220.54545454545453
2019-01-20,Sri Aurobindo Marg,0.579,187.06521739130434
2019-01-20,Vivek Vihar,1.097,228.35714285714286
2019-01-23,Alipur,1.149,104.20833333333333
2019-01-23,Anand Vihar,1.34,153.5625
2019-01-23,Ashok Vihar,1.83,174.14583333333334
2019-01-23,Aya Nagar,1.935,101.07208333333334
2019-01-23,Bawana,1.904,140.0625
2019-01-23,Burari Crossing,1.715,123.21333333333332
2019-01-23,CRRI Mathura Road,1.493,140.38875
2019-01-23,DTU,2.009,145.5
2019-01-23,Dr. Karni Singh Shooting Range,2.006,117.14583333333333
2019-01-23,Dwarka-Sector 8,1.875,129.86458333333334
2019-01-23,IGI Airport (T3),2.184,113.91875
2019-01-23,IHBAS,1.3075,135.85999999999999
2019-01-23,ITO,1.579,148.53125
2019-01-23,Jahangirpuri,1.929,169.47916666666666
2019-01-23,Jawaharlal Nehru Stadium,1.738,140.85416666666666
2019-01-23,Lodhi Road,1.679,108.00083333333333
2019-01-23,Major Dhyan Chand National Stadium,1.525,125.0
2019-01-23,Mandir Marg,1.901,146.05208333333334
2019-01-23,Mundka,2.384,104.16666666666667
2019-01-23,NSIT Dwarka,1.875,106.46249999999999
2019-01-23,Najafgarh,1.976,88.125
2019-01-23,Narela,1.126,107.625
2019-01-23,Nehru Nagar,1.455,177.71875
2019-01-23,North Campus,2.178,168.8791304347826
2019-01-23,Okhla Phase-2,1.2745,119.45833333333333
2019-01-23,Patparganj,1.3895,124.09375
2019-01-23,Punjabi Bagh,2.012,160.52083333333334
2019-01-23,Pusa,2.148,130.43291666666667
2019-01-23,R K Puram,2.358,148.13541666666666
2019-01-23,Rohini,2.241,168.84375
2019-01-23,Shadipur,2.1,172.71083333333334
2019-01-23,Sirifort,2.043,131.82291666666666
2019-01-23,Sonia Vihar,1.011,115.44791666666667
2019-01-23,Vivek Vihar,1.316,139.17857142857142
2019-01-23,Wazirpur,2.01,193.76041666666666
2019-01-24,Alipur,0.996,102.375
2019-01-24,Anand Vihar,1.084,146.25
2019-01-24,Burari Crossing,0.967,100.665
2019-01-24,CRRI Mathura Road,1.006,139.35625000000002
2019-01-24,DTU,1.051,117.11458333333333
2019-01-24,IHBAS,1.055,160.73416666666665
2019-01-24,Jahangirpuri,1.007,127.4375
2019-01-24,Major Dhyan Chand National Stadium,1.535,117.07291666666667
2019-01-24,Mandir Marg,1.304,119.33333333333333
2019-01-24,Mundka,1.221,105.72916666666667
2019-01-24,North Campus,1.171,156.08791666666667
2019-01-24,Patparganj,1.216,124.98958333333333
2019-01-24,R K Puram,1.408,151.6875
2019-01-24,Rohini,1.15,140.97916666666666
2019-01-24,Vivek Vihar,1.074,136.6875
2019-01-24,Wazirpur,1.153,163.07291666666666
2019-01-25,Anand Vihar,0.956,76.57291666666667
2019-01-25,Ashok Vihar,1.141,91.75
2019-01-25,Aya Nagar,1.393,56.968333333333334
2019-01-25,Bawana,1.05,118.875
2019-01-25,CRRI Mathura Road,1.067,71.32833333333333
2019-01-25,Dwarka-Sector 8,1.204,96.78125
2019-01-25,IHBAS,1.052,71.99083333333333
2019-01-25,ITO,1.15,77.89583333333333
2019-01-25,Jawaharlal Nehru Stadium,1.072,78.85416666666667
2019-01-25,Major Dhyan Chand National Stadium,1.131,62.34375
2019-01-25,Mundka,1.097,79.52083333333333
2019-01-25,NSIT Dwarka,1.204,83.66666666666667
2019-01-25,Najafgarh,1.189,84.59375
2019-01-25,Narela,0.996,78.0
2019-01-25,Nehru Nagar,1.014,116.88541666666667
2019-01-25,North Campus,1.327,86.91083333333334
2019-01-25,Okhla Phase-2,0.972,71.61458333333333
2019-01-25,Patparganj,1.149,67.5625
2019-01-25,Rohini,1.241,95.32291666666667
2019-01-25,Sirifort,1.177,74.20833333333333
2019-01-25,Sonia Vihar,1.052,68.53125
2019-01-25,Sri Aurobindo Marg,1.182,74.70833333333333
2019-01-25,Vivek Vihar,1.027,73.39583333333333
2019-01-25,Wazirpur,1.329,102.44791666666667
2019-01-26,Alipur,0.3645,88.9375
2019-01-26,Anand Vihar,0.4345,93.51041666666667
2019-01-26,Ashok Vihar,0.4395,112.3125
2019-01-26,Aya Nagar,0.503,72.34826086956522
2019-01-26,Burari Crossing,0.4405,77.215
2019-01-26,CRRI Mathura Road,0.4395,95.45916666666666
2019-01-26,DTU,0.3925,106.42708333333333
2019-01-26,Dr. Karni Singh Shooting Range,0.537,112.39285714285714
2019-01-26,Dwarka-Sector 8,0.5815,115.27083333333333
2019-01-26,IGI Airport (T3),0.666,86.78458333333333
2019-01-26,IHBAS,0.458,86.14541666666666
2019-01-26,ITO,0.4375,94.17708333333333
2019-01-26,Jahangirpuri,0.429,137.20833333333334
2019-01-26,Jawaharlal Nehru Stadium,0.454,103.52083333333333
2019-01-26,Lodhi Road,0.4225,58.25541666666667
2019-01-26,Major Dhyan Chand National Stadium,0.4355,73.16666666666667
2019-01-26,Mandir Marg,0.406,89.4375
2019-01-26,Mundka,0.3925,113.77083333333333
2019-01-26,NSIT Dwarka,0.5815,113.87333333333333
2019-01-26,Najafgarh,0.4525,95.60416666666667
2019-01-26,Narela,0.371,94.86458333333333
2019-01-26,Nehru Nagar,0.462,130.8125
2019-01-26,North Campus,0.431,123.93458333333332
2019-01-26,Okhla Phase-2,0.454,93.29166666666667
2019-01-26,Patparganj,0.42,87.03125
2019-01-26,Pusa,0.443,95.85208333333333
2019-01-26,R K Puram,0.4705,120.77083333333333
2019-01-26,Rohini,0.4005,132.32291666666666
2019-01-26,Shadipur,0.4445,125.44416666666666
2019-01-26,Sirifort,0.4895,99.375
2019-01-26,Sonia Vihar,0.4115,92.83333333333333
2019-01-26,Sri Aurobindo Marg,0.453,91.58333333333333
2019-01-26,Vivek Vihar,0.434,90.1875
2019-01-26,Wazirpur,0.373,117.57291666666667
2019-01-28,Alipur,0.403,134.51041666666666
2019-01-28,Anand Vihar,0.473,120.84375
2019-01-28,Ashok Vihar,0.5065,141.8125
2019-01-28,Aya Nagar,0.5525,69.15727272727273
2019-01-28,Bawana,0.4685,162.23958333333334
2019-01-28,Burari Crossing,0.5,62.058461538461536
2019-01-28,CRRI Mathura Road,0.493,105.81857142857143
2019-01-28,DTU,0.482,132.77272727272728
2019-01-28,Dr. Karni Singh Shooting Range,0.548,120.85416666666667
2019-01-28,Dwarka-Sector 8,0.5575,64.51041666666667
2019-01-28,IGI Airport (T3),0.502,74.13285714285715
2019-01-28,IHBAS,0.452,105.59333333333335
2019-01-28,ITO,0.496,106.01041666666667
2019-01-28,Jahangirpuri,0.4755,155.57291666666666
2019-01-28,Jawaharlal Nehru Stadium,0.501,126.08333333333333
2019-01-28,Lodhi Road,0.476,83.23153846153846
2019-01-28,Major Dhyan Chand National Stadium,0.497,87.625
2019-01-28,Mandir Marg,0.4935,100.73958333333333
2019-01-28,Mundka,0.502,122.04166666666667
2019-01-28,NSIT Dwarka,0.5575,125.05291666666666
2019-01-28,Najafgarh,0.5475,146.91666666666666
2019-01-28,Narela,0.4485,133.19791666666666
2019-01-28,Nehru Nagar,0.4765,165.0
2019-01-28,North Campus,0.4955,156.85583333333332
2019-01-28,Okhla Phase-2,0.5005,113.41666666666667
2019-01-28,Patparganj,0.5045,102.40625
2019-01-28,Punjabi Bagh,0.5095,119.19791666666667
2019-01-28,Pusa,0.5185,124.6796875
2019-01-28,R K Puram,0.4875,135.91666666666666
2019-01-28,Rohini,0.491,156.625
2019-01-28,Shadipur,0.534,145.09833333333333
2019-01-28,Sirifort,0.4985,116.58333333333333
2019-01-28,Sonia Vihar,0.433,120.70833333333333
2019-01-28,Sri Aurobindo Marg,0.4645,125.35416666666667
2019-01-28,Vivek Vihar,0.4355,110.38541666666667
2019-01-28,Wazirpur,0.4995,192.7391304347826
2019-01-29,Alipur,0.378,150.17708333333334
2019-01-29,Anand Vihar,0.4605,144.3125
2019-01-29,Ashok Vihar,0.3685,151.125
2019-01-29,Aya Nagar,0.447,84.61083333333333
2019-01-29,Bawana,0.44,200.47916666666666
2019-01-29,Burari Crossing,0.4425,121.34833333333334
2019-01-29,CRRI Mathura Road,0.434,140.3595652173913
2019-01-29,DTU,0.394,167.65625
2019-01-29,Dr. Karni Singh Shooting Range,0.506,139.55208333333334
2019-01-29,Dwarka-Sector 8,0.4785,113.42708333333333
2019-01-29,IGI Airport (T3),0.4455,107.30125
2019-01-29,IHBAS,0.4195,123.22208333333333
2019-01-29,ITO,0.4565,127.98958333333333
2019-01-29,Jahangirpuri,0.413,179.66666666666666
2019-01-29,Jawaharlal Nehru Stadium,0.3925,143.82291666666666
2019-01-29,Lodhi Road,0.3835,90.735
2019-01-29,Major Dhyan Chand National Stadium,0.4425,125.17708333333333
2019-01-29,Mandir Marg,0.3825,119.71875
2019-01-29,Mundka,0.413,146.38541666666666
2019-01-29,NSIT Dwarka,0.4785,139.36541666666668
2019-01-29,Najafgarh,0.4765,141.73958333333334
2019-01-29,Narela,0.372,146.5625
2019-01-29,Nehru Nagar,0.419,187.46875
2019-01-29,North Campus,0.3955,167.33708333333334
2019-01-29,Okhla Phase-2,0.4875,130.58333333333334
2019-01-29,Patparganj,0.453,122.32291666666667
2019-01-29,Punjabi Bagh,0.379,130.42708333333334
2019-01-29,Pusa,0.347,128.75625
2019-01-29,R K Puram,0.461,169.54166666666666
2019-01-29,Rohini,0.3955,179.59375
2019-01-29,Shadipur,0.362,162.16208333333333
2019-01-29,Sirifort,0.454,148.45454545454547
2019-01-29,Sonia Vihar,0.4195,148.5
2019-01-29,Sri Aurobindo Marg,0.3965,140.0
2019-01-29,Vivek Vihar,0.436,133.45833333333334
2019-01-29,Wazirpur,0.385,162.44791666666666
2019-10-03,Dr. Karni Singh Shooting Range,1.189,39.333333333333336
2019-10-03,Dwarka-Sector 8,1.291,61.40625
2019-10-03,NSIT Dwarka,1.291,61.02791666666667
2019-10-03,Narela,1.049,57.395833333333336
2019-10-03,R K Puram,1.144,54.541666666666664
2019-10-03,Sonia Vihar,1.347,52.541666666666664
2019-10-03,Sri Aurobindo Marg,1.145,49.875
2019-10-04,Alipur,1.254,39.07142857142857
2019-10-04,Anand Vihar,1.278,55.53125
2019-10-04,Ashok Vihar,1.204,43.791666666666664
2019-10-04,Aya Nagar,1.216,42.84125
2019-10-04,Bawana,1.3565,48.31818181818182
2019-10-04,Burari Crossing,1.369,43.935833333333335
2019-10-04,CRRI Mathura Road,1.144,44.432500000000005
2019-10-04,DTU,1.3155,45.61541666666667
2019-10-04,Dwarka-Sector 8,1.338,43.541666666666664
2019-10-04,IHBAS,1.098,33.14041666666667
2019-10-04,ITO,1.109,46.36454545454546
2019-10-04,Jahangirpuri,1.308,65.75
2019-10-04,Jawaharlal Nehru Stadium,1.156,39.604166666666664
2019-10-04,Lodhi Road,1.089,38.52041666666667
2019-10-04,Major Dhyan Chand National Stadium,1.115,41.9375
2019-10-04,Mandir Marg,1.275,40.40625
2019-10-04,Mundka,1.458,40.28125
2019-10-04,NSIT Dwarka,1.338,54.020833333333336
2019-10-04,Najafgarh,1.497,29.291666666666668
2019-10-04,Narela,1.2695,42.3125
2019-10-04,Nehru Nagar,1.121,46.885416666666664
2019-10-04,North Campus,1.124,43.79791666666667
2019-10-04,Patparganj,1.178,37.142857142857146
2019-10-04,Punjabi Bagh,1.234,39.833333333333336
2019-10-04,Rohini,1.152,46.208333333333336
2019-10-04,Shadipur,1.344,36.56458333333333
2019-10-04,Sirifort,1.189,41.291666666666664
2019-10-04,Sonia Vihar,1.146,34.458333333333336
2019-10-04,Sri Aurobindo Marg,1.119,36.479166666666664
2019-10-04,Vivek Vihar,1.097,47.104166666666664
2019-10-04,Wazirpur,1.3105,50.25
2019-10-05,Alipur,0.39,35.93478260869565
2019-10-05,Anand Vihar,0.411,44.458333333333336
2019-10-05,Ashok Vihar,0.384,37.916666666666664
2019-10-05,Aya Nagar,0.3645,32.99875
2019-10-05,Bawana,0.399,53.291666666666664
2019-10-05,Burari Crossing,0.4115,41.41125
2019-10-05,CRRI Mathura Road,0.3795,44.52583333333333
2019-10-05,DTU,0.3675,47.29208333333333
2019-10-05,Dr. Karni Singh Shooting Range,0.3965,33.666666666666664
2019-10-05,Dwarka-Sector 8,0.3765,44.4375
2019-10-05,IGI Airport (T3),0.394,37.350833333333334
2019-10-05,IHBAS,0.4025,36.17227272727273
2019-10-05,ITO,0.3625,41.169583333333335
2019-10-05,Jahangirpuri,0.386,53.3125
2019-10-05,Jawaharlal Nehru Stadium,0.3695,32.895833333333336
2019-10-05,Lodhi Road,0.3465,34.51
2019-10-05,Major Dhyan Chand National Stadium,0.338,35.75
2019-10-05,Mandir Marg,0.347,35.083333333333336
2019-10-05,Mundka,0.427,46.76086956521739
2019-10-05,NSIT Dwarka,0.3765,57.65416666666667
2019-10-05,Najafgarh,0.3735,29.3125
2019-10-05,Narela,0.395,36.166666666666664
2019-10-05,Nehru Nagar,0.373,45.260416666666664
2019-10-05,North Campus,0.383,38.38291666666667
2019-10-05,Okhla Phase-2,0.377,35.229166666666664
2019-10-05,Patparganj,0.385,32.34375
2019-10-05,Punjabi Bagh,0.347,34.552083333333336
2019-10-05,Pusa,0.396,36.16574468085106
2019-10-05,R K Puram,0.3595,37.97826086956522
2019-10-05,Rohini,0.3675,42.583333333333336
2019-10-05,Shadipur,0.3755,40.85583333333333
2019-10-05,Sirifort,0.355,42.395833333333336
2019-10-05,Sonia Vihar,0.4245,31.782608695652176
2019-10-05,Sri Aurobindo Marg,0.3535,29.666666666666668
2019-10-05,Vivek Vihar,0.43,40.583333333333336
2019-10-05,Wazirpur,0.373,44.75
2019-10-06,Alipur,0.626,50.785714285714285
2019-10-06,Anand Vihar,0.906,68.07291666666667
2019-10-06,Ashok Vihar,0.851,58.5
2019-10-06,CRRI Mathura Road,0.805,65.87208333333334
2019-10-06,DTU,0.706,61.99791666666667
2019-10-06,Dr. Karni Singh Shooting Range,0.793,57.395833333333336
2019-10-06,Dwarka-Sector 8,0.818,64.57291666666667
2019-10-06,IHBAS,0.915,44.64166666666667
2019-10-06,ITO,0.814,57.596666666666664
2019-10-06,Jawaharlal Nehru Stadium,0.834,52.375
2019-10-06,Lodhi Road,0.747,53.90125
2019-10-06,Major Dhyan Chand National Stadium,0.708,52.15625
2019-10-06,Mandir Marg,0.834,60.864583333333336
2019-10-06,NSIT Dwarka,0.818,78.93833333333333
2019-10-06,Najafgarh,0.868,50.166666666666664
2019-10-06,Narela,0.72,53.645833333333336
2019-10-06,Nehru Nagar,0.831,59.739583333333336
2019-10-06,North Campus,0.851,54.56666666666666
2019-10-06,Okhla Phase-2,0.91,56.979166666666664
2019-10-06,Patparganj,0.973,51.09375
2019-10-06,Punjabi Bagh,0.842,52.166666666666664
2019-10-06,Pusa,0.85,54.645624999999995
2019-10-06,R K Puram,0.742,56.510416666666664
2019-10-06,Rohini,0.794,62.666666666666664
2019-10-06,Shadipur,0.854,58.04291666666666
2019-10-06,Sirifort,0.846,61.989583333333336
2019-10-06,Sonia Vihar,0.872,57.708333333333336
2019-10-06,Sri Aurobindo Marg,0.803,47.583333333333336
2019-10-06,Vivek Vihar,0.945,63.645833333333336
2019-10-06,Wazirpur,0.778,63.822916666666664
2019-10-07,Najafgarh,0.646,47.958333333333336
2019-10-08,Alipur,0.346,36.5
2019-10-08,Anand Vihar,0.4535,46.09375
2019-10-08,Ashok Vihar,0.371,44.729166666666664
2019-10-08,Aya Nagar,0.473,41.72666666666667
2019-10-08,Bawana,0.275,65.0
2019-10-08,Burari Crossing,0.428,46.54666666666666
2019-10-08,CRRI Mathura Road,0.4275,47.80291666666667
2019-10-08,DTU,0.3515,45.82333333333333
2019-10-08,Dr. Karni Singh Shooting Range,0.48,38.947916666666664
2019-10-08,Dwarka-Sector 8,0.428,56.34375
2019-10-08,IGI Airport (T3),0.515,45.416666666666664
2019-10-08,IHBAS,0.4615,33.87291666666666
2019-10-08,ITO,0.418,44.04666666666666
2019-10-08,Jahangirpuri,0.402,56.416666666666664
2019-10-08,Jawaharlal Nehru Stadium,0.455,35.395833333333336
2019-10-08,Lodhi Road,0.369,32.40333333333333
2019-10-08,Major Dhyan Chand National Stadium,0.3575,37.270833333333336
2019-10-08,Mandir Marg,0.416,48.239583333333336
2019-10-08,Mundka,0.431,46.552083333333336
2019-10-08,NSIT Dwarka,0.428,66.21166666666666
2019-10-08,Najafgarh,0.4825,41.270833333333336
2019-10-08,Nehru Nagar,0.4035,58.84375
2019-10-08,North Campus,0.376,42.223333333333336
2019-10-08,Okhla Phase-2,0.3965,39.104166666666664
2019-10-08,Patparganj,0.4505,40.708333333333336
2019-10-08,Punjabi Bagh,0.3935,39.458333333333336
2019-10-08,Pusa,0.4095,39.731458333333336
2019-10-08,R K Puram,0.401,37.63636363636363
2019-10-08,Rohini,0.342,50.041666666666664
2019-10-08,Shadipur,0.4045,55.249583333333334
2019-10-08,Sirifort,0.4375,49.90625
2019-10-08,Sonia Vihar,0.4635,37.666666666666664
2019-10-08,Sri Aurobindo Marg,0.4425,33.229166666666664
2019-10-08,Vivek Vihar,0.4425,43.9375
2019-10-08,Wazirpur,0.401,49.40625
2019-10-09,Anand Vihar,0.731,79.98913043478261
2019-10-09,Ashok Vihar,0.473,74.1875
2019-10-09,Aya Nagar,0.607,68.02083333333333
2019-10-09,Bawana,0.879,96.91666666666667
2019-10-09,Burari Crossing,0.793,74.62583333333333
2019-10-09,CRRI Mathura Road,0.576,57.70478260869565
2019-10-09,DTU,0.635,84.9325
2019-10-09,Dr. Karni Singh Shooting Range,0.656,67.32291666666667
2019-10-09,Dwarka-Sector 8,0.586,95.375
2019-10-09,IGI Airport (T3),0.645,72.82458333333334
2019-10-09,IHBAS,0.811,59.23130434782608
2019-10-09,ITO,0.457,75.11166666666666
2019-10-09,Jahangirpuri,0.774,83.13541666666667
2019-10-09,Jawaharlal Nehru Stadium,0.631,70.04166666666667
2019-10-09,Lodhi Road,0.568,65.99666666666667
2019-10-09,Major Dhyan Chand National Stadium,0.563,72.77083333333333
2019-10-09,Mandir Marg,0.499,73.0
2019-10-09,Mundka,0.661,89.8913043478261
2019-10-09,NSIT Dwarka,0.586,97.22874999999999
2019-10-09,Najafgarh,0.611,66.1875
2019-10-09,Narela,0.897,90.08333333333333
2019-10-09,Nehru Nagar,0.608,105.11458333333333
2019-10-09,North Campus,0.576,70.7825
2019-10-09,Okhla Phase-2,0.56,75.45833333333333
2019-10-09,Patparganj,0.711,66.77083333333333
2019-10-09,Punjabi Bagh,0.582,73.35416666666667
2019-10-09,Pusa,0.49,67.23625
2019-10-09,R K Puram,0.487,67.97727272727273
2019-10-09,Rohini,0.711,96.08333333333333
2019-10-09,Shadipur,0.57,90.13583333333334
2019-10-09,Sirifort,0.574,95.01190476190476
2019-10-09,Sonia Vihar,0.835,69.95833333333333
2019-10-09,Sri Aurobindo Marg,0.411,60.6875
2019-10-09,Vivek Vihar,0.735,74.10416666666667
2019-10-09,Wazirpur,0.656,82.92708333333333
2019-10-10,Alipur,0.928,107.9375
2019-10-10,Anand Vihar,0.872,117.3125
2019-10-10,CRRI Mathura Road,0.8735,90.91000000000001
2019-10-10,Dr. Karni Singh Shooting Range,0.733,81.07291666666667
2019-10-10,Dwarka-Sector 8,0.709,98.53125
2019-10-10,IGI Airport (T3),0.688,72.7
2019-10-10,ITO,0.689,96.42526315789473
2019-10-10,Jawaharlal Nehru Stadium,0.769,83.20833333333333
2019-10-10,Lodhi Road,0.7895,81.68916666666667
2019-10-10,Major Dhyan Chand National Stadium,0.8225,80.5
2019-10-10,Mandir Marg,0.8905,93.38541666666667
2019-10-10,NSIT Dwarka,0.709,115.56333333333333
2019-10-10,Najafgarh,0.834,92.0
2019-10-10,Narela,1.037,122.60416666666667
2019-10-10,Nehru Nagar,0.874,95.91666666666667
2019-10-10,Okhla Phase-2,0.667,93.16666666666667
2019-10-10,Patparganj,0.817,83.03125
2019-10-10,Punjabi Bagh,0.805,98.15625
2019-10-10,Pusa,0.721,81.98875
2019-10-10,R K Puram,0.7855,71.0875
2019-10-10,Shadipur,0.682,110.95208333333333
2019-10-10,Sirifort,0.7845,101.64583333333333
2019-10-10,Sri Aurobindo Marg,0.7945,74.35416666666667
2019-10-11,Alipur,1.397,105.77083333333333
2019-10-11,Anand Vihar,0.919,135.0441176470588
2019-10-11,Ashok Vihar,0.9475,110.375
2019-10-11,Aya Nagar,0.6785,78.39708333333333
2019-10-11,Bawana,1.2835,132.72916666666666
2019-10-11,Burari Crossing,1.1715,95.19333333333333
2019-10-11,CRRI Mathura Road,1.063,99.83999999999999
2019-10-11,DTU,1.363,109.88130434782609
2019-10-11,Dr. Karni Singh Shooting Range,0.5995,87.75
2019-10-11,Dwarka-Sector 8,0.6415,101.39583333333333
2019-10-11,IGI Airport (T3),0.7125,72.59291666666667
2019-10-11,IHBAS,0.8525,76.58666666666666
2019-10-11,ITO,1.1325,80.1925
2019-10-11,Jahangirpuri,1.12,122.75
2019-10-11,Jawaharlal Nehru Stadium,0.8195,95.5625
2019-10-11,Lodhi Road,0.8725,87.76086956521739
2019-10-11,Major Dhyan Chand National Stadium,1.0125,93.75
2019-10-11,Mandir Marg,0.9555,100.64583333333333
2019-10-11,Mundka,1.102,109.54166666666667
2019-10-11,NSIT Dwarka,0.6415,98.96749999999999
2019-10-11,Najafgarh,0.851,74.02083333333333
2019-10-11,Nehru Nagar,0.875,106.125
2019-10-11,North Campus,0.911,93.1425
2019-10-11,Okhla Phase-2,0.912,96.13541666666667
2019-10-11,Patparganj,0.877,89.23958333333333
2019-10-11,Punjabi Bagh,0.9625,95.94791666666667
2019-10-11,Pusa,0.9745,87.93645833333333
2019-10-11,R K Puram,0.72,73.609375
2019-10-11,Rohini,1.498,127.125
2019-10-11,Shadipur,1.0015,93.02
2019-10-11,Sirifort,0.794,109.5
2019-10-11,Sonia Vihar,0.6685,91.20833333333333
2019-10-11,Sri Aurobindo Marg,0.68,84.375
2019-10-11,Vivek Vihar,0.9215,106.20833333333333
2019-10-11,Wazirpur,1.0445,115.27083333333333
2019-10-12,Alipur,0.915,102.75
2019-10-12,Anand Vihar,1.011,132.78125
2019-10-12,Aya Nagar,0.823,89.37416666666667
2019-10-12,Bawana,0.9185,133.88541666666666
2019-10-12,Burari Crossing,0.777,107.51708333333333
2019-10-12,CRRI Mathura Road,0.94,106.79333333333334
2019-10-12,DTU,0.831,115.72833333333334
2019-10-12,Dr. Karni Singh Shooting Range,0.805,90.97916666666667
2019-10-12,Dwarka-Sector 8,0.839,116.89583333333333
2019-10-12,IGI Airport (T3),0.86,97.72625
2019-10-12,IHBAS,0.928,100.925
2019-10-12,ITO,1.021,105.2375
2019-10-12,Jahangirpuri,0.819,123.54166666666667
2019-10-12,Jawaharlal Nehru Stadium,0.993,99.10416666666667
2019-10-12,Major Dhyan Chand National Stadium,0.964,93.19791666666667
2019-10-12,Mundka,0.9665,127.14583333333333
2019-10-12,NSIT Dwarka,0.839,95.84291666666667
2019-10-12,Najafgarh,0.699,81.95833333333333
2019-10-12,Narela,0.809,91.41666666666667
2019-10-12,Nehru Nagar,0.828,107.90625
2019-10-12,North Campus,0.86,96.82249999999999
2019-10-12,Okhla Phase-2,0.966,98.04166666666667
2019-10-12,Patparganj,1.09,92.39583333333333
2019-10-12,R K Puram,0.901,77.61842105263158
2019-10-12,Rohini,0.858,130.25
2019-10-12,Sirifort,1.009,115.4375
2019-10-12,Sonia Vihar,0.8405,95.95833333333333
2019-10-12,Sri Aurobindo Marg,0.95,80.14583333333333
2019-10-12,Vivek Vihar,0.932,124.75
2019-10-13,Anand Vihar,1.633,180.8125
2019-10-13,Ashok Vihar,1.682,151.91666666666666
2019-10-13,Aya Nagar,1.401,102.985
2019-10-13,Bawana,1.431,158.94791666666666
2019-10-13,Burari Crossing,1.765,131.6975
2019-10-13,CRRI Mathura Road,1.641,135.14583333333334
2019-10-13,Dr. Karni Singh Shooting Range,1.298,110.70833333333333
2019-10-13,Dwarka-Sector 8,1.71,132.22916666666666
2019-10-13,IGI Airport (T3),1.701,122.39458333333334
2019-10-13,IHBAS,1.572,137.10416666666666
2019-10-13,ITO,1.523,131.94541666666666
2019-10-13,Jawaharlal Nehru Stadium,1.582,122.41666666666667
2019-10-13,Lodhi Road,1.73,116.75875
2019-10-13,Major Dhyan Chand National Stadium,1.674,119.13541666666667
2019-10-13,Mundka,1.563,155.70833333333334
2019-10-13,NSIT Dwarka,1.71,130.53833333333333
2019-10-13,Najafgarh,1.571,97.43181818181819
2019-10-13,Narela,1.577,154.35416666666666
2019-10-13,Nehru Nagar,1.4,143.09375
2019-10-13,North Campus,1.72,122.78250000000001
2019-10-13,Okhla Phase-2,1.42,121.375
2019-10-13,Patparganj,1.5,125.51041666666667
2019-10-13,Punjabi Bagh,1.685,127.05208333333333
2019-10-13,R K Puram,1.314,85.3
2019-10-13,Shadipur,1.701,125.5
2019-10-13,Sirifort,1.399,126.77083333333333
2019-10-13,Sonia Vihar,1.524,124.29166666666667
2019-10-13,Sri Aurobindo Marg,1.367,102.10416666666667
2019-10-13,Vivek Vihar,1.546,181.8125
2019-10-13,Wazirpur,1.527,156.89583333333334
2019-10-14,Alipur,0.989,125.22916666666667
2019-10-14,Anand Vihar,1.255,146.53125
2019-10-14,Ashok Vihar,1.2345,126.16666666666667
2019-10-14,Aya Nagar,0.942,107.6225
2019-10-14,Bawana,0.8965,139.92708333333334
2019-10-14,Burari Crossing,1.1545,112.08541666666667
2019-10-14,CRRI Mathura Road,1.2355,119.04041666666667
2019-10-14,DTU,0.998,130.36166666666665
2019-10-14,Dr. Karni Singh Shooting Range,0.9915,102.67708333333333
2019-10-14,Dwarka-Sector 8,1.0705,138.10416666666666
2019-10-14,IGI Airport (T3),1.0285,113.32625
2019-10-14,IHBAS,1.033,109.29791666666667
2019-10-14,ITO,1.127,114.13375
2019-10-14,Jahangirpuri,1.1575,137.45833333333334
2019-10-14,Jawaharlal Nehru Stadium,1.357,110.95833333333333
2019-10-14,Lodhi Road,1.3345,107.57166666666666
2019-10-14,Major Dhyan Chand National Stadium,1.353,99.875
2019-10-14,Mandir Marg,1.201,103.76041666666667
2019-10-14,Mundka,0.854,127.54166666666667
2019-10-14,NSIT Dwarka,1.0705,117.39541666666666
2019-10-14,Najafgarh,0.96,92.20833333333333
2019-10-14,Narela,0.788,125.97916666666667
2019-10-14,Nehru Nagar,1.251,115.21875
2019-10-14,North Campus,0.9665,106.22833333333334
2019-10-14,Okhla Phase-2,1.319,108.66666666666667
2019-10-14,Patparganj,1.0895,103.26041666666667
2019-10-14,Punjabi Bagh,1.04,117.39583333333333
2019-10-14,Pusa,1.1725,94.82229166666667
2019-10-14,R K Puram,1.1165,81.10416666666667
2019-10-14,Rohini,0.932,138.16666666666666
2019-10-14,Shadipur,1.117,113.5675
2019-10-14,Sirifort,1.34,119.90625
2019-10-14,Sonia Vihar,1.212,105.41666666666667
2019-10-14,Sri Aurobindo Marg,1.151,92.16666666666667
2019-10-14,Vivek Vihar,1.124,140.41666666666666
2019-10-14,Wazirpur,1.089,139.4375
2019-10-15,Alipur,1.262,140.22916666666666
2019-10-15,Anand Vihar,1.441,172.69791666666666
2019-10-15,Ashok Vihar,1.329,141.14583333333334
2019-10-15,Aya Nagar,0.891,122.2325
2019-10-15,Bawana,1.313,163.47916666666666
2019-10-15,CRRI Mathura Road,1.314,146.60958333333335
2019-10-15,DTU,1.339,152.54166666666666
2019-10-15,Dr. Karni Singh Shooting Range,0.9415,112.81666666666666
2019-10-15,Dwarka-Sector 8,1.071,146.53125
2019-10-15,IGI Airport (T3),1.1845,113.68458333333332
2019-10-15,IHBAS,1.3335,116.79083333333334
2019-10-15,ITO,1.283,130.195
2019-10-15,Jawaharlal Nehru Stadium,1.425,123.66666666666667
2019-10-15,Lodhi Road,1.261,118.51208333333334
2019-10-15,Major Dhyan Chand National Stadium,1.292,117.48958333333333
2019-10-15,Mandir Marg,1.3825,114.39583333333333
2019-10-15,Mundka,1.27,155.60416666666666
2019-10-15,NSIT Dwarka,1.071,122.80791666666666
2019-10-15,Najafgarh,1.231,105.02083333333333
2019-10-15,Narela,1.223,152.45833333333334
2019-10-15,Nehru Nagar,1.4015,157.17708333333334
2019-10-15,North Campus,1.248,120.61083333333333
2019-10-15,Patparganj,1.3085,121.70833333333333
2019-10-15,Pusa,1.243,106.33416666666666
2019-10-15,R K Puram,1.1135,80.55
2019-10-15,Rohini,1.261,165.47826086956522
2019-10-15,Shadipur,1.237,131.96333333333334
2019-10-15,Sirifort,1.235,145.44791666666666
2019-10-15,Sonia Vihar,1.505,117.69791666666667
2019-10-15,Sri Aurobindo Marg,1.088,106.5625
2019-10-15,Vivek Vihar,1.3445,149.26041666666666
2019-10-15,Wazirpur,1.295,145.29166666666666
2019-10-16,Alipur,1.631,145.70833333333334
2019-10-16,Anand Vihar,1.621,164.33333333333334
2019-10-16,Ashok Vihar,1.741,151.5625
2019-10-16,Aya Nagar,1.265,144.45541666666665
2019-10-16,Bawana,1.701,187.34375
2019-10-16,Burari Crossing,1.8095,143.75416666666666
2019-10-16,CRRI Mathura Road,1.7005,137.93625
2019-10-16,Dr. Karni Singh Shooting Range,1.3105,136.63541666666666
2019-10-16,Dwarka-Sector 8,1.3385,156.76041666666666
2019-10-16,IGI Airport (T3),1.3565,157.3542857142857
2019-10-16,IHBAS,1.805,133.0625
2019-10-16,ITO,1.694,141.2186956521739
2019-10-16,Jahangirpuri,1.7295,155.20833333333334
2019-10-16,Jawaharlal Nehru Stadium,1.6845,142.09375
2019-10-16,Lodhi Road,1.7,139.14083333333335
2019-10-16,Major Dhyan Chand National Stadium,1.73,130.04166666666666
2019-10-16,Mandir Marg,1.7015,127.71875
2019-10-16,Mundka,1.466,179.39583333333334
2019-10-16,NSIT Dwarka,1.3385,139.94
2019-10-16,Najafgarh,1.4525,135.29166666666666
2019-10-16,Narela,1.755,171.22916666666666
2019-10-16,Nehru Nagar,1.676,147.38541666666666
2019-10-16,Okhla Phase-2,1.5645,145.25
2019-10-16,Patparganj,1.7625,130.27083333333334
2019-10-16,Punjabi Bagh,1.6155,141.39583333333334
2019-10-16,Pusa,1.478,128.27520833333332
2019-10-16,R K Puram,1.5405,97.0
2019-10-16,Shadipur,1.603,114.71375
2019-10-16,Sirifort,1.5585,150.33695652173913
2019-10-16,Sonia Vihar,1.898,138.625
2019-10-16,Sri Aurobindo Marg,1.4295,132.48958333333334
2019-10-16,Vivek Vihar,1.7805,162.83333333333334
2019-10-16,Wazirpur,1.659,166.47916666666666
2019-10-17,Alipur,1.53,127.39583333333333
2019-10-17,Anand Vihar,1.425,129.2840909090909
2019-10-17,Ashok Vihar,1.404,123.95833333333333
2019-10-17,Bawana,1.707,163.52083333333334
2019-10-17,CRRI Mathura Road,1.3615,105.74416666666667
2019-10-17,Dr. Karni Singh Shooting Range,1.409,110.54166666666667
2019-10-17,Dwarka-Sector 8,1.43,126.36458333333333
2019-10-17,IGI Airport (T3),1.415,127.14142857142858
2019-10-17,IHBAS,1.353,116.65416666666665
2019-10-17,ITO,1.3845,110.55958333333332
2019-10-17,Jawaharlal Nehru Stadium,1.3295,120.41666666666667
2019-10-17,Lodhi Road,1.327,107.99208333333333
2019-10-17,Major Dhyan Chand National Stadium,1.348,101.16666666666667
2019-10-17,Mandir Marg,1.412,97.32608695652173
2019-10-17,Mundka,1.415,130.46875
2019-10-17,NSIT Dwarka,1.43,113.00791666666667
2019-10-17,Najafgarh,1.164,112.55681818181819
2019-10-17,Narela,1.437,145.52083333333334
2019-10-17,Nehru Nagar,1.3335,120.33333333333333
2019-10-17,Okhla Phase-2,1.2815,115.83333333333333
2019-10-17,Patparganj,1.431,97.5625
2019-10-17,Punjabi Bagh,1.436,108.14583333333333
2019-10-17,Pusa,1.4515,102.8525
2019-10-17,R K Puram,1.3415,87.375
2019-10-17,Shadipur,1.4335,88.0175
2019-10-17,Sirifort,1.367,127.72916666666667
2019-10-17,Sonia Vihar,1.471,124.38541666666667
2019-10-17,Sri Aurobindo Marg,1.451,109.15625
2019-10-17,Vivek Vihar,1.363,144.85416666666666
2019-10-17,Wazirpur,1.476,147.16666666666666
2019-10-18,Alipur,1.0875,111.95238095238095
2019-10-18,Anand Vihar,1.1485,71.75
2019-10-18,Ashok Vihar,1.068,82.10416666666667
2019-10-18,Aya Nagar,0.9985,91.44041666666668
2019-10-18,Bawana,1.1195,156.4090909090909
2019-10-18,Burari Crossing,1.37,88.65625
2019-10-18,CRRI Mathura Road,1.1365,82.83166666666666
2019-10-18,DTU,1.172,114.63583333333334
2019-10-18,Dr. Karni Singh Shooting Range,1.045,90.63541666666667
2019-10-18,Dwarka-Sector 8,0.984,95.77083333333333
2019-10-18,IGI Airport (T3),0.9935,44.32869565217391
2019-10-18,IHBAS,1.2855,91.24000000000001
2019-10-18,ITO,1.0535,84.82478260869566
2019-10-18,Jahangirpuri,1.362,95.125
2019-10-18,Jawaharlal Nehru Stadium,1.1225,91.41666666666667
2019-10-18,Lodhi Road,1.176,88.07333333333332
2019-10-18,Major Dhyan Chand National Stadium,1.1095,82.36458333333333
2019-10-18,Mandir Marg,1.069,86.4375
2019-10-18,Mundka,1.06,89.25
2019-10-18,NSIT Dwarka,0.984,90.16708333333334
2019-10-18,Najafgarh,0.9515,100.61538461538461
2019-10-18,Narela,1.1465,111.35416666666667
2019-10-18,Nehru Nagar,1.1345,95.26041666666667
2019-10-18,North Campus,1.14,53.354615384615386
2019-10-18,Okhla Phase-2,1.0395,90.34375
2019-10-18,Patparganj,1.1025,76.1875
2019-10-18,Punjabi Bagh,1.097,82.8586956521739
2019-10-18,Pusa,1.268,80.29625
2019-10-18,R K Puram,0.981,65.40789473684211
2019-10-18,Rohini,1.0825,86.77083333333333
2019-10-18,Shadipur,1.231,77.04291666666667
2019-10-18,Sirifort,1.0875,108.26041666666667
2019-10-18,Sonia Vihar,1.296,93.33333333333333
2019-10-18,Sri Aurobindo Marg,0.9645,86.59375
2019-10-18,Vivek Vihar,1.221,77.06666666666666
2019-10-18,Wazirpur,1.073,101.97916666666667
2019-10-19,Alipur,1.3075,68.19565217391305
2019-10-19,Anand Vihar,1.71,101.78125
2019-10-19,Ashok Vihar,1.393,80.64583333333333
2019-10-19,Aya Nagar,1.17,68.08375
2019-10-19,Bawana,1.583,93.82142857142857
2019-10-19,Burari Crossing,1.358,69.68249999999999
2019-10-19,CRRI Mathura Road,1.662,83.72416666666668
2019-10-19,DTU,1.49,79.9875
2019-10-19,Dr. Karni Singh Shooting Range,1.204,70.9375
2019-10-19,Dwarka-Sector 8,1.418,86.26041666666667
2019-10-19,IHBAS,1.496,82.38608695652174
2019-10-19,ITO,1.556,79.20166666666667
2019-10-19,Jahangirpuri,1.383,90.04166666666667
2019-10-19,Jawaharlal Nehru Stadium,1.617,67.70833333333333
2019-10-19,Lodhi Road,1.67,71.64333333333333
2019-10-19,Major Dhyan Chand National Stadium,1.663,73.45833333333333
2019-10-19,Mandir Marg,1.625,70.11458333333333
2019-10-19,Mundka,1.4455,95.375
2019-10-19,NSIT Dwarka,1.418,78.64416666666666
2019-10-19,Najafgarh,1.3405,87.88888888888889
2019-10-19,Narela,1.2795,80.02083333333333
2019-10-19,North Campus,1.4,66.54541666666667
2019-10-19,Punjabi Bagh,1.547,71.9342105263158
2019-10-19,R K Puram,1.447,58.125
2019-10-19,Rohini,1.404,91.04166666666667
2019-10-19,Shadipur,1.56,61.63708333333333
2019-10-19,Sirifort,1.545,88.63541666666667
2019-10-19,Sonia Vihar,1.056,67.04166666666667
2019-10-19,Vivek Vihar,1.579,95.77083333333333
2019-10-19,Wazirpur,1.4565,95.3125
2019-10-20,Alipur,0.4455,89.30208333333333
2019-10-20,Anand Vihar,0.5205,112.47916666666667
2019-10-20,Ashok Vihar,0.505,108.85416666666667
2019-10-20,Aya Nagar,0.476,97.13791666666667
2019-10-20,Bawana,0.523,121.78125
2019-10-20,Burari Crossing,0.276,93.43708333333332
2019-10-20,CRRI Mathura Road,0.51,108.50041666666668
2019-10-20,DTU,0.311,110.85458333333334
2019-10-20,Dr. Karni Singh Shooting Range,0.3465,94.29166666666667
2019-10-20,Dwarka-Sector 8,0.39,113.26041666666667
2019-10-20,IGI Airport (T3),0.423,27.43375
2019-10-20,IHBAS,0.492,79.52791666666667
2019-10-20,ITO,0.4965,93.66666666666667
2019-10-20,Jahangirpuri,0.25,151.66666666666666
2019-10-20,Jawaharlal Nehru Stadium,0.382,98.75
2019-10-20,Lodhi Road,0.407,87.41083333333334
2019-10-20,Major Dhyan Chand National Stadium,0.382,95.21875
2019-10-20,Mandir Marg,0.471,87.85416666666667
2019-10-20,Mundka,0.295,123.54166666666667
2019-10-20,NSIT Dwarka,0.39,100.97291666666666
2019-10-20,Najafgarh,0.348,80.54166666666667
2019-10-20,Narela,0.437,94.02083333333333
2019-10-20,Nehru Nagar,0.378,115.8125
2019-10-20,North Campus,0.4925,89.81791666666668
2019-10-20,Okhla Phase-2,0.383,98.45833333333333
2019-10-20,Patparganj,0.302,89.42708333333333
2019-10-20,Pusa,0.383,89.231875
2019-10-20,R K Puram,0.404,50.44444444444444
2019-10-20,Rohini,0.4875,117.20833333333333
2019-10-20,Shadipur,0.3965,67.02583333333334
2019-10-20,Sirifort,0.414,121.72916666666667
2019-10-20,Sonia Vihar,0.489,84.20833333333333
2019-10-20,Sri Aurobindo Marg,0.408,83.80208333333333
2019-10-20,Vivek Vihar,0.327,102.16666666666667
2019-10-20,Wazirpur,0.331,114.64583333333333
2019-10-21,Alipur,0.699,115.97916666666667
2019-10-21,Anand Vihar,1.286,133.5
2019-10-21,Ashok Vihar,0.95,133.70833333333334
2019-10-21,Aya Nagar,0.792,107.85916666666667
2019-10-21,Bawana,0.754,145.3804347826087
2019-10-21,Burari Crossing,1.161,108.33916666666666
2019-10-21,CRRI Mathura Road,1.093,116.03583333333334
2019-10-21,DTU,0.889,131.79458333333335
2019-10-21,Dr. Karni Singh Shooting Range,0.813,114.54166666666667
2019-10-21,Dwarka-Sector 8,0.8685,129.53125
2019-10-21,IGI Airport (T3),0.894,24.885
2019-10-21,IHBAS,1.03,108.72833333333334
2019-10-21,ITO,1.0395,109.4325
2019-10-21,Jahangirpuri,1.013,150.52083333333334
2019-10-21,Jawaharlal Nehru Stadium,1.109,109.41666666666667
2019-10-21,Lodhi Road,1.201,103.53458333333333
2019-10-21,Major Dhyan Chand National Stadium,1.152,106.375
2019-10-21,Mandir Marg,0.9845,106.32291666666667
2019-10-21,Mundka,0.9315,134.9375
2019-10-21,NSIT Dwarka,0.8685,116.81374999999998
2019-10-21,Najafgarh,0.808,90.97916666666667
2019-10-21,Narela,0.6895,111.53125
2019-10-21,Nehru Nagar,1.119,127.73958333333333
2019-10-21,North Campus,0.993,104.39458333333333
2019-10-21,Okhla Phase-2,1.044,113.625
2019-10-21,Patparganj,1.35,110.33333333333333
2019-10-21,Punjabi Bagh,0.977,67.83333333333333
2019-10-21,Pusa,1.171,105.68124999999999
2019-10-21,R K Puram,0.8705,63.166666666666664
2019-10-21,Rohini,0.872,132.6875
2019-10-21,Shadipur,1.253,78.91083333333333
2019-10-21,Sirifort,0.971,158.9404761904762
2019-10-21,Sonia Vihar,0.843,102.3913043478261
2019-10-21,Sri Aurobindo Marg,0.841,101.64583333333333
2019-10-21,Vivek Vihar,1.168,132.39583333333334
2019-10-21,Wazirpur,1.088,144.52083333333334
2019-10-22,Alipur,0.292,104.21875
2019-10-22,Anand Vihar,0.324,120.38541666666667
2019-10-22,Ashok Vihar,0.335,101.91666666666667
2019-10-22,Bawana,0.307,104.03846153846153
2019-10-22,Burari Crossing,0.274,87.42791666666666
2019-10-22,CRRI Mathura Road,0.404,94.15208333333334
2019-10-22,DTU,0.276,126.2325
2019-10-22,Dwarka-Sector 8,0.418,103.78125
2019-10-22,IGI Airport (T3),0.35,39.893750000000004
2019-10-22,IHBAS,0.34,77.38
2019-10-22,ITO,0.39,73.95750000000001
2019-10-22,Jahangirpuri,0.237,120.85416666666667
2019-10-22,Jawaharlal Nehru Stadium,0.359,89.95833333333333
2019-10-22,Mandir Marg,0.369,86.32291666666667
2019-10-22,Mundka,0.31,123.08333333333333
2019-10-22,NSIT Dwarka,0.418,98.71041666666667
2019-10-22,Najafgarh,0.428,76.9342105263158
2019-10-22,Narela,0.341,94.40625
2019-10-22,North Campus,0.304,85.68958333333335
2019-10-22,Patparganj,0.233,79.47916666666667
2019-10-22,Punjabi Bagh,0.358,97.94791666666667
2019-10-22,Pusa,0.412,82.875625
2019-10-22,R K Puram,0.307,56.714285714285715
2019-10-22,Rohini,0.268,111.5
2019-10-22,Shadipur,0.394,66.42083333333333
2019-10-22,Sirifort,0.294,113.25
2019-10-22,Sonia Vihar,0.353,81.375
2019-10-22,Sri Aurobindo Marg,0.231,77.14583333333333
2019-10-22,Vivek Vihar,0.348,104.39583333333333
2019-10-22,Wazirpur,0.339,119.63541666666667
2019-10-23,Alipur,0.676,131.23958333333334
2019-10-23,Anand Vihar,0.8445,172.375
2019-10-23,Ashok Vihar,0.818,138.02083333333334
2019-10-23,Aya Nagar,0.7645,100.66416666666667
2019-10-23,Bawana,0.8135,161.36458333333334
2019-10-23,Burari Crossing,0.785,117.18666666666667
2019-10-23,CRRI Mathura Road,0.834,120.42083333333333
2019-10-23,DTU,0.79,154.92749999999998
2019-10-23,Dr. Karni Singh Shooting Range,0.7465,103.08333333333333
2019-10-23,Dwarka-Sector 8,0.811,138.05208333333334
2019-10-23,IGI Airport (T3),0.8385,81.84791666666666
2019-10-23,IHBAS,0.776,103.23041666666667
2019-10-23,ITO,0.8135,112.73291666666667
2019-10-23,Jahangirpuri,0.8255,163.51041666666666
2019-10-23,Jawaharlal Nehru Stadium,0.847,104.0625
2019-10-23,Lodhi Road,0.824,94.045
2019-10-23,Major Dhyan Chand National Stadium,0.864,104.78125
2019-10-23,Mandir Marg,0.777,113.09375
2019-10-23,Mundka,0.7745,153.16666666666666
2019-10-23,NSIT Dwarka,0.811,111.78333333333335
2019-10-23,Najafgarh,0.7605,94.71153846153847
2019-10-23,Narela,0.67,125.84375
2019-10-23,Nehru Nagar,0.7905,140.09375
2019-10-23,North Campus,0.815,112.165
2019-10-23,Okhla Phase-2,0.7865,111.79166666666667
2019-10-23,Patparganj,0.8155,102.67708333333333
2019-10-23,Punjabi Bagh,0.901,128.61458333333334
2019-10-23,Pusa,0.872,95.76208333333334
2019-10-23,R K Puram,0.733,80.66666666666667
2019-10-23,Rohini,0.8205,147.625
2019-10-23,Shadipur,0.8935,109.58125
2019-10-23,Sirifort,0.7575,139.55208333333334
2019-10-23,Sonia Vihar,0.727,104.33333333333333
2019-10-23,Sri Aurobindo Marg,0.742,94.29166666666667
2019-10-23,Vivek Vihar,0.8,157.03333333333333
2019-10-23,Wazirpur,0.7915,158.02083333333334
2019-10-24,Alipur,1.3275,173.33333333333334
2019-10-24,Anand Vihar,1.393,231.88541666666666
2019-10-24,Ashok Vihar,1.18,227.72916666666666
2019-10-24,Aya Nagar,1.299,141.49666666666667
2019-10-24,Bawana,1.254,196.125
2019-10-24,Burari Crossing,0.965,182.59416666666667
2019-10-24,CRRI Mathura Road,1.243,171.23083333333332
2019-10-24,DTU,1.418,189.97333333333333
2019-10-24,Dr. Karni Singh Shooting Range,1.151,153.75
2019-10-24,Dwarka-Sector 8,1.199,168.13541666666666
2019-10-24,IGI Airport (T3),1.137,124.67750000000001
2019-10-24,IHBAS,1.3825,135.81958333333333
2019-10-24,ITO,1.1905,172.8217391304348
2019-10-24,Jahangirpuri,1.039,204.52083333333334
2019-10-24,Jawaharlal Nehru Stadium,1.2525,148.80208333333334
2019-10-24,Lodhi Road,1.1915,142.47541666666666
2019-10-24,Major Dhyan Chand National Stadium,1.178,152.03125
2019-10-24,Mandir Marg,1.233,157.01041666666666
2019-10-24,NSIT Dwarka,1.199,160.8175
2019-10-24,Najafgarh,1.235,137.47916666666666
2019-10-24,Narela,1.317,173.0
2019-10-24,Nehru Nagar,1.348,195.38541666666666
2019-10-24,North Campus,1.2975,193.93291666666667
2019-10-24,Patparganj,1.4405,172.26136363636363
2019-10-24,Punjabi Bagh,1.31,186.73958333333334
2019-10-24,Pusa,1.173,135.06916666666666
2019-10-24,R K Puram,1.153,86.0
2019-10-24,Rohini,1.463,217.875
2019-10-24,Shadipur,1.136,154.55916666666667
2019-10-24,Sirifort,1.273,183.42708333333334
2019-10-24,Sonia Vihar,1.224,157.54166666666666
2019-10-24,Sri Aurobindo Marg,1.214,127.76041666666667
2019-10-24,Vivek Vihar,1.366,190.09375
2019-10-24,Wazirpur,1.2815,237.5625
2019-10-25,Alipur,1.2955,145.94791666666666
2019-10-25,Anand Vihar,1.212,145.97916666666666
2019-10-25,Ashok Vihar,1.2555,142.16666666666666
2019-10-25,Aya Nagar,1.1015,122.10083333333334
2019-10-25,Bawana,1.2635,175.63541666666666
2019-10-25,Burari Crossing,1.242,145.87083333333334
2019-10-25,CRRI Mathura Road,1.171,109.09916666666668
2019-10-25,DTU,1.3125,153.12958333333333
2019-10-25,Dr. Karni Singh Shooting Range,1.1205,117.92708333333333
2019-10-25,Dwarka-Sector 8,1.186,132.01041666666666
2019-10-25,IGI Airport (T3),1.1595,110.64583333333333
2019-10-25,IHBAS,1.268,99.66818181818181
2019-10-25,ITO,1.2325,129.09333333333333
2019-10-25,Jahangirpuri,1.2855,151.79166666666666
2019-10-25,Jawaharlal Nehru Stadium,1.2355,119.13541666666667
2019-10-25,Lodhi Road,1.251,116.32083333333333
2019-10-25,Major Dhyan Chand National Stadium,1.214,123.70833333333333
2019-10-25,Mandir Marg,1.24,115.27083333333333
2019-10-25,Mundka,1.179,155.38541666666666
2019-10-25,NSIT Dwarka,1.186,116.98291666666667
2019-10-25,Najafgarh,1.181,120.10416666666667
2019-10-25,Narela,1.3195,159.75
2019-10-25,Nehru Nagar,1.2365,140.59375
2019-10-25,North Campus,1.093,122.6725
2019-10-25,Okhla Phase-2,1.1125,121.5
2019-10-25,Patparganj,1.318,101.69791666666667
2019-10-25,Punjabi Bagh,1.185,124.94791666666667
2019-10-25,Pusa,1.127,108.210625
2019-10-25,R K Puram,1.215,85.36363636363636
2019-10-25,Rohini,1.2975,157.79166666666666
2019-10-25,Shadipur,1.219,113.32416666666666
2019-10-25,Sirifort,1.189,152.23958333333334
2019-10-25,Sonia Vihar,1.34,113.125
2019-10-25,Sri Aurobindo Marg,1.1145,118.36458333333333
2019-10-25,Vivek Vihar,1.259,136.54166666666666
2019-10-25,Wazirpur,1.249,155.08333333333334
2019-10-26,Alipur,2.331,163.64583333333334
2019-10-26,Anand Vihar,1.936,185.875
2019-10-26,Aya Nagar,1.526,124.88708333333334
2019-10-26,Bawana,2.1705,214.6413043478261
2019-10-26,CRRI Mathura Road,1.789,136.35958333333335
2019-10-26,DTU,2.313,172.8791666666667
2019-10-26,Dr. Karni Singh Shooting Range,1.547,131.5
2019-10-26,Dwarka-Sector 8,1.835,144.79166666666666
2019-10-26,IGI Airport (T3),1.711,131.80833333333334
2019-10-26,IHBAS,1.979,114.1845
2019-10-26,ITO,1.804,144.43099999999998
2019-10-26,Jawaharlal Nehru Stadium,1.708,143.27083333333334
2019-10-26,Lodhi Road,1.769,149.01958333333332
2019-10-26,Major Dhyan Chand National Stadium,1.804,132.67708333333334
2019-10-26,Mandir Marg,1.844,120.83695652173913
2019-10-26,Mundka,1.899,178.75
2019-10-26,NSIT Dwarka,1.835,123.8975
2019-10-26,Najafgarh,1.933,117.96875
2019-10-26,Narela,2.117,164.76041666666666
2019-10-26,Nehru Nagar,1.8655,166.47916666666666
2019-10-26,North Campus,2.311,137.07541666666665
2019-10-26,Okhla Phase-2,1.678,158.16666666666666
2019-10-26,Patparganj,1.864,130.53125
2019-10-26,Punjabi Bagh,2.172,158.66666666666666
2019-10-26,Pusa,1.999,112.614375
2019-10-26,R K Puram,1.7915,90.5625
2019-10-26,Rohini,2.294,170.35416666666666
2019-10-26,Shadipur,2.04,129.85652173913041
2019-10-26,Sirifort,1.688,161.98958333333334
2019-10-26,Sonia Vihar,2.194,120.70833333333333
2019-10-26,Sri Aurobindo Marg,1.641,112.15625
2019-10-26,Vivek Vihar,1.938,180.52083333333334
2019-10-26,Wazirpur,2.312,190.89583333333334
2019-10-27,Alipur,0.699,198.375
2019-10-27,Anand Vihar,1.522,240.96875
2019-10-27,Ashok Vihar,1.1975,231.79545454545453
2019-10-27,Aya Nagar,1.015,149.34772727272727
2019-10-27,Bawana,1.126,243.1875
2019-10-27,Burari Crossing,1.174,216.92347826086956
2019-10-27,CRRI Mathura Road,1.4685,131.67375
2019-10-27,DTU,1.078,226.24666666666667
2019-10-27,Dr. Karni Singh Shooting Range,1.0715,152.25
2019-10-27,Dwarka-Sector 8,1.322,192.71875
2019-10-27,IGI Airport (T3),1.279,171.51416666666668
2019-10-27,IHBAS,1.378,169.24652173913043
2019-10-27,ITO,1.3585,174.56521739130434
2019-10-27,Jahangirpuri,1.078,242.52272727272728
2019-10-27,Jawaharlal Nehru Stadium,1.414,176.36363636363637
2019-10-27,Lodhi Road,1.4045,168.54791666666668
2019-10-27,Major Dhyan Chand National Stadium,1.3525,153.96875
2019-10-27,Mandir Marg,0.9445,143.30882352941177
2019-10-27,Mundka,1.038,207.45833333333334
2019-10-27,NSIT Dwarka,1.322,165.72416666666666
2019-10-27,Najafgarh,1.226,155.25
2019-10-27,Narela,0.9245,181.89583333333334
2019-10-27,Nehru Nagar,1.3355,203.4431818181818
2019-10-27,North Campus,1.0515,199.81739130434784
2019-10-27,Okhla Phase-2,1.216,184.63636363636363
2019-10-27,Patparganj,1.471,158.57954545454547
2019-10-27,Punjabi Bagh,0.9775,204.46875
2019-10-27,Pusa,1.045,143.3412765957447
2019-10-27,R K Puram,1.3155,81.21428571428571
2019-10-27,Rohini,1.049,223.7391304347826
2019-10-27,Shadipur,0.975,133.95739130434782
2019-10-27,Sirifort,1.253,177.31521739130434
2019-10-27,Sonia Vihar,1.444,136.25
2019-10-27,Sri Aurobindo Marg,1.1585,150.70833333333334
2019-10-27,Vivek Vihar,1.308,214.6590909090909
2019-10-27,Wazirpur,1.078,249.9090909090909
2019-10-28,Alipur,1.728,220.13541666666666
2019-10-28,Anand Vihar,2.166,276.7647058823529
2019-10-28,Ashok Vihar,2.574,261.3157894736842
2019-10-28,Aya Nagar,2.923,215.86722222222224
2019-10-28,Burari Crossing,2.452,238.0465
2019-10-28,Dr. Karni Singh Shooting Range,2.88,234.88235294117646
2019-10-28,Dwarka-Sector 8,2.909,245.76190476190476
2019-10-28,IHBAS,2.249,184.4675
2019-10-28,ITO,2.474,223.60444444444445
2019-10-28,Jahangirpuri,2.57,271.26190476190476
2019-10-28,Mundka,3.008,240.47916666666666
2019-10-28,NSIT Dwarka,2.909,193.0145
2019-10-28,Najafgarh,2.946,210.875
2019-10-28,Narela,1.7885,220.57291666666666
2019-10-28,North Campus,2.929,222.52294117647057
2019-10-28,Okhla Phase-2,2.805,231.02777777777777
2019-10-28,Patparganj,2.222,219.73529411764707
2019-10-28,Punjabi Bagh,2.4335,253.8095238095238
2019-10-28,Rohini,2.741,254.25
2019-10-28,Sonia Vihar,2.258,189.31578947368422
2019-10-28,Vivek Vihar,2.198,233.4
2019-10-28,Wazirpur,2.806,265.94444444444446
2019-10-30,Aya Nagar,2.544,211.77136363636365
2019-10-30,Dr. Karni Singh Shooting Range,2.616,245.1125
2019-10-30,ITO,3.298,277.1770833333333
2019-10-30,Lodhi Road,3.636,253.89055555555555
2019-10-30,Major Dhyan Chand National Stadium,3.418,255.41304347826087
2019-10-30,Najafgarh,2.956,205.19791666666666
2019-10-30,R K Puram,3.254,212.80208333333334
2019-10-30,Sonia Vihar,2.78,225.33333333333334
2019-10-30,Sri Aurobindo Marg,3.126,230.67857142857142
2019-10-31,Anand Vihar,3.816,364.56944444444446
2019-10-31,Ashok Vihar,3.772,316.5
2019-10-31,Aya Nagar,2.116,192.6761111111111
2019-10-31,CRRI Mathura Road,3.724,278.21631578947364
2019-10-31,Dwarka-Sector 8,2.814,250.34722222222223
2019-10-31,IGI Airport (T3),2.984,235.24235294117648
2019-10-31,ITO,3.781,236.46666666666667
2019-10-31,Jawaharlal Nehru Stadium,3.5675,271.63157894736844
2019-10-31,Lodhi Road,3.4815,225.445
2019-10-31,Major Dhyan Chand National Stadium,3.5095,238.27941176470588
2019-10-31,Mandir Marg,3.693,221.64285714285714
2019-10-31,NSIT Dwarka,2.814,216.25181818181818
2019-10-31,Najafgarh,3.239,188.1764705882353
2019-10-31,Narela,3.316,314.5625
2019-10-31,Nehru Nagar,3.5405,289.6125
2019-10-31,Patparganj,3.761,220.98333333333332
2019-10-31,R K Puram,3.2205,198.7826086956522
2019-10-31,Sirifort,3.3875,258.6578947368421
2019-10-31,Sonia Vihar,3.876,230.47826086956522
2019-10-31,Wazirpur,3.749,362.0
2019-11-01,Ashok Vihar,2.973,350.75
2019-11-01,Aya Nagar,2.313,175.7675
2019-11-01,Burari Crossing,2.855,334.51105263157893
2019-11-01,CRRI Mathura Road,3.075,332.20124999999996
2019-11-01,Dr. Karni Singh Shooting Range,2.535,286.0625
2019-11-01,Dwarka-Sector 8,2.557,230.55
2019-11-01,IGI Airport (T3),2.751,197.538
2019-11-01,ITO,3.063,315.59090909090907
2019-11-01,Jahangirpuri,2.531,330.4404761904762
2019-11-01,Jawaharlal Nehru Stadium,2.986,318.3333333333333
2019-11-01,Lodhi Road,3.135,264.6225
2019-11-01,Major Dhyan Chand National Stadium,3.246,272.5357142857143
2019-11-01,Mandir Marg,2.842,260.6
2019-11-01,NSIT Dwarka,2.557,270.44705882352946
2019-11-01,Najafgarh,2.651,147.0
2019-11-01,Nehru Nagar,3.093,421.0147058823529
2019-11-01,North Campus,3.374,296.27846153846156
2019-11-01,Okhla Phase-2,2.906,297.0
2019-11-01,Punjabi Bagh,3.636,369.0882352941176
2019-11-01,Pusa,3.013,276.5058333333333
2019-11-01,R K Puram,2.838,321.0869565217391
2019-11-01,Shadipur,3.184,275.33750000000003
2019-11-01,Sirifort,2.87,309.85
2019-11-01,Sri Aurobindo Marg,2.781,285.92857142857144
2019-11-01,Wazirpur,3.168,356.4423076923077
2019-11-04,Anand Vihar,2.3995,186.59375
2019-11-04,Ashok Vihar,2.3585,171.23333333333332
2019-11-04,Aya Nagar,4.161,150.60666666666665
2019-11-04,Burari Crossing,2.246,173.0135294117647
2019-11-04,CRRI Mathura Road,1.645,176.15055555555557
2019-11-04,Dr. Karni Singh Shooting Range,4.099,170.22058823529412
2019-11-04,IHBAS,2.1365,145.74666666666667
2019-11-04,ITO,3.331,183.80555555555554
2019-11-04,Jahangirpuri,2.3365,193.15277777777777
2019-11-04,Lodhi Road,1.638,139.84
2019-11-04,Major Dhyan Chand National Stadium,1.635,131.58333333333334
2019-11-04,Mandir Marg,2.496,153.76470588235293
2019-11-04,Mundka,2.7335,204.1578947368421
2019-11-04,Najafgarh,4.247,150.3375
2019-11-04,North Campus,2.6295,161.46625
2019-11-04,Okhla Phase-2,3.2395,167.36764705882354
2019-11-04,Patparganj,2.5905,154.875
2019-11-04,Punjabi Bagh,2.657,182.72058823529412
2019-11-04,Pusa,2.6405,140.45727272727274
2019-11-04,Rohini,2.4555,165.22222222222223
2019-11-04,Shadipur,2.641,175.26208333333332
2019-11-04,Sonia Vihar,2.0745,157.5921052631579
2019-11-04,Vivek Vihar,2.1775,191.83333333333334
2019-11-04,Wazirpur,2.4365,200.59375
2019-11-05,Alipur,0.6445,171.76315789473685
2019-11-05,Anand Vihar,0.9085,233.5
2019-11-05,Ashok Vihar,0.767,191.54761904761904
2019-11-05,Aya Nagar,0.7665,151.59958333333333
2019-11-05,Bawana,0.6765,186.14473684210526
2019-11-05,Burari Crossing,0.745,200.52833333333334
2019-11-05,CRRI Mathura Road,0.713,175.54416666666668
2019-11-05,DTU,0.737,213.0904347826087
2019-11-05,Dr. Karni Singh Shooting Range,0.647,167.23958333333334
2019-11-05,Dwarka-Sector 8,0.546,162.85416666666666
2019-11-05,IGI Airport (T3),0.606,142.7875
2019-11-05,IHBAS,0.8515,144.529
2019-11-05,ITO,0.715,159.21052631578948
2019-11-05,Jahangirpuri,0.748,186.19791666666666
2019-11-05,Jawaharlal Nehru Stadium,0.711,169.21428571428572
2019-11-05,Lodhi Road,0.706,117.405
2019-11-05,Major Dhyan Chand National Stadium,0.7105,134.30555555555554
2019-11-05,Mandir Marg,0.7205,153.32894736842104
2019-11-05,Mundka,0.516,204.9375
2019-11-05,NSIT Dwarka,0.546,139.95875
2019-11-05,Najafgarh,0.6925,123.33333333333333
2019-11-05,Narela,0.693,164.46428571428572
2019-11-05,Nehru Nagar,0.7145,216.79166666666666
2019-11-05,North Campus,0.532,162.12150000000003
2019-11-05,Okhla Phase-2,0.684,173.67708333333334
2019-11-05,Patparganj,0.8795,141.71052631578948
2019-11-05,Punjabi Bagh,0.557,207.19791666666666
2019-11-05,Pusa,0.766,150.28692307692307
2019-11-05,R K Puram,0.6915,145.53125
2019-11-05,Rohini,0.7345,175.63636363636363
2019-11-05,Shadipur,0.556,150.23166666666665
2019-11-05,Sirifort,0.729,174.33333333333334
2019-11-05,Sonia Vihar,0.755,174.85416666666666
2019-11-05,Sri Aurobindo Marg,0.7005,152.70833333333334
2019-11-05,Vivek Vihar,0.877,165.56944444444446
2019-11-05,Wazirpur,0.7385,204.57142857142858
2019-11-06,Alipur,0.942,120.34375
2019-11-06,Anand Vihar,1.1225,120.19791666666667
2019-11-06,Ashok Vihar,0.8845,115.97916666666667
2019-11-06,Aya Nagar,0.489,96.88958333333333
2019-11-06,Bawana,0.684,140.21875
2019-11-06,Burari Crossing,0.918,104.94416666666666
2019-11-06,CRRI Mathura Road,0.8065,106.20208333333333
2019-11-06,DTU,0.7055,121.91208333333333
2019-11-06,Dr. Karni Singh Shooting Range,0.514,83.17708333333333
2019-11-06,Dwarka-Sector 8,0.5785,120.1875
2019-11-06,IGI Airport (T3),0.5165,113.645
2019-11-06,IHBAS,1.042,78.97708333333334
2019-11-06,ITO,0.8515,96.85416666666667
2019-11-06,Jahangirpuri,0.828,111.41666666666667
2019-11-06,Jawaharlal Nehru Stadium,0.8065,93.66666666666667
2019-11-06,Lodhi Road,0.6515,84.31666666666666
2019-11-06,Major Dhyan Chand National Stadium,0.786,87.75
2019-11-06,Mandir Marg,0.7165,83.07291666666667
2019-11-06,Mundka,0.564,120.16666666666667
2019-11-06,NSIT Dwarka,0.5785,90.99416666666667
2019-11-06,Najafgarh,0.565,86.77380952380952
2019-11-06,Narela,1.0045,100.11458333333333
2019-11-06,Nehru Nagar,0.7165,102.26041666666667
2019-11-06,North Campus,0.6195,103.82458333333334
2019-11-06,Okhla Phase-2,0.8125,97.02083333333333
2019-11-06,Patparganj,0.984,85.77083333333333
2019-11-06,Punjabi Bagh,0.7075,99.90625
2019-11-06,Pusa,0.6735,87.27583333333332
2019-11-06,R K Puram,0.6525,84.73958333333333
2019-11-06,Rohini,0.6685,84.33333333333333
2019-11-06,Shadipur,0.6705,94.45458333333333
2019-11-06,Sirifort,0.696,99.75
2019-11-06,Sonia Vihar,1.258,112.57291666666667
2019-11-06,Sri Aurobindo Marg,0.565,78.66666666666667
2019-11-06,Vivek Vihar,1.0915,103.625
2019-11-06,Wazirpur,0.758,136.89583333333334
2019-11-08,Alipur,1.503,122.94791666666667
2019-11-08,Anand Vihar,1.622,207.84375
2019-11-08,Ashok Vihar,1.5015,167.35416666666666
2019-11-08,Aya Nagar,1.854,155.72125
2019-11-08,Bawana,1.5955,165.41666666666666
2019-11-08,Burari Crossing,1.481,135.78208333333333
2019-11-08,CRRI Mathura Road,1.483,162.74166666666667
2019-11-08,DTU,1.5495,150.2725
2019-11-08,Dr. Karni Singh Shooting Range,1.851,168.90625
2019-11-08,Dwarka-Sector 8,1.834,165.57291666666666
2019-11-08,IGI Airport (T3),1.651,151.76624999999999
2019-11-08,IHBAS,1.558,130.65833333333333
2019-11-08,ITO,1.535,156.8695652173913
2019-11-08,Jahangirpuri,1.4715,139.67708333333334
2019-11-08,Jawaharlal Nehru Stadium,1.492,156.52083333333334
2019-11-08,Lodhi Road,1.526,134.74333333333334
2019-11-08,Major Dhyan Chand National Stadium,1.44,143.14583333333334
2019-11-08,Mandir Marg,1.549,141.40625
2019-11-08,Mundka,1.5675,161.66666666666666
2019-11-08,NSIT Dwarka,1.834,150.8475
2019-11-08,Najafgarh,1.899,160.375
2019-11-08,Narela,1.478,128.75
2019-11-08,Nehru Nagar,1.59,187.5625
2019-11-08,North Campus,1.522,130.43041666666667
2019-11-08,Okhla Phase-2,1.665,165.27083333333334
2019-11-08,Patparganj,1.624,150.72916666666666
2019-11-08,Punjabi Bagh,1.474,149.36458333333334
2019-11-08,Pusa,1.659,137.2175
2019-11-08,R K Puram,1.594,142.89583333333334
2019-11-08,Rohini,1.512,205.41666666666666
2019-11-08,Shadipur,1.593,114.515
2019-11-08,Sirifort,1.582,164.95833333333334
2019-11-08,Sonia Vihar,1.395,137.76041666666666
2019-11-08,Sri Aurobindo Marg,1.523,149.28125
2019-11-08,Vivek Vihar,1.586,196.21875
2019-11-08,Wazirpur,1.4245,176.95833333333334
2019-11-09,Alipur,0.5125,136.97916666666666
2019-11-09,Anand Vihar,0.6325,143.95833333333334
2019-11-09,Ashok Vihar,0.5515,159.10416666666666
2019-11-09,Aya Nagar,0.6655,136.72125
2019-11-09,Bawana,0.5045,184.25
2019-11-09,Burari Crossing,0.5935,121.95708333333333
2019-11-09,CRRI Mathura Road,0.5335,135.01500000000001
2019-11-09,DTU,0.565,153.35999999999999
2019-11-09,Dr. Karni Singh Shooting Range,0.649,137.79347826086956
2019-11-09,IGI Airport (T3),0.6885,147.24875
2019-11-09,IHBAS,0.6325,103.31583333333333
2019-11-09,ITO,0.5345,139.98958333333334
2019-11-09,Jahangirpuri,0.5755,148.58333333333334
2019-11-09,Jawaharlal Nehru Stadium,0.575,135.33333333333334
2019-11-09,Lodhi Road,0.5315,108.93958333333335
2019-11-09,Major Dhyan Chand National Stadium,0.5455,127.40625
2019-11-09,Mandir Marg,0.5395,125.6195652173913
2019-11-09,Mundka,0.583,177.33333333333334
2019-11-09,Narela,0.5385,129.92708333333334
2019-11-09,Nehru Nagar,0.579,162.28125
2019-11-09,North Campus,0.556,123.62583333333333
2019-11-09,Okhla Phase-2,0.556,134.83333333333334
2019-11-09,Patparganj,0.633,120.10416666666667
2019-11-09,Punjabi Bagh,0.574,133.64583333333334
2019-11-09,Pusa,0.544,131.94916666666668
2019-11-09,R K Puram,0.553,125.35416666666667
2019-11-09,Rohini,0.525,178.625
2019-11-09,Shadipur,0.5375,104.94416666666666
2019-11-09,Sirifort,0.5775,146.14583333333334
2019-11-09,Sonia Vihar,0.6,134.35416666666666
2019-11-09,Sri Aurobindo Marg,0.5435,129.97916666666666
2019-11-09,Vivek Vihar,0.637,143.8125
2019-11-09,Wazirpur,0.5745,167.66666666666666
2019-11-10,Alipur,1.719,192.40625
2019-11-10,Anand Vihar,1.7375,235.80208333333334
2019-11-10,Ashok Vihar,1.81,224.875
2019-11-10,Aya Nagar,1.4195,173.27666666666667
2019-11-10,Bawana,1.71,237.58333333333334
2019-11-10,Burari Crossing,1.8455,176.62
2019-11-10,CRRI Mathura Road,1.7745,196.725
2019-11-10,DTU,1.82,291.20500000000004
2019-11-10,Dr. Karni Singh Shooting Range,1.4595,197.01041666666666
2019-11-10,Dwarka-Sector 8,1.7195,190.13541666666666
2019-11-10,IGI Airport (T3),1.7055,171.49291666666667
2019-11-10,IHBAS,1.774,167.09166666666667
2019-11-10,ITO,1.8955,207.65625
2019-11-10,Jahangirpuri,1.782,195.19791666666666
2019-11-10,Jawaharlal Nehru Stadium,1.748,199.16666666666666
2019-11-10,Lodhi Road,1.7365,164.37333333333333
2019-11-10,Major Dhyan Chand National Stadium,1.814,158.0
2019-11-10,Mandir Marg,1.763,189.35416666666666
2019-11-10,Mundka,1.7465,228.95833333333334
2019-11-10,NSIT Dwarka,1.7195,147.46833333333333
2019-11-10,Najafgarh,1.6865,142.1875
2019-11-10,Narela,1.6995,175.375
2019-11-10,Nehru Nagar,1.7065,229.79166666666666
2019-11-10,North Campus,1.895,181.65541666666664
2019-11-10,Okhla Phase-2,1.7635,195.1086956521739
2019-11-10,Patparganj,1.81,195.84375
2019-11-10,Punjabi Bagh,1.727,193.59375
2019-11-10,Pusa,1.7165,187.27833333333334
2019-11-10,R K Puram,1.619,170.55208333333334
2019-11-10,Rohini,1.747,251.83333333333334
2019-11-10,Shadipur,1.8365,113.62958333333334
2019-11-10,Sirifort,1.7185,194.69791666666666
2019-11-10,Sonia Vihar,1.8205,195.875
2019-11-10,Sri Aurobindo Marg,1.588,173.96875
2019-11-10,Vivek Vihar,1.787,229.625
2019-11-10,Wazirpur,1.6805,235.625
2019-11-11,Alipur,2.77,230.6904761904762
2019-11-11,Anand Vihar,2.885,267.80263157894734
2019-11-11,Aya Nagar,2.594,194.6995
2019-11-11,Bawana,2.156,274.95238095238096
2019-11-11,DTU,2.867,163.541
2019-11-11,Dr. Karni Singh Shooting Range,3.053,213.3684210526316
2019-11-11,IHBAS,3.053,209.44739130434783
2019-11-11,ITO,3.006,222.0375
2019-11-11,Jawaharlal Nehru Stadium,2.105,215.76190476190476
2019-11-11,Mandir Marg,2.961,195.3684210526316
2019-11-11,Najafgarh,2.265,168.77272727272728
2019-11-11,Narela,2.896,217.7391304347826
2019-11-11,Nehru Nagar,2.03,260.775
2019-11-11,North Campus,2.328,198.82999999999998
2019-11-11,Patparganj,3.146,200.97222222222223
2019-11-11,Punjabi Bagh,2.615,236.89772727272728
2019-11-11,Pusa,2.4655,191.63238095238097
2019-11-11,R K Puram,2.211,205.55434782608697
2019-11-11,Rohini,2.637,254.10526315789474
2019-11-11,Shadipur,2.67,166.3575
2019-11-11,Sirifort,2.13,222.3068181818182
2019-11-11,Sonia Vihar,3.123,220.0952380952381
2019-11-11,Sri Aurobindo Marg,2.218,185.53947368421052
2019-11-11,Vivek Vihar,2.942,208.56666666666666
2019-11-12,Alipur,2.146,292.0892857142857
2019-11-12,Anand Vihar,2.313,349.9642857142857
2019-11-12,Ashok Vihar,2.327,345.7307692307692
2019-11-12,Aya Nagar,1.9815,224.13909090909092
2019-11-12,Bawana,2.095,341.27272727272725
2019-11-12,Burari Crossing,2.2605,315.80333333333334
2019-11-12,CRRI Mathura Road,2.114,309.20933333333335
2019-11-12,DTU,2.204,328.4692857142857
2019-11-12,Dr. Karni Singh Shooting Range,1.904,284.9583333333333
2019-11-12,Dwarka-Sector 8,2.187,320.9166666666667
2019-11-12,IGI Airport (T3),2.2165,277.045
2019-11-12,IHBAS,2.2095,242.613125
2019-11-12,ITO,2.0705,311.8333333333333
2019-11-12,Jahangirpuri,2.1355,373.3452380952381
2019-11-12,Jawaharlal Nehru Stadium,2.1235,281.59615384615387
2019-11-12,Lodhi Road,2.096,250.176875
2019-11-12,Major Dhyan Chand National Stadium,2.0455,250.86764705882354
2019-11-12,Mandir Marg,1.9375,288.3333333333333
2019-11-12,Mundka,2.2015,354.27272727272725
2019-11-12,NSIT Dwarka,2.187,272.0105
2019-11-12,Najafgarh,2.155,250.27777777777777
2019-11-12,Narela,1.997,285.79411764705884
2019-11-12,Nehru Nagar,2.0445,363.34375
2019-11-12,North Campus,2.1795,279.56857142857143
2019-11-12,Okhla Phase-2,1.9755,295.26785714285717
2019-11-12,Patparganj,2.2295,271.65909090909093
2019-11-12,Punjabi Bagh,2.2195,319.18333333333334
2019-11-12,Pusa,2.282,258.27222222222224
2019-11-12,R K Puram,1.9395,290.38157894736844
2019-11-12,Rohini,2.1425,341.6666666666667
2019-11-12,Shadipur,2.316,244.4295833333333
2019-11-12,Sirifort,1.93,290.875
2019-11-12,Sonia Vihar,2.284,286.51666666666665
2019-11-12,Sri Aurobindo Marg,1.923,264.96153846153845
2019-11-12,Vivek Vihar,2.2365,303.8181818181818
2019-11-12,Wazirpur,2.211,360.1458333333333
2019-11-13,Alipur,3.328,290.8833333333333
2019-11-13,Ashok Vihar,3.003,386.77777777777777
2019-11-13,Aya Nagar,2.24,210.50625
2019-11-13,Bawana,3.453,356.9166666666667
2019-11-13,CRRI Mathura Road,2.877,358.1772222222222
2019-11-13,Dr. Karni Singh Shooting Range,2.178,247.05
2019-11-13,Dwarka-Sector 8,3.429,388.0833333333333
2019-11-13,Jawaharlal Nehru Stadium,3.205,364.3125
2019-11-13,Lodhi Road,2.656,292.70166666666665
2019-11-13,Major Dhyan Chand National Stadium,2.476,312.0681818181818
2019-11-13,Mandir Marg,1.908,323.875
2019-11-13,Mundka,3.392,376.4230769230769
2019-11-13,NSIT Dwarka,3.429,295.161875
2019-11-13,Narela,3.362,283.71875
2019-11-13,Nehru Nagar,3.126,427.18055555555554
2019-11-13,Okhla Phase-2,2.074,347.125
2019-11-13,Pusa,2.736,319.3442105263158
2019-11-13,Shadipur,2.761,269.20625
2019-11-14,Rohini,1.96,336.6363636363636
2019-11-15,Alipur,1.941,232.15
2019-11-15,Anand Vihar,2.0505,364.575
2019-11-15,Ashok Vihar,2.215,320.2857142857143
2019-11-15,Aya Nagar,2.547,198.53
2019-11-15,Bawana,2.271,288.6923076923077
2019-11-15,Burari Crossing,1.529,245.381875
2019-11-15,CRRI Mathura Road,1.747,279.21125
2019-11-15,Dr. Karni Singh Shooting Range,2.343,301.1818181818182
2019-11-15,Dwarka-Sector 8,2.4015,333.29545454545456
2019-11-15,IGI Airport (T3),2.396,273.42600000000004
2019-11-15,IHBAS,2.219,216.92235294117646
2019-11-15,ITO,1.9185,270.7142857142857
2019-11-15,Jahangirpuri,1.745,311.8333333333333
2019-11-15,Jawaharlal Nehru Stadium,2.1815,307.8333333333333
2019-11-15,Lodhi Road,2.068,249.58666666666667
2019-11-15,Major Dhyan Chand National Stadium,1.9245,248.8181818181818
2019-11-15,Mandir Marg,2.1495,267.44642857142856
2019-11-15,NSIT Dwarka,2.4015,277.7418181818182
2019-11-15,Najafgarh,2.403,292.5
2019-11-15,Nehru Nagar,1.9855,356.484375
2019-11-15,Okhla Phase-2,1.831,287.35714285714283
2019-11-15,Patparganj,1.976,239.1346153846154
2019-11-15,Punjabi Bagh,2.374,275.84615384615387
2019-11-15,Pusa,2.511,238.59045454545455
2019-11-15,R K Puram,2.411,272.75
2019-11-15,Rohini,2.327,337.46153846153845
2019-11-15,Shadipur,2.468,248.21684210526314
2019-11-15,Sirifort,2.237,317.70454545454544
2019-11-15,Sonia Vihar,1.8875,239.31666666666666
2019-11-15,Sri Aurobindo Marg,2.531,273.82142857142856
2019-11-15,Vivek Vihar,2.253,272.8636363636364
2019-11-15,Wazirpur,2.451,319.34615384615387
2019-11-16,Alipur,0.625,146.13541666666666
2019-11-16,Anand Vihar,0.608,168.53125
2019-11-16,Ashok Vihar,0.762,195.1875
2019-11-16,Aya Nagar,0.9005,105.54208333333334
2019-11-16,Burari Crossing,0.7425,145.03625
2019-11-16,CRRI Mathura Road,0.701,169.41291666666666
2019-11-16,DTU,0.707,197.87375
2019-11-16,Dr. Karni Singh Shooting Range,0.9045,183.79166666666666
2019-11-16,Dwarka-Sector 8,0.904,208.10416666666666
2019-11-16,IGI Airport (T3),0.861,174.20166666666668
2019-11-16,IHBAS,0.642,117.34375
2019-11-16,ITO,0.6955,167.90625
2019-11-16,Jahangirpuri,0.729,183.88541666666666
2019-11-16,Jawaharlal Nehru Stadium,0.732,194.44791666666666
2019-11-16,Lodhi Road,0.6975,148.52541666666667
2019-11-16,Major Dhyan Chand National Stadium,0.708,164.33333333333334
2019-11-16,Mandir Marg,0.7545,164.82291666666666
2019-11-16,Mundka,0.862,248.25
2019-11-16,NSIT Dwarka,0.904,173.86166666666668
2019-11-16,Narela,0.681,164.85416666666666
2019-11-16,Nehru Nagar,0.7005,204.14583333333334
2019-11-16,North Campus,0.8155,147.67249999999999
2019-11-16,Okhla Phase-2,0.708,171.72916666666666
2019-11-16,Patparganj,0.6665,142.92708333333334
2019-11-16,Punjabi Bagh,0.804,181.11458333333334
2019-11-16,Pusa,0.7885,161.123125
2019-11-16,R K Puram,0.728,155.05434782608697
2019-11-16,Rohini,0.75,231.04166666666666
2019-11-16,Shadipur,0.724,130.49217391304347
2019-11-16,Sirifort,0.717,188.11458333333334
2019-11-16,Sonia Vihar,0.6335,159.46875
2019-11-16,Sri Aurobindo Marg,0.686,184.86458333333334
2019-11-16,Vivek Vihar,0.639,159.1875
2019-11-16,Wazirpur,0.7985,202.08333333333334
2019-11-17,Alipur,0.274,96.51041666666667
2019-11-17,Anand Vihar,0.432,96.30208333333333
2019-11-17,Ashok Vihar,0.388,107.875
2019-11-17,Aya Nagar,0.301,51.638749999999995
2019-11-17,Bawana,0.313,125.9375
2019-11-17,Burari Crossing,0.357,80.00208333333333
2019-11-17,CRRI Mathura Road,0.3075,86.44541666666667
2019-11-17,DTU,0.3925,115.68208333333332
2019-11-17,Dr. Karni Singh Shooting Range,0.321,101.91666666666667
2019-11-17,Dwarka-Sector 8,0.304,120.04166666666667
2019-11-17,IGI Airport (T3),0.308,97.13541666666667
2019-11-17,IHBAS,0.355,64.1475
2019-11-17,ITO,0.3225,94.8125
2019-11-17,Jahangirpuri,0.363,107.25
2019-11-17,Jawaharlal Nehru Stadium,0.3085,105.97916666666667
2019-11-17,Lodhi Road,0.313,79.26875
2019-11-17,Major Dhyan Chand National Stadium,0.307,88.0
2019-11-17,Mandir Marg,0.344,90.28125
2019-11-17,Mundka,0.347,121.19791666666667
2019-11-17,NSIT Dwarka,0.304,96.54041666666666
2019-11-17,Najafgarh,0.3935,98.47916666666667
2019-11-17,Narela,0.284,96.33333333333333
2019-11-17,Nehru Nagar,0.333,112.42708333333333
2019-11-17,North Campus,0.357,81.31791666666668
2019-11-17,Okhla Phase-2,0.325,96.625
2019-11-17,Patparganj,0.392,78.92708333333333
2019-11-17,Punjabi Bagh,0.386,99.16666666666667
2019-11-17,Pusa,0.3405,89.31229166666667
2019-11-17,R K Puram,0.3595,86.41666666666667
2019-11-17,Rohini,0.3365,127.33333333333333
2019-11-17,Shadipur,0.3565,76.59041666666667
2019-11-17,Sirifort,0.3705,102.4375
2019-11-17,Sonia Vihar,0.388,93.875
2019-11-17,Sri Aurobindo Marg,0.3615,101.30208333333333
2019-11-17,Vivek Vihar,0.359,93.82291666666667
2019-11-17,Wazirpur,0.389,114.14583333333333
2019-11-18,Anand Vihar,0.803,130.53125
2019-11-18,Ashok Vihar,0.723,126.72916666666667
2019-11-18,CRRI Mathura Road,0.659,93.72791666666666
2019-11-18,DTU,0.861,157.18791666666667
2019-11-18,Dwarka-Sector 8,0.563,105.73958333333333
2019-11-18,IGI Airport (T3),0.619,80.17625
2019-11-18,IHBAS,0.777,87.14666666666666
2019-11-18,ITO,0.669,110.58333333333333
2019-11-18,Jahangirpuri,0.767,128.11458333333334
2019-11-18,Jawaharlal Nehru Stadium,0.6705,115.89583333333333
2019-11-18,Lodhi Road,0.666,86.64208333333333
2019-11-18,Major Dhyan Chand National Stadium,0.6535,101.0
2019-11-18,Mandir Marg,0.682,112.35416666666667
2019-11-18,Mundka,0.766,133.84375
2019-11-18,NSIT Dwarka,0.563,92.46041666666667
2019-11-18,Najafgarh,0.669,75.0625
2019-11-18,Nehru Nagar,0.6835,126.94791666666667
2019-11-18,North Campus,0.772,98.69041666666668
2019-11-18,Okhla Phase-2,0.563,98.79166666666667
2019-11-18,Patparganj,0.796,98.46875
2019-11-18,Punjabi Bagh,0.818,106.65625
2019-11-18,Pusa,0.6685,92.71895833333333
2019-11-18,R K Puram,0.647,98.57142857142857
2019-11-18,Rohini,0.823,157.54166666666666
2019-11-18,Shadipur,0.698,77.67291666666667
2019-11-18,Sirifort,0.676,110.4375
2019-11-18,Sonia Vihar,0.8715,122.92708333333333
2019-11-18,Sri Aurobindo Marg,0.66,85.14583333333333
2019-11-18,Vivek Vihar,0.795,121.5
2019-11-18,Wazirpur,0.753,141.41666666666666
2019-11-19,Alipur,1.3995,143.5
2019-11-19,Anand Vihar,2.115,180.47368421052633
2019-11-19,Ashok Vihar,1.664,149.16666666666666
2019-11-19,Aya Nagar,0.8355,77.47565217391305
2019-11-19,Bawana,1.2065,160.6875
2019-11-19,Burari Crossing,2.126,126.19041666666668
2019-11-19,CRRI Mathura Road,1.8985,118.85083333333334
2019-11-19,DTU,1.6145,159.12666666666667
2019-11-19,Dr. Karni Singh Shooting Range,0.811,118.45833333333333
2019-11-19,Dwarka-Sector 8,1.143,120.19791666666667
2019-11-19,IGI Airport (T3),1.1265,102.59458333333333
2019-11-19,IHBAS,2.1725,106.78875
2019-11-19,ITO,1.777,124.25
2019-11-19,Jahangirpuri,1.937,155.70833333333334
2019-11-19,Jawaharlal Nehru Stadium,1.687,131.08333333333334
2019-11-19,Lodhi Road,1.6695,99.59291666666667
2019-11-19,Major Dhyan Chand National Stadium,1.7915,105.26041666666667
2019-11-19,Mandir Marg,1.537,118.29166666666667
2019-11-19,Mundka,1.267,148.40625
2019-11-19,NSIT Dwarka,1.143,112.39166666666667
2019-11-19,Najafgarh,1.4135,89.85416666666667
2019-11-19,Narela,1.346,155.61458333333334
2019-11-19,Nehru Nagar,1.567,157.82291666666666
2019-11-19,North Campus,1.375,118.11958333333332
2019-11-19,Okhla Phase-2,1.8025,127.5625
2019-11-19,Patparganj,1.9265,112.57291666666667
2019-11-19,Punjabi Bagh,1.5765,126.61458333333333
2019-11-19,Pusa,1.697,102.74513513513514
2019-11-19,R K Puram,1.092,106.625
2019-11-19,Rohini,1.3365,164.47916666666666
2019-11-19,Shadipur,1.638,93.9325
2019-11-19,Sirifort,1.3205,123.1875
2019-11-19,Sonia Vihar,2.104,140.34375
2019-11-19,Sri Aurobindo Marg,1.0555,95.10416666666667
2019-11-19,Vivek Vihar,2.179,158.45833333333334
2019-11-19,Wazirpur,1.529,168.47916666666666
2019-11-20,Alipur,1.77,193.27083333333334
2019-11-20,Anand Vihar,1.323,214.48214285714286
2019-11-20,Aya Nagar,1.261,118.51125
2019-11-20,Bawana,2.188,258.3541666666667
2019-11-20,CRRI Mathura Road,1.617,156.17458333333335
2019-11-20,DTU,2.116,235.69333333333336
2019-11-20,Dr. Karni Singh Shooting Range,1.373,147.36458333333334
2019-11-20,Dwarka-Sector 8,1.341,181.76136363636363
2019-11-20,IGI Airport (T3),1.53,133.73458333333335
2019-11-20,Jawaharlal Nehru Stadium,1.843,162.96875
2019-11-20,Lodhi Road,1.636,117.2625
2019-11-20,Major Dhyan Chand National Stadium,1.498,120.92708333333333
2019-11-20,Mandir Marg,1.604,147.125
2019-11-20,NSIT Dwarka,1.341,143.80625
2019-11-20,Najafgarh,1.642,150.47916666666666
2019-11-20,Narela,1.784,212.13541666666666
2019-11-20,Nehru Nagar,1.8155,196.75
2019-11-20,Patparganj,1.555,163.125
2019-11-20,Punjabi Bagh,1.373,186.8125
2019-11-20,Pusa,1.285,122.69416666666666
2019-11-20,R K Puram,1.848,145.08333333333334
2019-11-20,Shadipur,1.361,147.25416666666666
2019-11-20,Sirifort,1.763,146.60227272727272
2019-11-20,Sonia Vihar,1.474,208.47916666666666
2019-11-21,Bawana,1.527,262.5416666666667
2019-11-21,DTU,1.142,235.5575
2019-11-21,Jahangirpuri,1.001,202.23958333333334
2019-11-22,Narela,1.439,232.7608695652174
2019-11-25,Alipur,1.793,104.91666666666667
2019-11-25,Anand Vihar,1.786,119.875
2019-11-25,Burari Crossing,2.101,102.91583333333334
2019-11-25,CRRI Mathura Road,1.713,107.97041666666667
2019-11-25,DTU,2.454,153.41199999999998
2019-11-25,Dwarka-Sector 8,2.06,152.04166666666666
2019-11-25,IGI Airport (T3),1.919,104.12583333333333
2019-11-25,IHBAS,1.893,70.60916666666667
2019-11-25,ITO,1.85,124.95833333333333
2019-11-25,Jahangirpuri,2.176,152.27272727272728
2019-11-25,Jawaharlal Nehru Stadium,1.726,127.4375
2019-11-25,Lodhi Road,1.71,98.545
2019-11-25,Major Dhyan Chand National Stadium,1.721,121.28125
2019-11-25,Mandir Marg,1.79,104.95833333333333
2019-11-25,Mundka,2.2,167.77083333333334
2019-11-25,NSIT Dwarka,2.06,154.40416666666667
2019-11-25,Najafgarh,2.155,125.94791666666667
2019-11-25,Nehru Nagar,1.766,167.70833333333334
2019-11-25,Okhla Phase-2,1.727,125.08333333333333
2019-11-25,Patparganj,1.871,102.875
2019-11-25,Punjabi Bagh,2.043,120.01041666666667
2019-11-25,Pusa,1.855,100.455625
2019-11-25,R K Puram,1.752,113.23958333333333
2019-11-25,Rohini,2.467,160.85416666666666
2019-11-25,Shadipur,1.898,105.13333333333333
2019-11-25,Sirifort,1.803,120.44791666666667
2019-11-25,Sri Aurobindo Marg,1.735,105.38541666666667
2019-11-25,Vivek Vihar,1.855,113.26041666666667
2019-11-26,IHBAS,1.278,80.13875
2019-11-26,Vivek Vihar,1.23,124.5
2019-11-27,Anand Vihar,1.908,114.03846153846153
2019-11-27,Aya Nagar,2.058,57.67458333333334
2019-11-27,CRRI Mathura Road,1.804,59.73166666666666
2019-11-27,IHBAS,1.968,54.36826086956522
2019-11-27,ITO,1.986,73.95833333333333
2019-11-27,Jawaharlal Nehru Stadium,1.737,68.57291666666667
2019-11-27,Lodhi Road,1.794,55.34916666666666
2019-11-27,Major Dhyan Chand National Stadium,1.822,62.8125
2019-11-27,Mandir Marg,2.143,59.916666666666664
2019-11-27,Nehru Nagar,1.828,85.6875
2019-11-27,Okhla Phase-2,1.893,68.20833333333333
2019-11-27,Patparganj,1.928,57.510416666666664
2019-11-27,R K Puram,1.974,55.010416666666664
2019-11-27,Sirifort,1.944,68.1875
2019-11-27,Sonia Vihar,1.904,65.2
2019-11-27,Sri Aurobindo Marg,2.005,59.416666666666664
2019-11-27,Vivek Vihar,1.956,87.04166666666667
2019-11-28,Aya Nagar,2.653,31.005416666666665
2019-11-29,Alipur,0.9265,40.333333333333336
2019-11-29,Anand Vihar,0.9735,56.40625
2019-11-29,Ashok Vihar,0.9195,55.625
2019-11-29,Aya Nagar,1.098,43.717083333333335
2019-11-29,Bawana,1.1345,75.53125
2019-11-29,Burari Crossing,0.9605,42.275416666666665
2019-11-29,CRRI Mathura Road,0.9175,46.84166666666667
2019-11-29,DTU,0.992,61.66625
2019-11-29,Dr. Karni Singh Shooting Range,1.139,57.885416666666664
2019-11-29,Dwarka-Sector 8,1.169,55.40625
2019-11-29,IGI Airport (T3),1.1835,45.22
2019-11-29,IHBAS,0.9315,42.07458333333333
2019-11-29,ITO,1.001,55.010416666666664
2019-11-29,Jahangirpuri,0.9615,66.375
2019-11-29,Jawaharlal Nehru Stadium,0.943,56.822916666666664
2019-11-29,Lodhi Road,0.9525,43.50958333333333
2019-11-29,Major Dhyan Chand National Stadium,0.9265,49.635416666666664
2019-11-29,Mandir Marg,1.0285,44.479166666666664
2019-11-29,Mundka,1.0985,62.416666666666664
2019-11-29,NSIT Dwarka,1.169,75.11541666666666
2019-11-29,Najafgarh,1.2,51.375
2019-11-29,Narela,0.937,58.135416666666664
2019-11-29,Nehru Nagar,0.932,88.20833333333333
2019-11-29,North Campus,0.997,40.54458333333333
2019-11-29,Okhla Phase-2,1.026,56.041666666666664
2019-11-29,Patparganj,0.932,45.0
2019-11-29,Punjabi Bagh,0.9895,50.072916666666664
2019-11-29,Pusa,1.03,45.48833333333334
2019-11-29,R K Puram,0.9605,43.291666666666664
2019-11-29,Rohini,0.9875,73.85416666666667
2019-11-29,Shadipur,1.023,43.96875
2019-11-29,Sirifort,1.0115,60.041666666666664
2019-11-29,Sonia Vihar,0.969,49.25
2019-11-29,Sri Aurobindo Marg,1.009,45.510416666666664
2019-11-29,Vivek Vihar,0.948,55.40625
2019-11-29,Wazirpur,0.9605,61.229166666666664
2019-11-30,Anand Vihar,1.149,105.31818181818181
2019-11-30,Aya Nagar,1.281,72.07333333333334
2019-11-30,CRRI Mathura Road,1.237,85.75666666666666
2019-11-30,Dr. Karni Singh Shooting Range,1.412,102.35416666666667
2019-11-30,IGI Airport (T3),1.482,71.39208333333333
2019-11-30,IHBAS,1.064,64.40260869565218
2019-11-30,ITO,1.247,104.90625
2019-11-30,Jawaharlal Nehru Stadium,1.479,105.71875
2019-11-30,Lodhi Road,1.224,67.91833333333334
2019-11-30,Major Dhyan Chand National Stadium,1.224,92.6875
2019-11-30,Mandir Marg,1.22,94.39583333333333
2019-11-30,Najafgarh,1.494,77.02083333333333
2019-11-30,Nehru Nagar,1.475,129.4375
2019-11-30,Okhla Phase-2,1.398,96.04166666666667
2019-11-30,Patparganj,1.222,90.52083333333333
2019-11-30,Pusa,1.324,84.341875
2019-11-30,R K Puram,1.3115,84.45833333333333
2019-11-30,Sirifort,1.395,107.60416666666667
2019-11-30,Sonia Vihar,1.333,101.125
2019-11-30,Sri Aurobindo Marg,1.2885,79.71875
2019-11-30,Vivek Vihar,1.081,99.90625
2019-12-01,Alipur,0.7645,118.75
2019-12-01,Anand Vihar,0.851,134.57291666666666
2019-12-01,Ashok Vihar,0.852,141.25
2019-12-01,Aya Nagar,0.649,83.94041666666666
2019-12-01,Bawana,0.759,151.16666666666666
2019-12-01,Burari Crossing,0.865,109.30791666666666
2019-12-01,CRRI Mathura Road,0.829,106.79916666666666
2019-12-01,DTU,0.884,169.9283333333333
2019-12-01,Dr. Karni Singh Shooting Range,0.6735,120.46875
2019-12-01,Dwarka-Sector 8,0.809,139.69791666666666
2019-12-01,IGI Airport (T3),0.7895,97.56208333333332
2019-12-01,IHBAS,0.903,75.69708333333334
2019-12-01,ITO,0.8855,120.3125
2019-12-01,Jahangirpuri,0.85,155.875
2019-12-01,Jawaharlal Nehru Stadium,0.8055,133.22916666666666
2019-12-01,Lodhi Road,0.835,85.6075
2019-12-01,Major Dhyan Chand National Stadium,0.8775,99.29166666666667
2019-12-01,Mandir Marg,0.824,112.78125
2019-12-01,Mundka,0.8445,175.6875
2019-12-01,NSIT Dwarka,0.809,159.37583333333333
2019-12-01,Najafgarh,0.777,101.64583333333333
2019-12-01,Narela,0.7255,120.5625
2019-12-01,Nehru Nagar,0.797,165.82291666666666
2019-12-01,North Campus,0.8275,92.02499999999999
2019-12-01,Okhla Phase-2,0.7765,120.20833333333333
2019-12-01,Patparganj,0.8285,116.54166666666667
2019-12-01,Punjabi Bagh,0.763,124.94791666666667
2019-12-01,Pusa,0.8465,110.56520833333333
2019-12-01,R K Puram,0.8115,102.83333333333333
2019-12-01,Rohini,0.749,183.125
2019-12-01,Shadipur,0.837,110.36
2019-12-01,Sirifort,0.8365,121.30208333333333
2019-12-01,Sonia Vihar,0.784,121.625
2019-12-01,Sri Aurobindo Marg,0.7445,93.84375
2019-12-01,Vivek Vihar,0.851,127.17708333333333
2019-12-01,Wazirpur,0.724,160.5625
2019-12-02,Anand Vihar,0.6795,157.92708333333334
2019-12-02,Ashok Vihar,0.685,165.04166666666666
2019-12-02,Aya Nagar,0.502,95.26208333333334
2019-12-02,Bawana,0.744,190.95833333333334
2019-12-02,Burari Crossing,0.748,130.10125
2019-12-02,CRRI Mathura Road,0.597,122.31666666666666
2019-12-02,DTU,0.7945,210.53666666666666
2019-12-02,Dr. Karni Singh Shooting Range,0.444,123.69791666666667
2019-12-02,Dwarka-Sector 8,0.58,152.55208333333334
2019-12-02,IGI Airport (T3),0.598,113.23666666666666
2019-12-02,IHBAS,0.704,89.38541666666667
2019-12-02,ITO,0.585,136.45833333333334
2019-12-02,Jahangirpuri,0.7725,190.64583333333334
2019-12-02,Jawaharlal Nehru Stadium,0.5835,147.20833333333334
2019-12-02,Lodhi Road,0.5905,97.60458333333334
2019-12-02,Major Dhyan Chand National Stadium,0.602,108.97916666666667
2019-12-02,Mandir Marg,0.6185,128.59375
2019-12-02,Mundka,0.7355,184.52083333333334
2019-12-02,NSIT Dwarka,0.58,191.27791666666667
2019-12-02,Najafgarh,0.642,109.71875
2019-12-02,Narela,0.76,154.86458333333334
2019-12-02,Nehru Nagar,0.554,186.32291666666666
2019-12-02,North Campus,0.7205,108.43166666666667
2019-12-02,Okhla Phase-2,0.547,126.29166666666667
2019-12-02,Patparganj,0.6885,132.26041666666666
2019-12-02,Punjabi Bagh,0.6725,139.0
2019-12-02,Pusa,0.6475,117.62208333333332
2019-12-02,R K Puram,0.5425,111.41666666666667
2019-12-02,Shadipur,0.6555,118.02291666666667
2019-12-02,Sirifort,0.5635,139.5952380952381
2019-12-02,Sonia Vihar,0.7375,136.54166666666666
2019-12-02,Sri Aurobindo Marg,0.569,102.42708333333333
2019-12-02,Vivek Vihar,0.695,141.67708333333334
2019-12-02,Wazirpur,0.7105,191.6875
2019-12-03,Alipur,0.446,128.125
2019-12-03,Anand Vihar,0.369,163.3125
2019-12-03,Ashok Vihar,0.4455,159.33333333333334
2019-12-03,Aya Nagar,0.3625,96.265
2019-12-03,Bawana,0.473,198.45833333333334
2019-12-03,Burari Crossing,0.4405,128.68041666666667
2019-12-03,CRRI Mathura Road,0.422,113.81708333333334
2019-12-03,DTU,0.4715,200.33249999999998
2019-12-03,Dr. Karni Singh Shooting Range,0.3915,126.98958333333333
2019-12-03,Dwarka-Sector 8,0.4565,148.46875
2019-12-03,IGI Airport (T3),0.4225,104.40875
2019-12-03,IHBAS,0.4405,87.65208333333334
2019-12-03,ITO,0.4555,138.7391304347826
2019-12-03,Jahangirpuri,0.451,178.72916666666666
2019-12-03,Jawaharlal Nehru Stadium,0.4285,144.20833333333334
2019-12-03,Lodhi Road,0.4405,102.42391304347827
2019-12-03,Major Dhyan Chand National Stadium,0.436,106.4375
2019-12-03,Mandir Marg,0.434,128.5
2019-12-03,Mundka,0.4575,179.89583333333334
2019-12-03,NSIT Dwarka,0.4565,175.20583333333335
2019-12-03,Najafgarh,0.401,113.13541666666667
2019-12-03,Narela,0.459,162.47916666666666
2019-12-03,Nehru Nagar,0.406,169.40625
2019-12-03,North Campus,0.42,116.80916666666667
2019-12-03,Okhla Phase-2,0.4325,121.5625
2019-12-03,Patparganj,0.355,131.21875
2019-12-03,Punjabi Bagh,0.358,138.82291666666666
2019-12-03,Pusa,0.4185,122.32958333333333
2019-12-03,R K Puram,0.4485,104.58333333333333
2019-12-03,Rohini,0.4005,209.0
2019-12-03,Shadipur,0.4405,127.81
2019-12-03,Sirifort,0.4425,132.13541666666666
2019-12-03,Sonia Vihar,0.38,116.29166666666667
2019-12-03,Sri Aurobindo Marg,0.4435,110.98958333333333
2019-12-03,Vivek Vihar,0.3805,151.91666666666666
2019-12-03,Wazirpur,0.3465,194.77083333333334
2019-12-04,CRRI Mathura Road,1.021,140.46166666666667
2019-12-04,Jawaharlal Nehru Stadium,1.021,166.58333333333334
2019-12-04,Nehru Nagar,0.98,228.84782608695653
2019-12-04,Patparganj,1.194,151.46875
2019-12-05,Alipur,1.494,275.7708333333333
2019-12-05,CRRI Mathura Road,1.225,247.81083333333333
2019-12-05,DTU,1.265,305.78
2019-12-05,Dwarka-Sector 8,0.679,260.71875
2019-12-05,IGI Airport (T3),0.678,194.82875
2019-12-05,ITO,1.371,272.4583333333333
2019-12-05,Jawaharlal Nehru Stadium,1.263,297.3958333333333
2019-12-05,Lodhi Road,1.162,204.60708333333332
2019-12-05,Major Dhyan Chand National Stadium,1.178,204.92708333333334
2019-12-05,Mandir Marg,1.322,271.7291666666667
2019-12-05,Mundka,1.246,298.4583333333333
2019-12-05,NSIT Dwarka,0.679,191.24791666666667
2019-12-05,Najafgarh,1.0105,182.73958333333334
2019-12-05,Narela,1.44,299.75
2019-12-05,Nehru Nagar,1.153,330.0
2019-12-05,North Campus,1.239,238.39083333333335
2019-12-05,Okhla Phase-2,1.319,286.7083333333333
2019-12-05,Patparganj,1.509,260.875
2019-12-05,Pusa,0.853,219.77729166666666
2019-12-05,R K Puram,0.9505,202.52083333333334
2019-12-05,Rohini,1.107,326.25
2019-12-05,Sirifort,1.151,239.875
2019-12-05,Sri Aurobindo Marg,1.151,218.79166666666666
2019-12-06,Anand Vihar,1.131,256.1354166666667
2019-12-06,CRRI Mathura Road,1.062,225.06583333333333
2019-12-06,Dr. Karni Singh Shooting Range,1.351,247.0681818181818
2019-12-06,Dwarka-Sector 8,1.658,285.6521739130435
2019-12-06,ITO,1.031,237.28125
2019-12-06,Jawaharlal Nehru Stadium,1.138,251.58333333333334
2019-12-06,Lodhi Road,1.124,181.34391304347827
2019-12-06,Major Dhyan Chand National Stadium,1.054,196.71875
2019-12-06,Mandir Marg,1.204,222.33333333333334
2019-12-06,NSIT Dwarka,1.658,208.37166666666667
2019-12-06,Najafgarh,1.857,238.01041666666666
2019-12-06,Nehru Nagar,1.001,310.28125
2019-12-06,North Campus,1.897,204.26333333333332
2019-12-06,Patparganj,1.139,224.02083333333334
2019-12-06,Punjabi Bagh,1.703,238.88541666666666
2019-12-06,R K Puram,1.273,212.58333333333334
2019-12-06,Sirifort,1.17,251.40625
2019-12-06,Sri Aurobindo Marg,1.21,219.85416666666666
2019-12-07,Alipur,1.131,154.36363636363637
2019-12-07,Anand Vihar,1.2345,292.5147058823529
2019-12-07,Ashok Vihar,1.309,252.82291666666666
2019-12-07,Aya Nagar,1.411,211.59434782608696
2019-12-07,Bawana,1.2385,275.8645833333333
2019-12-07,Burari Crossing,1.2235,125.88499999999999
2019-12-07,CRRI Mathura Road,1.232,224.23166666666668
2019-12-07,DTU,1.1145,254.79181818181817
2019-12-07,Dr. Karni Singh Shooting Range,0.974,250.0340909090909
2019-12-07,Dwarka-Sector 8,1.101,293.1875
2019-12-07,IGI Airport (T3),1.124,216.8618181818182
2019-12-07,IHBAS,1.082,153.29625000000001
2019-12-07,ITO,1.1675,209.8125
2019-12-07,Jahangirpuri,1.246,256.875
2019-12-07,Jawaharlal Nehru Stadium,1.417,265.9673913043478
2019-12-07,Lodhi Road,1.362,184.12
2019-12-07,Major Dhyan Chand National Stadium,1.297,206.05208333333334
2019-12-07,Mandir Marg,1.281,201.1875
2019-12-07,Mundka,1.198,295.1458333333333
2019-12-07,NSIT Dwarka,1.101,223.54250000000002
2019-12-07,Najafgarh,1.639,183.92708333333334
2019-12-07,Narela,0.9495,218.83333333333334
2019-12-07,Nehru Nagar,1.312,333.29347826086956
2019-12-07,North Campus,1.0845,174.985
2019-12-07,Okhla Phase-2,1.345,257.2916666666667
2019-12-07,Patparganj,1.173,222.78125
2019-12-07,Punjabi Bagh,1.2125,221.0625
2019-12-07,Pusa,1.4525,193.98891304347825
2019-12-07,R K Puram,1.195,225.53125
2019-12-07,Rohini,1.053,292.9021739130435
2019-12-07,Shadipur,1.414,188.54875
2019-12-07,Sirifort,1.234,263.79347826086956
2019-12-07,Sonia Vihar,1.0245,180.65625
2019-12-07,Sri Aurobindo Marg,1.141,218.51041666666666
2019-12-07,Vivek Vihar,1.125,236.08333333333334
2019-12-07,Wazirpur,1.3695,276.1458333333333
2019-12-08,Alipur,1.0345,241.8875
2019-12-08,Anand Vihar,1.209,303.5416666666667
2019-12-08,Ashok Vihar,1.4705,306.2083333333333
2019-12-08,Aya Nagar,1.469,201.12791666666666
2019-12-08,Bawana,0.909,264.20652173913044
2019-12-08,Burari Crossing,1.276,206.02583333333334
2019-12-08,CRRI Mathura Road,1.155,211.35875
2019-12-08,DTU,1.081,280.12636363636364
2019-12-08,Dr. Karni Singh Shooting Range,1.3105,238.0
2019-12-08,Dwarka-Sector 8,1.036,245.66666666666666
2019-12-08,IGI Airport (T3),1.1245,211.28
2019-12-08,IHBAS,1.1425,178.42875
2019-12-08,ITO,1.4825,202.51041666666666
2019-12-08,Jahangirpuri,1.3935,297.4479166666667
2019-12-08,Jawaharlal Nehru Stadium,1.366,258.625
2019-12-08,Lodhi Road,1.7145,179.61166666666668
2019-12-08,Major Dhyan Chand National Stadium,1.254,185.73958333333334
2019-12-08,Mandir Marg,1.264,218.80208333333334
2019-12-08,Mundka,1.084,265.1458333333333
2019-12-08,NSIT Dwarka,1.036,203.81333333333336
2019-12-08,Najafgarh,1.055,166.86458333333334
2019-12-08,Narela,1.013,201.125
2019-12-08,Nehru Nagar,1.342,314.5394736842105
2019-12-08,North Campus,1.086,210.78833333333333
2019-12-08,Okhla Phase-2,0.974,249.02083333333334
2019-12-08,Patparganj,1.091,225.03125
2019-12-08,Punjabi Bagh,1.082,252.22916666666666
2019-12-08,Pusa,1.174,206.2263829787234
2019-12-08,R K Puram,1.6475,208.07608695652175
2019-12-08,Rohini,0.994,290.6666666666667
2019-12-08,Shadipur,1.17,222.81958333333333
2019-12-08,Sirifort,1.567,235.38541666666666
2019-12-08,Sonia Vihar,0.876,198.92708333333334
2019-12-08,Sri Aurobindo Marg,1.58,192.26041666666666
2019-12-08,Vivek Vihar,1.0755,261.8541666666667
2019-12-08,Wazirpur,1.112,313.2916666666667
2019-12-09,Alipur,1.049,224.625
2019-12-09,Anand Vihar,0.986,240.35416666666666
2019-12-09,Ashok Vihar,1.104,233.71875
2019-12-09,Aya Nagar,1.347,176.61869565217393
2019-12-09,Bawana,1.012,241.05208333333334
2019-12-09,Dr. Karni Singh Shooting Range,1.2605,211.625
2019-12-09,Dwarka-Sector 8,1.252,247.34375
2019-12-09,IHBAS,1.057,126.14541666666666
2019-12-09,ITO,1.061,168.52083333333334
2019-12-09,Jahangirpuri,1.2,245.91666666666666
2019-12-09,Jawaharlal Nehru Stadium,0.991,227.55208333333334
2019-12-09,Lodhi Road,1.027,148.54291666666668
2019-12-09,Mandir Marg,1.033,182.29166666666666
2019-12-09,Mundka,1.268,238.75
2019-12-09,NSIT Dwarka,1.252,179.4
2019-12-09,Najafgarh,1.124,155.33333333333334
2019-12-09,Narela,1.094,186.70833333333334
2019-12-09,Nehru Nagar,0.943,265.6136363636364
2019-12-09,Okhla Phase-2,1.057,209.26666666666668
2019-12-09,Patparganj,1.043,194.09375
2019-12-09,Punjabi Bagh,1.116,186.26041666666666
2019-12-09,Pusa,1.003,180.696875
2019-12-09,R K Puram,0.972,174.69117647058823
2019-12-09,Rohini,1.115,283.6354166666667
2019-12-09,Shadipur,1.064,181.04625
2019-12-09,Sirifort,0.964,205.6875
2019-12-09,Sonia Vihar,0.635,182.85416666666666
2019-12-09,Sri Aurobindo Marg,1.012,167.0625
2019-12-09,Vivek Vihar,1.029,203.10416666666666
2019-12-09,Wazirpur,1.137,256.6458333333333
2019-12-10,Alipur,1.289,249.8125
2019-12-10,Anand Vihar,1.2375,287.7894736842105
2019-12-10,Ashok Vihar,1.1855,286.3854166666667
2019-12-10,Aya Nagar,1.079,189.4645833333333
2019-12-10,Bawana,1.2645,297.8333333333333
2019-12-10,Burari Crossing,1.1725,187.15105263157895
2019-12-10,CRRI Mathura Road,1.079,210.76916666666668
2019-12-10,DTU,1.1375,282.0304545454546
2019-12-10,Dr. Karni Singh Shooting Range,1.077,232.95833333333334
2019-12-10,Dwarka-Sector 8,1.0695,254.6875
2019-12-10,IGI Airport (T3),1.1185,196.96041666666667
2019-12-10,IHBAS,1.2995,176.28166666666667
2019-12-10,ITO,1.155,203.95833333333334
2019-12-10,Jahangirpuri,1.119,272.77272727272725
2019-12-10,Jawaharlal Nehru Stadium,1.054,245.41666666666666
2019-12-10,Lodhi Road,1.123,177.07083333333333
2019-12-10,Major Dhyan Chand National Stadium,1.1645,169.98958333333334
2019-12-10,Mandir Marg,1.0695,218.96875
2019-12-10,Mundka,1.2735,301.6875
2019-12-10,NSIT Dwarka,1.0695,196.89458333333334
2019-12-10,Najafgarh,1.235,172.55208333333334
2019-12-10,Narela,1.034,230.32608695652175
2019-12-10,Nehru Nagar,1.034,286.54545454545456
2019-12-10,North Campus,1.1735,208.08124999999998
2019-12-10,Okhla Phase-2,1.1605,235.10416666666666
2019-12-10,Patparganj,1.1285,230.59375
2019-12-10,Punjabi Bagh,1.098,239.86458333333334
2019-12-10,Pusa,1.0555,198.64770833333333
2019-12-10,R K Puram,1.063,205.32954545454547
2019-12-10,Rohini,1.116,325.42391304347825
2019-12-10,Shadipur,1.04,222.22458333333336
2019-12-10,Sirifort,1.08,225.73958333333334
2019-12-10,Sonia Vihar,1.1915,229.63541666666666
2019-12-10,Sri Aurobindo Marg,1.0345,184.75
2019-12-10,Vivek Vihar,1.2555,265.10869565217394
2019-12-10,Wazirpur,1.023,314.7291666666667
2019-12-15,Alipur,1.444,85.8125
2019-12-15,Anand Vihar,1.991,89.54545454545455
2019-12-15,Ashok Vihar,1.806,116.4375
2019-12-15,IHBAS,1.89,68.50166666666667
2019-12-15,Jahangirpuri,2.072,134.89583333333334
2019-12-15,Mundka,2.229,108.63157894736842
2019-12-15,Narela,1.157,80.76041666666667
2019-12-15,North Campus,2.008,76.08875
2019-12-15,Punjabi Bagh,2.008,96.63541666666667
2019-12-15,Rohini,2.133,121.76041666666667
2019-12-15,Sonia Vihar,1.689,89.20833333333333
2019-12-15,Vivek Vihar,1.899,104.57291666666667
2019-12-15,Wazirpur,1.929,129.58333333333334
2019-12-18,Anand Vihar,1.299,176.69791666666666
2019-12-18,Ashok Vihar,1.251,168.85416666666666
2019-12-18,CRRI Mathura Road,1.06,121.21291666666667
2019-12-18,IGI Airport (T3),0.944,101.40166666666666
2019-12-18,IHBAS,1.263,112.97375
2019-12-18,ITO,1.077,146.26041666666666
2019-12-18,Jahangirpuri,1.344,187.05208333333334
2019-12-18,Jawaharlal Nehru Stadium,0.971,151.79166666666666
2019-12-18,Major Dhyan Chand National Stadium,1.025,51.885416666666664
2019-12-18,Nehru Nagar,0.975,185.79761904761904
2019-12-18,Patparganj,1.332,154.40625
2019-12-18,R K Puram,0.865,122.66304347826087
2019-12-18,Rohini,1.38,188.125
2019-12-18,Sirifort,0.882,152.48958333333334
2019-12-18,Sri Aurobindo Marg,0.833,124.95833333333333
2019-12-18,Vivek Vihar,1.285,176.69791666666666
2019-12-18,Wazirpur,1.234,191.39583333333334
2019-12-20,Alipur,2.295,305.04347826086956
2019-12-20,DTU,2.231,312.92199999999997
2019-12-23,Anand Vihar,2.199,194.08333333333334
2019-12-23,CRRI Mathura Road,1.926,149.49583333333334
2019-12-23,IHBAS,2.403,150.01083333333332
2019-12-23,ITO,1.976,198.34375
2019-12-23,Jawaharlal Nehru Stadium,1.859,187.60416666666666
2019-12-23,Lodhi Road,1.956,119.36391304347826
2019-12-23,Major Dhyan Chand National Stadium,1.98,189.39583333333334
2019-12-23,Mandir Marg,2.306,173.94791666666666
2019-12-23,Nehru Nagar,1.795,249.70833333333334
2019-12-23,Okhla Phase-2,1.748,195.5625
2019-12-23,Patparganj,2.084,188.2875
2019-12-23,R K Puram,2.504,146.13541666666666
2019-12-23,Sirifort,1.967,188.23958333333334
2019-12-23,Vivek Vihar,2.296,189.5
2019-12-24,Ashok Vihar,1.399,275.3125
2019-12-24,Aya Nagar,1.119,201.36849999999998
2019-12-24,CRRI Mathura Road,1.4505,223.09208333333333
2019-12-24,Dr. Karni Singh Shooting Range,1.254,256.125
2019-12-24,Dwarka-Sector 8,1.539,296.72727272727275
2019-12-24,IGI Airport (T3),1.464,215.045
2019-12-24,ITO,1.526,257.1847826086956
2019-12-24,Jahangirpuri,1.345,268.0952380952381
2019-12-24,Jawaharlal Nehru Stadium,1.4835,279.0416666666667
2019-12-24,Lodhi Road,1.457,217.4817391304348
2019-12-24,Major Dhyan Chand National Stadium,1.4695,270.89285714285717
2019-12-24,Mandir Marg,1.4895,255.77083333333334
2019-12-24,Mundka,1.48,310.2291666666667
2019-12-24,NSIT Dwarka,1.539,240.56478260869565
2019-12-24,Nehru Nagar,1.355,302.85714285714283
2019-12-24,North Campus,1.305,231.0875
2019-12-24,Okhla Phase-2,1.554,305.375
2019-12-24,Punjabi Bagh,1.352,250.14583333333334
2019-12-24,Pusa,1.334,199.08794871794873
2019-12-24,R K Puram,1.341,222.28125
2019-12-24,Rohini,1.236,275.17391304347825
2019-12-24,Shadipur,1.329,232.10625000000002
2019-12-24,Sirifort,1.386,298.3020833333333
2019-12-24,Sonia Vihar,1.29,224.83333333333334
2019-12-24,Sri Aurobindo Marg,1.596,229.73611111111111
2019-12-24,Wazirpur,1.389,300.3125
2019-12-25,Anand Vihar,1.1,196.45833333333334
2019-12-25,Ashok Vihar,1.224,171.8125
2019-12-25,CRRI Mathura Road,0.915,161.16375000000002
2019-12-25,IHBAS,1.069,171.5875
2019-12-25,ITO,0.95,155.375
2019-12-25,Jawaharlal Nehru Stadium,0.946,183.32291666666666
2019-12-25,Lodhi Road,0.971,150.68583333333333
2019-12-25,Major Dhyan Chand National Stadium,0.951,161.01136363636363
2019-12-25,Mandir Marg,1.111,154.375
2019-12-25,Nehru Nagar,0.869,246.22916666666666
2019-12-25,Okhla Phase-2,0.792,202.60416666666666
2019-12-25,Patparganj,1.101,176.90625
2019-12-25,R K Puram,1.143,135.63541666666666
2019-12-25,Sirifort,0.869,187.86458333333334
2019-12-25,Vivek Vihar,1.084,176.97916666666666
2019-12-26,Anand Vihar,1.36,213.13541666666666
2019-12-26,Aya Nagar,0.908,176.89625
2019-12-26,CRRI Mathura Road,1.212,174.73833333333334
2019-12-26,Dr. Karni Singh Shooting Range,0.973,215.84375
2019-12-26,ITO,1.24,187.65625
2019-12-26,Jawaharlal Nehru Stadium,1.241,211.03125
2019-12-26,Lodhi Road,1.223,158.24277777777777
2019-12-26,Major Dhyan Chand National Stadium,1.203,202.8125
2019-12-26,Mandir Marg,1.257,189.76041666666666
2019-12-26,Nehru Nagar,1.249,262.375
2019-12-26,Patparganj,1.353,206.08333333333334
2019-12-26,Pusa,1.297,179.85333333333332
2019-12-26,R K Puram,1.336,162.07291666666666
2019-12-26,Sirifort,1.272,223.65625
2019-12-27,Alipur,1.992,189.4125
2019-12-27,Anand Vihar,1.83,289.4166666666667
2019-12-27,Aya Nagar,1.143,170.865
2019-12-27,CRRI Mathura Road,1.686,211.5925
2019-12-27,Dr. Karni Singh Shooting Range,1.23,242.54166666666666
2019-12-27,Dwarka-Sector 8,1.512,236.70454545454547
2019-12-27,IGI Airport (T3),1.468,187.2975
2019-12-27,IHBAS,1.751,239.6738095238095
2019-12-27,ITO,1.721,227.79166666666666
2019-12-27,Jawaharlal Nehru Stadium,1.502,242.625
2019-12-27,Major Dhyan Chand National Stadium,1.723,238.75
2019-12-27,Mandir Marg,1.725,221.82608695652175
2019-12-27,Mundka,1.841,272.1875
2019-12-27,NSIT Dwarka,1.512,219.29125
2019-12-27,Najafgarh,1.826,172.79166666666666
2019-12-27,Narela,2.037,255.3125
2019-12-27,Nehru Nagar,1.343,265.70454545454544
2019-12-27,North Campus,1.83,207.76625
2019-12-27,Patparganj,1.75,251.48809523809524
2019-12-27,Punjabi Bagh,1.923,229.17708333333334
2019-12-27,Pusa,1.869,193.81279069767444
2019-12-27,R K Puram,1.329,183.52083333333334
2019-12-27,Rohini,1.867,280.6354166666667
2019-12-27,Shadipur,1.889,203.3109090909091
2019-12-27,Sirifort,1.32,246.4375
2019-12-27,Sonia Vihar,1.881,212.82608695652175
2019-12-27,Vivek Vihar,1.799,288.29545454545456
2019-12-27,Wazirpur,1.879,289.8333333333333
2019-12-28,Aya Nagar,1.372,220.59958333333336
2019-12-28,ITO,1.556,259.10869565217394
2019-12-28,Jawaharlal Nehru Stadium,1.441,292.3625
2019-12-28,Mandir Marg,1.396,253.58333333333334
2019-12-28,Nehru Nagar,1.357,321.8375
2019-12-28,Okhla Phase-2,1.467,333.875
2019-12-28,Pusa,1.439,231.23541666666665
2019-12-28,R K Puram,1.274,230.3068181818182
2019-12-28,Sirifort,1.313,318.6190476190476
2019-12-28,Sri Aurobindo Marg,1.27,260.71875
2019-12-29,Alipur,1.034,243.39583333333334
2019-12-29,Anand Vihar,1.217,336.85714285714283
2019-12-29,Ashok Vihar,1.908,314.04545454545456
2019-12-29,Aya Nagar,1.643,244.056875
2019-12-29,CRRI Mathura Road,2.461,312.72249999999997
2019-12-29,Dr. Karni Singh Shooting Range,1.698,251.71875
2019-12-29,IHBAS,1.906,262.863
2019-12-29,ITO,2.486,294.55263157894734
2019-12-29,Jahangirpuri,2.036,307.9342105263158
2019-12-29,Jawaharlal Nehru Stadium,2.491,323.5
2019-12-29,Major Dhyan Chand National Stadium,2.495,303.45
2019-12-29,Mandir Marg,1.9605,291.328125
2019-12-29,Mundka,1.406,318.4375
2019-12-29,Najafgarh,1.783,235.25
2019-12-29,North Campus,1.377,251.01208333333332
2019-12-29,Okhla Phase-2,2.477,305.3125
2019-12-29,Patparganj,2.608,307.975
2019-12-29,Punjabi Bagh,2.103,287.9791666666667
2019-12-29,Pusa,2.768,252.92794117647057
2019-12-29,R K Puram,1.9505,281.07608695652175
2019-12-29,Rohini,1.304,297.21590909090907
2019-12-29,Shadipur,2.196,304.47315789473686
2019-12-29,Sirifort,2.077,352.28846153846155
2019-12-29,Sonia Vihar,1.004,241.94791666666666
2019-12-29,Sri Aurobindo Marg,2.0,260.7
2019-12-29,Vivek Vihar,1.9085,277.8125
2019-12-29,Wazirpur,2.0035,350.8478260869565
2019-12-31,Ashok Vihar,0.99,222.3
2019-12-31,Jahangirpuri,0.86,242.025
2019-12-31,Sonia Vihar,0.984,214.75
2020-01-01,Anand Vihar,1.4,289.125
2020-01-01,Ashok Vihar,1.365,272.875
2020-01-01,Aya Nagar,1.108,155.419
2020-01-01,CRRI Mathura Road,1.246,179.995
2020-01-01,Dr. Karni Singh Shooting Range,1.213,200.67857142857142
2020-01-01,IHBAS,1.463,213.12470588235294
2020-01-01,ITO,1.435,256.63461538461536
2020-01-01,Jahangirpuri,1.473,307.5
2020-01-01,Jawaharlal Nehru Stadium,1.321,189.125
2020-01-01,Lodhi Road,1.214,152.00166666666667
2020-01-01,Major Dhyan Chand National Stadium,1.224,171.27272727272728
2020-01-01,Mandir Marg,1.344,287.45
2020-01-01,Mundka,1.493,318.8
2020-01-01,Najafgarh,1.501,196.52631578947367
2020-01-01,Nehru Nagar,1.275,235.58333333333334
2020-01-01,North Campus,1.388,347.43
2020-01-01,Okhla Phase-2,1.302,195.11111111111111
2020-01-01,Patparganj,1.496,205.79545454545453
2020-01-01,Punjabi Bagh,1.387,273.7
2020-01-01,Pusa,1.275,190.46176470588236
2020-01-01,R K Puram,1.234,154.775
2020-01-01,Rohini,1.596,310.65625
2020-01-01,Shadipur,1.308,235.71363636363637
2020-01-01,Sirifort,1.257,199.1
2020-01-01,Vivek Vihar,1.468,249.9
2020-01-01,Wazirpur,1.376,300.1166666666667
2020-01-02,Alipur,0.8415,213.47916666666666
2020-01-02,Anand Vihar,0.86,307.82142857142856
2020-01-02,Ashok Vihar,0.991,259.1875
2020-01-02,Aya Nagar,0.923,157.9742857142857
2020-01-02,Bawana,0.886,239.53125
2020-01-02,CRRI Mathura Road,0.9925,204.92076923076925
2020-01-02,DTU,0.85,238.98227272727271
2020-01-02,Dr. Karni Singh Shooting Range,0.9,165.3181818181818
2020-01-02,Dwarka-Sector 8,0.951,206.94444444444446
2020-01-02,IGI Airport (T3),0.842,155.5366666666667
2020-01-02,IHBAS,0.87,190.2394117647059
2020-01-02,ITO,0.939,238.71428571428572
2020-01-02,Jahangirpuri,0.799,277.8333333333333
2020-01-02,Jawaharlal Nehru Stadium,0.995,196.33333333333334
2020-01-02,Major Dhyan Chand National Stadium,1.053,159.225
2020-01-02,Mandir Marg,0.889,149.375
2020-01-02,Mundka,0.9675,296.92105263157896
2020-01-02,NSIT Dwarka,0.951,223.76
2020-01-02,Najafgarh,1.158,213.59375
2020-01-02,Narela,0.8005,219.22368421052633
2020-01-02,Nehru Nagar,0.992,254.7
2020-01-02,North Campus,1.0025,158.14538461538461
2020-01-02,Okhla Phase-2,0.893,193.4
2020-01-02,Patparganj,0.793,237.31666666666666
2020-01-02,Punjabi Bagh,0.861,244.16666666666666
2020-01-02,Pusa,0.977,178.72852941176473
2020-01-02,R K Puram,0.945,219.2058823529412
2020-01-02,Rohini,0.754,265.01666666666665
2020-01-02,Shadipur,0.915,233.4433333333333
2020-01-02,Sirifort,0.968,228.95833333333334
2020-01-02,Sonia Vihar,0.7615,213.04347826086956
2020-01-02,Vivek Vihar,0.866,247.11111111111111
2020-01-02,Wazirpur,0.881,291.21875
2020-01-03,Alipur,0.509,204.59782608695653
2020-01-03,Anand Vihar,0.503,236.13636363636363
2020-01-03,Ashok Vihar,0.608,217.52272727272728
2020-01-03,Aya Nagar,0.6325,131.05666666666667
2020-01-03,CRRI Mathura Road,0.548,198.0090909090909
2020-01-03,DTU,0.6425,217.63041666666666
2020-01-03,Dr. Karni Singh Shooting Range,0.629,110.96875
2020-01-03,Dwarka-Sector 8,0.6945,196.83823529411765
2020-01-03,IGI Airport (T3),0.5955,83.61692307692307
2020-01-03,IHBAS,0.486,148.49166666666667
2020-01-03,ITO,0.567,174.41666666666666
2020-01-03,Jahangirpuri,0.6945,235.9404761904762
2020-01-03,Jawaharlal Nehru Stadium,0.5825,203.9875
2020-01-03,Lodhi Road,0.5755,162.41041666666666
2020-01-03,Major Dhyan Chand National Stadium,0.561,108.34615384615384
2020-01-03,Mandir Marg,0.6125,147.1904761904762
2020-01-03,Mundka,0.708,218.26041666666666
2020-01-03,NSIT Dwarka,0.6945,180.13608695652175
2020-01-03,Najafgarh,0.8565,155.60416666666666
2020-01-03,Narela,0.459,179.44791666666666
2020-01-03,Nehru Nagar,0.5915,278.3452380952381
2020-01-03,North Campus,0.614,173.66416666666666
2020-01-03,Okhla Phase-2,0.587,207.375
2020-01-03,Patparganj,0.5685,168.9125
2020-01-03,Punjabi Bagh,0.6295,229.48958333333334
2020-01-03,Pusa,0.6315,113.93314285714285
2020-01-03,R K Puram,0.5985,187.72916666666666
2020-01-03,Rohini,0.6085,254.8181818181818
2020-01-03,Shadipur,0.639,197.99277777777777
2020-01-03,Sirifort,0.604,280.9642857142857
2020-01-03,Sonia Vihar,0.5515,159.66666666666666
2020-01-03,Sri Aurobindo Marg,0.524,168.05208333333334
2020-01-03,Vivek Vihar,0.487,130.14285714285714
2020-01-03,Wazirpur,0.63,274.9404761904762
2020-01-04,Alipur,1.4335,226.69791666666666
2020-01-04,Anand Vihar,1.59,216.2
2020-01-04,Ashok Vihar,1.99,287.4375
2020-01-04,Bawana,1.398,253.27777777777777
2020-01-04,CRRI Mathura Road,1.938,203.28041666666664
2020-01-04,DTU,1.4675,262.4185
2020-01-04,Dr. Karni Singh Shooting Range,1.696,202.36458333333334
2020-01-04,Dwarka-Sector 8,1.818,215.36458333333334
2020-01-04,IHBAS,1.67,187.80583333333334
2020-01-04,ITO,1.816,224.91666666666666
2020-01-04,Jahangirpuri,1.855,305.15625
2020-01-04,Jawaharlal Nehru Stadium,1.826,212.08333333333334
2020-01-04,Lodhi Road,1.74,151.57458333333332
2020-01-04,Major Dhyan Chand National Stadium,2.109,168.73076923076923
2020-01-04,Mandir Marg,1.865,209.51041666666666
2020-01-04,Mundka,1.634,266.8958333333333
2020-01-04,NSIT Dwarka,1.818,185.11260869565217
2020-01-04,Najafgarh,1.461,140.08333333333334
2020-01-04,Narela,1.2035,193.60416666666666
2020-01-04,Nehru Nagar,1.836,272.44565217391306
2020-01-04,Okhla Phase-2,1.737,219.39583333333334
2020-01-04,Patparganj,1.398,210.08333333333334
2020-01-04,Punjabi Bagh,1.794,252.83333333333334
2020-01-04,Pusa,1.9825,189.7026666666667
2020-01-04,R K Puram,1.719,139.07291666666666
2020-01-04,Rohini,1.593,290.2395833333333
2020-01-04,Shadipur,1.854,243.123
2020-01-04,Sirifort,1.804,204.6875
2020-01-04,Sonia Vihar,1.6025,207.98958333333334
2020-01-04,Sri Aurobindo Marg,1.659,159.5625
2020-01-04,Vivek Vihar,1.669,270.46875
2020-01-04,Wazirpur,1.91,295.4791666666667
2020-01-05,Alipur,0.849,187.1875
2020-01-05,Anand Vihar,0.932,191.29166666666666
2020-01-05,Ashok Vihar,0.935,197.625
2020-01-05,CRRI Mathura Road,0.787,165.6025
2020-01-05,DTU,0.976,190.48608695652175
2020-01-05,Dr. Karni Singh Shooting Range,0.908,170.20833333333334
2020-01-05,Dwarka-Sector 8,0.881,183.3125
2020-01-05,IGI Airport (T3),0.82,148.08208333333332
2020-01-05,IHBAS,0.889,141.54416666666665
2020-01-05,ITO,0.904,151.55208333333334
2020-01-05,Jahangirpuri,0.964,237.35416666666666
2020-01-05,Jawaharlal Nehru Stadium,0.783,167.61458333333334
2020-01-05,Lodhi Road,0.806,122.38083333333333
2020-01-05,Major Dhyan Chand National Stadium,0.826,160.95833333333334
2020-01-05,Mandir Marg,0.917,181.79166666666666
2020-01-05,Mundka,1.025,193.72916666666666
2020-01-05,NSIT Dwarka,0.881,142.94125
2020-01-05,Najafgarh,0.944,152.97916666666666
2020-01-05,Narela,0.862,166.875
2020-01-05,Nehru Nagar,0.768,218.5
2020-01-05,North Campus,0.971,128.01250000000002
2020-01-05,Okhla Phase-2,0.786,176.02083333333334
2020-01-05,Patparganj,0.95,153.1875
2020-01-05,Punjabi Bagh,1.013,162.20833333333334
2020-01-05,Pusa,0.964,151.03125
2020-01-05,R K Puram,0.765,117.30208333333333
2020-01-05,Rohini,1.048,205.4375
2020-01-05,Shadipur,0.984,178.78125
2020-01-05,Sirifort,0.817,176.04166666666666
2020-01-05,Sonia Vihar,0.926,163.67708333333334
2020-01-05,Sri Aurobindo Marg,0.796,148.77083333333334
2020-01-05,Vivek Vihar,0.912,205.3125
2020-01-05,Wazirpur,0.962,219.94791666666666
2020-01-09,Anand Vihar,0.792,106.0625
2020-01-09,Ashok Vihar,0.723,99.02083333333333
2020-01-09,CRRI Mathura Road,0.606,88.64375
2020-01-09,ITO,0.651,81.75
2020-01-09,Jawaharlal Nehru Stadium,0.648,92.42708333333333
2020-01-09,Lodhi Road,0.63,60.49875
2020-01-09,Major Dhyan Chand National Stadium,0.647,94.1875
2020-01-09,Mandir Marg,0.655,86.0
2020-01-09,Nehru Nagar,0.603,153.6875
2020-01-09,Okhla Phase-2,0.596,103.35416666666667
2020-01-09,Patparganj,0.75,86.34375
2020-01-09,R K Puram,0.653,72.69791666666667
2020-01-09,Sirifort,0.622,87.83333333333333
2020-01-09,Sri Aurobindo Marg,0.607,89.04166666666667
2020-01-10,Alipur,0.754,113.53125
2020-01-10,Anand Vihar,0.6305,146.41666666666666
2020-01-10,Ashok Vihar,0.6955,140.95833333333334
2020-01-10,Aya Nagar,0.47,92.39041666666667
2020-01-10,CRRI Mathura Road,0.5095,133.08791666666667
2020-01-10,DTU,0.822,140.54083333333332
2020-01-10,Dwarka-Sector 8,0.729,151.16666666666666
2020-01-10,IGI Airport (T3),0.72,90.19958333333334
2020-01-10,IHBAS,0.655,102.35541666666667
2020-01-10,ITO,0.568,115.29166666666667
2020-01-10,Jahangirpuri,0.8065,190.86458333333334
2020-01-10,Jawaharlal Nehru Stadium,0.576,135.125
2020-01-10,Lodhi Road,0.571,84.56590909090909
2020-01-10,Major Dhyan Chand National Stadium,0.5315,138.125
2020-01-10,Mandir Marg,0.6425,119.33333333333333
2020-01-10,Mundka,0.8,153.11458333333334
2020-01-10,NSIT Dwarka,0.729,139.48166666666665
2020-01-10,Nehru Nagar,0.5095,207.4375
2020-01-10,North Campus,0.71,95.34583333333335
2020-01-10,Okhla Phase-2,0.5335,147.34375
2020-01-10,Patparganj,0.647,126.95833333333333
2020-01-10,Punjabi Bagh,0.813,124.67708333333333
2020-01-10,Pusa,0.826,122.6836170212766
2020-01-10,R K Puram,0.6015,106.58333333333333
2020-01-10,Rohini,0.8295,140.91666666666666
2020-01-10,Shadipur,0.806,101.62
2020-01-10,Sirifort,0.537,135.09375
2020-01-10,Sonia Vihar,0.638,118.79166666666667
2020-01-10,Sri Aurobindo Marg,0.5755,118.23958333333333
2020-01-10,Vivek Vihar,0.6615,149.14583333333334
2020-01-10,Wazirpur,0.781,158.5625
2020-01-11,Alipur,0.2875,121.92105263157895
2020-01-11,Anand Vihar,0.314,160.97916666666666
2020-01-11,Ashok Vihar,0.3275,163.70833333333334
2020-01-11,Aya Nagar,0.376,101.47625
2020-01-11,Bawana,0.341,173.29166666666666
2020-01-11,CRRI Mathura Road,0.3765,153.43958333333333
2020-01-11,DTU,0.3425,176.6713043478261
2020-01-11,Dr. Karni Singh Shooting Range,0.373,161.625
2020-01-11,Dwarka-Sector 8,0.4475,166.125
2020-01-11,IGI Airport (T3),0.4495,106.42375
2020-01-11,IHBAS,0.423,100.48391304347827
2020-01-11,ITO,0.373,133.0625
2020-01-11,Jahangirpuri,0.3525,189.22727272727272
2020-01-11,Jawaharlal Nehru Stadium,0.4105,161.32291666666666
2020-01-11,Lodhi Road,0.397,121.33695652173913
2020-01-11,Major Dhyan Chand National Stadium,0.367,146.15625
2020-01-11,Mandir Marg,0.3405,129.07291666666666
2020-01-11,Mundka,0.381,199.5
2020-01-11,NSIT Dwarka,0.4475,163.7004347826087
2020-01-11,Najafgarh,0.44,110.29166666666667
2020-01-11,Narela,0.345,144.52083333333334
2020-01-11,Nehru Nagar,0.401,204.2625
2020-01-11,North Campus,0.363,114.32208333333334
2020-01-11,Okhla Phase-2,0.4045,155.61458333333334
2020-01-11,Patparganj,0.2945,140.71875
2020-01-11,Punjabi Bagh,0.2935,139.91666666666666
2020-01-11,Pusa,0.364,133.795625
2020-01-11,R K Puram,0.43,119.76041666666667
2020-01-11,Rohini,0.328,192.75
2020-01-11,Shadipur,0.3275,117.00833333333333
2020-01-11,Sirifort,0.4405,159.23958333333334
2020-01-11,Sonia Vihar,0.2855,120.83333333333333
2020-01-11,Sri Aurobindo Marg,0.434,123.41666666666667
2020-01-11,Vivek Vihar,0.367,161.83333333333334
2020-01-11,Wazirpur,0.2705,191.64583333333334
2020-01-12,Alipur,0.448,181.35416666666666
2020-01-12,Anand Vihar,0.5125,230.82608695652175
2020-01-12,Ashok Vihar,0.411,206.73863636363637
2020-01-12,Aya Nagar,0.316,129.75291666666666
2020-01-12,Bawana,0.5545,222.47826086956522
2020-01-12,CRRI Mathura Road,0.3655,217.04583333333335
2020-01-12,DTU,0.461,202.0704166666667
2020-01-12,Dr. Karni Singh Shooting Range,0.3915,204.59375
2020-01-12,Dwarka-Sector 8,0.4325,208.38636363636363
2020-01-12,IGI Airport (T3),0.3555,160.10958333333335
2020-01-12,IHBAS,0.472,155.86541666666668
2020-01-12,ITO,0.4095,205.88541666666666
2020-01-12,Jahangirpuri,0.444,243.625
2020-01-12,Jawaharlal Nehru Stadium,0.3495,216.625
2020-01-12,Lodhi Road,0.381,151.96916666666667
2020-01-12,Major Dhyan Chand National Stadium,0.412,207.82291666666666
2020-01-12,Mandir Marg,0.4405,168.09375
2020-01-12,Mundka,0.426,245.72916666666666
2020-01-12,NSIT Dwarka,0.4325,186.64347826086959
2020-01-12,Najafgarh,0.4305,131.3125
2020-01-12,Narela,0.434,183.22916666666666
2020-01-12,Nehru Nagar,0.3475,257.10526315789474
2020-01-12,North Campus,0.406,163.20916666666668
2020-01-12,Okhla Phase-2,0.3805,206.21052631578948
2020-01-12,Patparganj,0.521,198.82608695652175
2020-01-12,Punjabi Bagh,0.448,206.5108695652174
2020-01-12,Pusa,0.4505,171.448125
2020-01-12,R K Puram,0.357,170.29761904761904
2020-01-12,Rohini,0.397,251.875
2020-01-12,Shadipur,0.4585,155.6809090909091
2020-01-12,Sirifort,0.373,223.86458333333334
2020-01-12,Sonia Vihar,0.447,182.125
2020-01-12,Sri Aurobindo Marg,0.3825,167.0
2020-01-12,Vivek Vihar,0.449,211.0681818181818
2020-01-12,Wazirpur,0.456,251.47826086956522
2020-01-14,Anand Vihar,2.466,152.61458333333334
2020-01-14,Aya Nagar,1.323,63.56625
2020-01-14,CRRI Mathura Road,2.186,119.18458333333332
2020-01-14,Dwarka-Sector 8,1.531,108.8125
2020-01-14,IGI Airport (T3),1.66,74.37875
2020-01-14,ITO,2.194,146.22916666666666
2020-01-14,Jawaharlal Nehru Stadium,2.159,124.07291666666667
2020-01-14,Lodhi Road,1.947,95.04208333333334
2020-01-14,Major Dhyan Chand National Stadium,2.022,132.53125
2020-01-14,Mandir Marg,1.88,109.94791666666667
2020-01-14,Mundka,1.564,97.66666666666667
2020-01-14,NSIT Dwarka,1.531,95.52291666666667
2020-01-14,Nehru Nagar,2.195,174.85416666666666
2020-01-14,North Campus,1.606,96.99874999999999
2020-01-14,Patparganj,2.534,129.5625
2020-01-14,Pusa,1.712,95.19479166666667
2020-01-14,R K Puram,1.555,85.42708333333333
2020-01-14,Rohini,1.569,121.70833333333333
2020-01-14,Shadipur,1.778,96.33749999999999
2020-01-14,Sirifort,1.836,116.13541666666667
2020-01-15,Anand Vihar,1.02,115.53125
2020-01-15,Ashok Vihar,0.864,132.52083333333334
2020-01-15,Aya Nagar,0.968,84.22958333333334
2020-01-15,CRRI Mathura Road,0.837,105.98833333333333
2020-01-15,DTU,0.96,116.49173913043478
2020-01-15,Dr. Karni Singh Shooting Range,1.016,110.66666666666667
2020-01-15,Dwarka-Sector 8,1.006,133.6875
2020-01-15,IGI Airport (T3),1.066,87.79625
2020-01-15,IHBAS,1.113,89.32375
2020-01-15,ITO,1.0215,123.91304347826087
2020-01-15,Jahangirpuri,0.911,172.28125
2020-01-15,Jawaharlal Nehru Stadium,0.88,109.09375
2020-01-15,Lodhi Road,0.799,79.64083333333333
2020-01-15,Major Dhyan Chand National Stadium,0.937,110.17708333333333
2020-01-15,Mandir Marg,0.871,95.875
2020-01-15,Mundka,1.066,145.10416666666666
2020-01-15,NSIT Dwarka,1.006,119.74666666666667
2020-01-15,Nehru Nagar,0.83,172.14583333333334
2020-01-15,North Campus,1.088,83.36958333333332
2020-01-15,Okhla Phase-2,0.899,120.5
2020-01-15,Patparganj,0.968,99.47916666666667
2020-01-15,Punjabi Bagh,1.0,99.71875
2020-01-15,Pusa,0.829,96.78375
2020-01-15,R K Puram,0.844,90.14583333333333
2020-01-15,Rohini,0.956,132.25
2020-01-15,Shadipur,0.921,80.155
2020-01-15,Sirifort,0.833,106.14583333333333
2020-01-15,Sonia Vihar,1.0985,105.97916666666667
2020-01-15,Sri Aurobindo Marg,0.767,104.04166666666667
2020-01-15,Vivek Vihar,1.093,125.6875
2020-01-15,Wazirpur,0.884,133.34782608695653
2020-01-18,Alipur,0.958,104.6304347826087
2020-01-18,Anand Vihar,0.96,168.95
2020-01-18,Ashok Vihar,1.09,142.04166666666666
2020-01-18,IGI Airport (T3),1.037,111.88
2020-01-18,ITO,1.109,126.3125
2020-01-18,Mandir Marg,0.913,116.67708333333333
2020-01-18,Patparganj,1.01,123.27083333333333
2020-01-18,Pusa,1.018,107.17333333333333
2020-01-18,R K Puram,0.994,106.51041666666667
2020-01-18,Shadipur,1.058,114.21695652173912
2020-01-18,Wazirpur,0.944,151.61458333333334
2020-01-19,Alipur,0.887,108.0
2020-01-19,Anand Vihar,1.011,154.48958333333334
2020-01-19,Ashok Vihar,1.012,141.39583333333334
2020-01-19,Aya Nagar,0.581,78.53458333333333
2020-01-19,CRRI Mathura Road,0.7845,130.35708333333335
2020-01-19,Dr. Karni Singh Shooting Range,0.945,144.39583333333334
2020-01-19,Dwarka-Sector 8,0.827,134.17708333333334
2020-01-19,IGI Airport (T3),0.851,102.50625000000001
2020-01-19,IHBAS,0.764,114.5125
2020-01-19,ITO,0.8195,120.8125
2020-01-19,Jahangirpuri,1.069,177.46875
2020-01-19,Jawaharlal Nehru Stadium,0.7755,135.63541666666666
2020-01-19,Lodhi Road,0.7535,96.50208333333335
2020-01-19,Major Dhyan Chand National Stadium,0.768,134.69791666666666
2020-01-19,Mandir Marg,0.8315,114.8125
2020-01-19,Mundka,0.983,137.71875
2020-01-19,NSIT Dwarka,0.827,110.82625
2020-01-19,Nehru Nagar,0.7215,179.23958333333334
2020-01-19,North Campus,0.901,98.48416666666667
2020-01-19,Okhla Phase-2,0.7985,149.0625
2020-01-19,Patparganj,0.998,73.66666666666667
2020-01-19,Punjabi Bagh,1.0255,119.17708333333333
2020-01-19,Pusa,0.963,110.49979166666667
2020-01-19,R K Puram,0.8485,102.01041666666667
2020-01-19,Rohini,0.949,138.41666666666666
2020-01-19,Shadipur,0.996,101.78791666666666
2020-01-19,Sirifort,0.781,135.70833333333334
2020-01-19,Sonia Vihar,0.796,126.67708333333333
2020-01-19,Sri Aurobindo Marg,0.799,123.65625
2020-01-19,Vivek Vihar,0.998,157.41666666666666
2020-01-19,Wazirpur,0.83,163.08333333333334
2020-01-21,Aya Nagar,1.136,126.51166666666667
2020-01-21,CRRI Mathura Road,1.25,177.31916666666666
2020-01-21,ITO,1.441,191.77083333333334
2020-01-21,Jawaharlal Nehru Stadium,1.592,200.75
2020-01-21,Lodhi Road,1.635,141.86499999999998
2020-01-21,Major Dhyan Chand National Stadium,1.431,201.89583333333334
2020-01-21,Nehru Nagar,1.369,231.98958333333334
2020-01-21,Okhla Phase-2,1.393,234.29166666666666
2020-01-21,Sirifort,1.696,206.83333333333334
2020-01-22,Anand Vihar,0.9555,243.5108695652174
2020-01-22,CRRI Mathura Road,0.9915,197.57208333333332
2020-01-22,IHBAS,1.1015,164.9891304347826
2020-01-22,ITO,1.0695,219.28125
2020-01-22,Jawaharlal Nehru Stadium,0.987,215.21875
2020-01-22,Lodhi Road,1.0325,162.0225
2020-01-22,Major Dhyan Chand National Stadium,1.0325,220.91304347826087
2020-01-22,Mandir Marg,1.139,196.52272727272728
2020-01-22,Nehru Nagar,0.883,272.53125
2020-01-22,Okhla Phase-2,0.807,229.16666666666666
2020-01-22,Patparganj,0.9705,194.8125
2020-01-22,R K Puram,0.905,172.6818181818182
2020-01-22,Sirifort,0.899,212.17708333333334
2020-01-22,Sri Aurobindo Marg,0.738,182.45833333333334
2020-01-22,Vivek Vihar,1.0625,232.67391304347825
2020-01-23,Alipur,0.178,65.77083333333333
2020-01-23,Anand Vihar,0.228,76.425
2020-01-23,Ashok Vihar,0.267,81.85416666666667
2020-01-23,Aya Nagar,0.284,43.904583333333335
2020-01-23,CRRI Mathura Road,0.188,69.22375
2020-01-23,DTU,0.265,98.55
2020-01-23,Dr. Karni Singh Shooting Range,0.2905,75.59375
2020-01-23,Dwarka-Sector 8,0.32,87.08333333333333
2020-01-23,IGI Airport (T3),0.22,60.961666666666666
2020-01-23,IHBAS,0.199,56.583333333333336
2020-01-23,ITO,0.255,73.58333333333333
2020-01-23,Jahangirpuri,0.313,121.61458333333333
2020-01-23,Jawaharlal Nehru Stadium,0.1555,68.27083333333333
2020-01-23,Lodhi Road,0.16,49.163333333333334
2020-01-23,Major Dhyan Chand National Stadium,0.168,68.67708333333333
2020-01-23,Mandir Marg,0.2515,57.020833333333336
2020-01-23,Mundka,0.3105,88.14583333333333
2020-01-23,NSIT Dwarka,0.32,102.4875
2020-01-23,Najafgarh,0.2505,68.34375
2020-01-23,Narela,0.186,67.17708333333333
2020-01-23,Nehru Nagar,0.1485,103.10416666666667
2020-01-23,North Campus,0.2835,51.18208333333333
2020-01-23,Okhla Phase-2,0.255,76.02083333333333
2020-01-23,Patparganj,0.2855,64.23958333333333
2020-01-23,Punjabi Bagh,0.2785,73.48958333333333
2020-01-23,Pusa,0.233,67.658125
2020-01-23,R K Puram,0.194,52.916666666666664
2020-01-23,Rohini,0.2855,99.75
2020-01-23,Shadipur,0.2545,78.47375
2020-01-23,Sirifort,0.14,68.77083333333333
2020-01-23,Sonia Vihar,0.1895,71.3125
2020-01-23,Sri Aurobindo Marg,0.231,71.1875
2020-01-23,Vivek Vihar,0.214,80.4375
2020-01-23,Wazirpur,0.3015,91.125
2020-01-24,Alipur,0.1495,76.425
2020-01-24,Anand Vihar,0.361,85.046875
2020-01-24,Ashok Vihar,0.37,93.79166666666667
2020-01-24,Aya Nagar,0.234,41.61083333333333
2020-01-24,Bawana,0.161,113.17708333333333
2020-01-24,CRRI Mathura Road,0.24,77.45958333333333
2020-01-24,DTU,0.241,111.17380952380952
2020-01-24,Dr. Karni Singh Shooting Range,0.245,71.03125
2020-01-24,Dwarka-Sector 8,0.2395,81.45833333333333
2020-01-24,IGI Airport (T3),0.239,56.88833333333333
2020-01-24,IHBAS,0.2925,64.50416666666666
2020-01-24,ITO,0.318,85.92307692307692
2020-01-24,Jahangirpuri,0.274,137.77380952380952
2020-01-24,Jawaharlal Nehru Stadium,0.331,71.29166666666667
2020-01-24,Lodhi Road,0.33,56.08041666666667
2020-01-24,Major Dhyan Chand National Stadium,0.333,75.29166666666667
2020-01-24,NSIT Dwarka,0.2395,96.31958333333334
2020-01-24,Najafgarh,0.312,52.40625
2020-01-24,Narela,0.1625,89.02083333333333
2020-01-24,Nehru Nagar,0.238,121.51041666666667
2020-01-24,Okhla Phase-2,0.2295,74.4375
2020-01-24,Patparganj,0.366,66.44791666666667
2020-01-24,Punjabi Bagh,0.213,72.203125
2020-01-24,Pusa,0.373,74.00479166666666
2020-01-24,R K Puram,0.2535,55.635416666666664
2020-01-24,Rohini,0.275,109.29166666666667
2020-01-24,Shadipur,0.466,75.56208333333333
2020-01-24,Sirifort,0.234,70.61458333333333
2020-01-24,Sonia Vihar,0.278,77.875
2020-01-24,Sri Aurobindo Marg,0.2535,60.572916666666664
2020-01-24,Vivek Vihar,0.355,92.5625
2020-01-24,Wazirpur,0.284,103.14583333333333
2020-01-25,Alipur,0.499,162.60714285714286
2020-01-25,Anand Vihar,0.5755,151.484375
2020-01-25,Ashok Vihar,0.5335,152.875
2020-01-25,Aya Nagar,0.334,72.97708333333334
2020-01-25,Bawana,0.538,192.4375
2020-01-25,CRRI Mathura Road,0.493,142.82666666666668
2020-01-25,DTU,0.6525,185.42083333333335
2020-01-25,Dr. Karni Singh Shooting Range,0.3165,121.20833333333333
2020-01-25,Dwarka-Sector 8,0.4195,159.59722222222223
2020-01-25,IGI Airport (T3),0.4025,103.12666666666667
2020-01-25,IHBAS,0.56,108.77083333333333
2020-01-25,ITO,0.504,137.0
2020-01-25,Jahangirpuri,0.552,201.67708333333334
2020-01-25,Jawaharlal Nehru Stadium,0.518,123.63541666666667
2020-01-25,Lodhi Road,0.488,85.0575
2020-01-25,Major Dhyan Chand National Stadium,0.524,124.25
2020-01-25,Mandir Marg,0.48,113.46875
2020-01-25,Mundka,0.4685,167.02083333333334
2020-01-25,NSIT Dwarka,0.4195,128.92666666666665
2020-01-25,Najafgarh,0.4235,83.53125
2020-01-25,Narela,0.6375,170.29166666666666
2020-01-25,Nehru Nagar,0.4935,187.20652173913044
2020-01-25,North Campus,0.477,114.80375
2020-01-25,Okhla Phase-2,0.516,132.95833333333334
2020-01-25,Patparganj,0.5715,124.98958333333333
2020-01-25,Punjabi Bagh,0.4515,105.8409090909091
2020-01-25,Pusa,0.397,108.23270833333333
2020-01-25,R K Puram,0.413,120.17708333333333
2020-01-25,Rohini,0.48,188.29166666666666
2020-01-25,Shadipur,0.4035,133.98666666666665
2020-01-25,Sirifort,0.4355,132.27083333333334
2020-01-25,Sonia Vihar,0.5215,136.76041666666666
2020-01-25,Sri Aurobindo Marg,0.3855,96.34375
2020-01-25,Vivek Vihar,0.558,162.91666666666666
2020-01-25,Wazirpur,0.4315,179.47916666666666
2020-01-26,Alipur,0.8455,218.47916666666666
2020-01-26,Anand Vihar,0.8835,255.95238095238096
2020-01-26,Ashok Vihar,0.7925,248.70833333333334
2020-01-26,Aya Nagar,0.5295,119.18666666666667
2020-01-26,Bawana,0.7845,232.83333333333334
2020-01-26,CRRI Mathura Road,0.7165,213.4466666666667
2020-01-26,DTU,0.8185,244.70700000000002
2020-01-26,Dr. Karni Singh Shooting Range,0.5585,189.79166666666666
2020-01-26,Dwarka-Sector 8,0.604,203.71875
2020-01-26,IGI Airport (T3),0.616,160.62208333333334
2020-01-26,IHBAS,0.876,159.98333333333332
2020-01-26,ITO,0.787,165.25
2020-01-26,Jahangirpuri,0.7595,265.40625
2020-01-26,Jawaharlal Nehru Stadium,0.701,191.10416666666666
2020-01-26,Lodhi Road,0.7035,131.73958333333334
2020-01-26,Major Dhyan Chand National Stadium,0.7275,184.19791666666666
2020-01-26,Mandir Marg,0.735,186.60416666666666
2020-01-26,Mundka,0.7675,225.75
2020-01-26,NSIT Dwarka,0.604,187.28
2020-01-26,Najafgarh,0.6065,110.46739130434783
2020-01-26,Narela,0.7765,200.35416666666666
2020-01-26,Nehru Nagar,0.655,249.63636363636363
2020-01-26,North Campus,0.7615,192.3033333333333
2020-01-26,Okhla Phase-2,0.644,201.95833333333334
2020-01-26,Patparganj,0.919,190.15625
2020-01-26,Punjabi Bagh,0.819,208.73958333333334
2020-01-26,Pusa,0.772,159.5325
2020-01-26,R K Puram,0.5645,168.14583333333334
2020-01-26,Rohini,0.7655,274.7916666666667
2020-01-26,Shadipur,0.7835,202.99666666666667
2020-01-26,Sirifort,0.6005,177.97916666666666
2020-01-26,Sonia Vihar,0.86,190.86458333333334
2020-01-26,Sri Aurobindo Marg,0.5805,139.3125
2020-01-26,Vivek Vihar,0.8525,231.75
2020-01-26,Wazirpur,0.7435,273.2291666666667
2020-01-29,Alipur,0.547,78.19791666666667
2020-01-29,Anand Vihar,0.4295,84.15217391304348
2020-01-29,Ashok Vihar,0.4975,91.33333333333333
2020-01-29,Aya Nagar,0.488,41.432916666666664
2020-01-29,Bawana,0.438,97.75
2020-01-29,CRRI Mathura Road,0.677,80.41916666666667
2020-01-29,DTU,0.5235,82.03
2020-01-29,Dr. Karni Singh Shooting Range,0.4895,76.83333333333333
2020-01-29,Dwarka-Sector 8,0.4495,77.75
2020-01-29,IGI Airport (T3),0.479,56.923750000000005
2020-01-29,IHBAS,0.6285,65.29
2020-01-29,ITO,0.692,74.08333333333333
2020-01-29,Jahangirpuri,0.485,112.19791666666667
2020-01-29,Jawaharlal Nehru Stadium,0.7305,74.09375
2020-01-29,Lodhi Road,0.682,52.468333333333334
2020-01-29,Major Dhyan Chand National Stadium,0.702,74.64583333333333
2020-01-29,Mandir Marg,0.6435,64.72916666666667
2020-01-29,Mundka,0.528,91.875
2020-01-29,NSIT Dwarka,0.4495,84.75125
2020-01-29,Najafgarh,0.466,51.729166666666664
2020-01-29,Narela,0.5235,83.6875
2020-01-29,Nehru Nagar,0.71,125.20833333333333
2020-01-29,North Campus,0.47,69.21833333333333
2020-01-29,Okhla Phase-2,0.697,79.29166666666667
2020-01-29,Patparganj,0.514,72.0
2020-01-29,Punjabi Bagh,0.4195,71.05208333333333
2020-01-29,Pusa,0.4765,64.848125
2020-01-29,R K Puram,0.5805,56.52777777777778
2020-01-29,Rohini,0.5175,114.08333333333333
2020-01-29,Shadipur,0.486,70.00304347826086
2020-01-29,Sirifort,0.6745,77.45833333333333
2020-01-29,Sonia Vihar,0.494,80.13541666666667
2020-01-29,Sri Aurobindo Marg,0.598,60.760416666666664
2020-01-29,Vivek Vihar,0.575,93.21875
2020-01-29,Wazirpur,0.3815,99.54166666666667
2020-01-30,Alipur,0.565,70.44791666666667
2020-01-30,Anand Vihar,0.6265,81.10416666666667
2020-01-30,Ashok Vihar,0.742,106.0
2020-01-30,Aya Nagar,0.5765,58.056666666666665
2020-01-30,CRRI Mathura Road,0.848,100.30458333333333
2020-01-30,DTU,0.928,111.81666666666666
2020-01-30,Dr. Karni Singh Shooting Range,0.5855,92.61458333333333
2020-01-30,Dwarka-Sector 8,0.649,100.11458333333333
2020-01-30,IGI Airport (T3),0.615,69.48625
2020-01-30,IHBAS,0.66,65.76416666666667
2020-01-30,ITO,0.812,82.7159090909091
2020-01-30,Jahangirpuri,0.799,131.80208333333334
2020-01-30,Jawaharlal Nehru Stadium,0.771,93.80208333333333
2020-01-30,Lodhi Road,0.821,63.16375
2020-01-30,Major Dhyan Chand National Stadium,0.862,83.44791666666667
2020-01-30,Mandir Marg,0.795,72.98611111111111
2020-01-30,Mundka,0.931,139.32291666666666
2020-01-30,NSIT Dwarka,0.649,115.05250000000001
2020-01-30,Narela,0.555,92.125
2020-01-30,Nehru Nagar,0.774,134.91666666666666
2020-01-30,North Campus,0.749,77.07833333333333
2020-01-30,Okhla Phase-2,0.813,95.77083333333333
2020-01-30,Patparganj,0.779,77.58333333333333
2020-01-30,Punjabi Bagh,0.7255,92.32291666666667
2020-01-30,Pusa,0.818,87.44458333333334
2020-01-30,R K Puram,0.625,49.95454545454545
2020-01-30,Rohini,0.703,125.66666666666667
2020-01-30,Shadipur,0.799,71.12125
2020-01-30,Sirifort,0.725,93.22916666666667
2020-01-30,Sonia Vihar,0.721,79.19791666666667
2020-01-30,Sri Aurobindo Marg,0.651,74.51041666666667
2020-01-30,Vivek Vihar,0.688,90.91666666666667
2020-01-30,Wazirpur,0.742,117.375
2020-01-31,Alipur,0.333,81.16666666666667
2020-01-31,Anand Vihar,0.4335,91.25
2020-01-31,Ashok Vihar,0.437,114.79166666666667
2020-01-31,Aya Nagar,0.3515,59.74625
2020-01-31,Bawana,0.452,118.6875
2020-01-31,CRRI Mathura Road,0.442,84.44458333333334
2020-01-31,DTU,0.355,128.06291666666667
2020-01-31,Dr. Karni Singh Shooting Range,0.3415,80.34375
2020-01-31,Dwarka-Sector 8,0.441,98.71666666666667
2020-01-31,IGI Airport (T3),0.4215,69.11791666666666
2020-01-31,IHBAS,0.533,71.66208333333334
2020-01-31,ITO,0.4075,88.94791666666667
2020-01-31,Jahangirpuri,0.296,127.46875
2020-01-31,Jawaharlal Nehru Stadium,0.4135,81.97916666666667
2020-01-31,Lodhi Road,0.4245,56.41416666666667
2020-01-31,Major Dhyan Chand National Stadium,0.4305,83.125
2020-01-31,Mandir Marg,0.4345,79.97916666666667
2020-01-31,Mundka,0.41,141.72826086956522
2020-01-31,NSIT Dwarka,0.441,100.25666666666666
2020-01-31,Najafgarh,0.351,69.68181818181819
2020-01-31,Narela,0.34,95.77083333333333
2020-01-31,Nehru Nagar,0.3545,132.16666666666666
2020-01-31,North Campus,0.332,74.48875
2020-01-31,Okhla Phase-2,0.34,91.85416666666667
2020-01-31,Patparganj,0.422,82.125
2020-01-31,Punjabi Bagh,0.312,91.23958333333333
2020-01-31,Pusa,0.4955,80.53416666666666
2020-01-31,R K Puram,0.364,73.71875
2020-01-31,Rohini,0.331,134.08333333333334
2020-01-31,Shadipur,0.529,75.57583333333334
2020-01-31,Sirifort,0.361,87.40625
2020-01-31,Sonia Vihar,0.412,87.54347826086956
2020-01-31,Sri Aurobindo Marg,0.345,71.70833333333333
2020-01-31,Vivek Vihar,0.513,99.97916666666667
2020-01-31,Wazirpur,0.483,128.02083333333334
2020-10-01,"Alipur, Delhi - DPCC",0.525,81.0
2020-10-01,"Anand Vihar, Delhi - DPCC",0.517,51.285714285714285
2020-10-01,"Ashok Vihar, Delhi - DPCC",0.49,72.63636363636364
2020-10-01,"Bawana, Delhi - DPCC",0.5,89.625
2020-10-01,"Dwarka-Sector 8, Delhi - DPCC ",0.5085,69.46153846153847
2020-10-01,"ITO, Delhi - CPCB",0.4285,79.26923076923077
2020-10-01,"Indirapuram, Ghaziabad - UPPCB",0.4285,67.0
2020-10-01,"Jai Bhim Nagar, Meerut - UPPCB",0.506,104.0
2020-10-01,"Knowledge Park - V, Greater Noida - UPPCB",0.4735,60.0
2020-10-01,"MD University, Rohtak - HSPCB",0.764,76.4872
2020-10-01,"Major Dhyan Chand National Stadium, Delhi - DPCC",0.4515,65.4
2020-10-01,"Mandir Marg, New Delhi - DPCC",0.483,76.5625
2020-10-01,"Moti Doongri, Alwar - RSPCB",0.349,40.606249999999996
2020-10-01,"Najafgarh, Delhi - DPCC",0.2975,70.91666666666667
2020-10-01,"Nehru Nagar, Delhi - DPCC",0.466,70.5
2020-10-01,"New Collectorate, Baghpat - UPPCB",0.5195,97.125
2020-10-01,New Delhi,0.477,58.0
2020-10-01,"North Campus, DU, Delhi - IMD",0.471,66.69636363636363
2020-10-01,"Okhla Phase-2, Delhi - DPCC",0.4675,65.2
2020-10-01,"Punjabi Bagh, Delhi - DPCC",0.4845,74.05882352941177
2020-10-01,"R K Puram, Delhi - DPCC",0.456,83.10526315789474
2020-10-01,"Rohini, Delhi - DPCC",0.4715,83.0
2020-10-01,"Sector- 16A, Faridabad - HSPCB",0.4795,99.77777777777777
2020-10-01,"Shyam Nagar, Palwal - HSPCB",0.509,38.242000000000004
2020-10-01,"Sri Aurobindo Marg, Delhi - DPCC",0.4855,55.857142857142854
2020-10-01,"Vasundhara, Ghaziabad - UPPCB",0.409,97.0
2020-10-01,"Vikas Sadan, Gurugram - HSPCB",0.4315,86.448
2020-10-01,"Vivek Vihar, Delhi - DPCC",0.503,82.4
2020-10-02,"Alipur, Delhi - DPCC",0.541,68.5
2020-10-02,"Ashok Vihar, Delhi - DPCC",0.417,74.85714285714286
2020-10-02,"Bawana, Delhi - DPCC",0.462,73.66666666666667
2020-10-02,"Dwarka-Sector 8, Delhi - DPCC ",0.3485,56.6
2020-10-02,"ITO, Delhi - CPCB",0.369,82.63636363636364
2020-10-02,"Indirapuram, Ghaziabad - UPPCB",0.479,58.5
2020-10-02,"Jai Bhim Nagar, Meerut - UPPCB",0.6245,48.0
2020-10-02,"MD University, Rohtak - HSPCB",0.6435,75.32
2020-10-02,"Major Dhyan Chand National Stadium, Delhi - DPCC",0.3955,64.5
2020-10-02,"Mandir Marg, New Delhi - DPCC",0.3555,143.0
2020-10-02,"Moti Doongri, Alwar - RSPCB",0.307,42.85333333333333
2020-10-02,"Najafgarh, Delhi - DPCC",0.2495,59.285714285714285
2020-10-02,"Nehru Nagar, Delhi - DPCC",0.3145,57.75
2020-10-02,"New Collectorate, Baghpat - UPPCB",0.6255,100.33333333333333
2020-10-02,New Delhi,0.3655,71.43478260869566
2020-10-02,"North Campus, DU, Delhi - IMD",0.38,76.65249999999999
2020-10-02,"Okhla Phase-2, Delhi - DPCC",0.339,57.625
2020-10-02,"Punjabi Bagh, Delhi - DPCC",0.3855,80.875
2020-10-02,"R K Puram, Delhi - DPCC",0.323,81.63636363636364
2020-10-02,"Rohini, Delhi - DPCC",0.415,80.5
2020-10-02,"Sanjay Nagar, Ghaziabad - UPPCB",0.4435,67.5
2020-10-02,"Sector- 16A, Faridabad - HSPCB",0.329,90.33333333333333
2020-10-02,"Shyam Nagar, Palwal - HSPCB",0.3735,34.145
2020-10-02,"Sri Aurobindo Marg, Delhi - DPCC",0.344,46.0
2020-10-02,"Vasundhara, Ghaziabad - UPPCB",0.5275,88.72727272727273
2020-10-02,"Vikas Sadan, Gurugram - HSPCB",0.297,80.35
2020-10-02,"Vivek Vihar, Delhi - DPCC",0.457,73.16666666666667
2020-10-03,"Alipur, Delhi - DPCC",0.471,62.0
2020-10-03,"Anand Vihar, Delhi - DPCC",0.585,67.0
2020-10-03,"Ashok Vihar, Delhi - DPCC",0.474,83.36363636363636
2020-10-03,"Bawana, Delhi - DPCC",0.458,93.5
2020-10-03,"Dwarka-Sector 8, Delhi - DPCC ",0.5405,93.2
2020-10-03,"ITO, Delhi - CPCB",0.4875,89.0
2020-10-03,"Indirapuram, Ghaziabad - UPPCB",0.4835,81.0
2020-10-03,"Jai Bhim Nagar, Meerut - UPPCB",0.4535,84.0
2020-10-03,"MD University, Rohtak - HSPCB",0.767,79.49761904761905
2020-10-03,"Major Dhyan Chand National Stadium, Delhi - DPCC",0.5045,74.0909090909091
2020-10-03,"Mandir Marg, New Delhi - DPCC",0.5175,79.6
2020-10-03,"Moti Doongri, Alwar - RSPCB",0.47,45.053333333333335
2020-10-03,"Najafgarh, Delhi - DPCC",0.4005,67.7
2020-10-03,"Nehru Nagar, Delhi - DPCC",0.4775,74.5
2020-10-03,"New Collectorate, Baghpat - UPPCB",0.439,105.33333333333333
2020-10-03,New Delhi,0.4995,70.82608695652173
2020-10-03,"North Campus, DU, Delhi - IMD",0.5225,69.46055555555556
2020-10-03,"Okhla Phase-2, Delhi - DPCC",0.489,67.66666666666667
2020-10-03,"Punjabi Bagh, Delhi - DPCC",0.502,82.14285714285714
2020-10-03,"R K Puram, Delhi - DPCC",0.5345,89.05882352941177
2020-10-03,"Rohini, Delhi - DPCC",0.4745,86.66666666666667
2020-10-03,"Sector- 16A, Faridabad - HSPCB",0.5985,91.7
2020-10-03,"Shyam Nagar, Palwal - HSPCB",0.5065,10.986666666666666
2020-10-03,"Sri Aurobindo Marg, Delhi - DPCC",0.559,67.25
2020-10-03,"Vasundhara, Ghaziabad - UPPCB",0.4145,97.9047619047619
2020-10-03,"Vikas Sadan, Gurugram - HSPCB",0.556,98.10952380952382
2020-10-03,"Vivek Vihar, Delhi - DPCC",0.5475,100.3
2020-10-04,New Delhi,0.544,99.0
2020-10-05,"Alipur, Delhi - DPCC",0.2945,76.66666666666667
2020-10-05,"Anand Vihar, Delhi - DPCC",0.4185,65.35714285714286
2020-10-05,"Ashok Vihar, Delhi - DPCC",0.4095,87.0
2020-10-05,"Bawana, Delhi - DPCC",0.341,113.25
2020-10-05,"Dwarka-Sector 8, Delhi - DPCC ",0.433,93.0
2020-10-05,"ITO, Delhi - CPCB",0.3655,85.33333333333333
2020-10-05,"Indirapuram, Ghaziabad - UPPCB",0.3555,85.0
2020-10-05,"MD University, Rohtak - HSPCB",0.525,80.48642857142856
2020-10-05,"Major Dhyan Chand National Stadium, Delhi - DPCC",0.3755,74.33333333333333
2020-10-05,"Mandir Marg, New Delhi - DPCC",0.4235,78.1
2020-10-05,"Moti Doongri, Alwar - RSPCB",0.374,33.798125
2020-10-05,"Najafgarh, Delhi - DPCC",0.2735,65.625
2020-10-05,"Nehru Nagar, Delhi - DPCC",0.3915,94.71428571428571
2020-10-05,"New Collectorate, Baghpat - UPPCB",0.408,103.33333333333333
2020-10-05,New Delhi,0.375,63.91304347826087
2020-10-05,"North Campus, DU, Delhi - IMD",0.4375,79.32176470588236
2020-10-05,"Okhla Phase-2, Delhi - DPCC",0.434,75.14285714285714
2020-10-05,"Punjabi Bagh, Delhi - DPCC",0.394,67.66666666666667
2020-10-05,"R K Puram, Delhi - DPCC",0.441,97.61538461538461
2020-10-05,"Rohini, Delhi - DPCC",0.3905,96.54545454545455
2020-10-05,"Sanjay Nagar, Ghaziabad - UPPCB",0.315,106.0
2020-10-05,"Sector- 16A, Faridabad - HSPCB",0.4005,76.6875
2020-10-05,"Shyam Nagar, Palwal - HSPCB",0.442,32.18666666666667
2020-10-05,"Sri Aurobindo Marg, Delhi - DPCC",0.423,65.75
2020-10-05,"Vasundhara, Ghaziabad - UPPCB",0.319,74.93333333333334
2020-10-05,"Vikas Sadan, Gurugram - HSPCB",0.401,94.23125
2020-10-05,"Vivek Vihar, Delhi - DPCC",0.404,96.42857142857143
2020-10-06,"Alipur, Delhi - DPCC",0.3375,128.0
2020-10-06,"Anand Vihar, Delhi - DPCC",0.3935,116.64285714285714
2020-10-06,"Ashok Vihar, Delhi - DPCC",0.367,102.0
2020-10-06,"Bawana, Delhi - DPCC",0.322,170.25
2020-10-06,"Dwarka-Sector 8, Delhi - DPCC ",0.3945,108.4
2020-10-06,"ITO, Delhi - CPCB",0.347,88.88888888888889
2020-10-06,"MD University, Rohtak - HSPCB",0.5485,80.64944444444444
2020-10-06,"Major Dhyan Chand National Stadium, Delhi - DPCC",0.3615,86.4
2020-10-06,"Mandir Marg, New Delhi - DPCC",0.4145,77.36363636363636
2020-10-06,"Moti Doongri, Alwar - RSPCB",0.364,44.529375
2020-10-06,"Najafgarh, Delhi - DPCC",0.2805,89.57142857142857
2020-10-06,"Nehru Nagar, Delhi - DPCC",0.372,89.2
2020-10-06,"New Collectorate, Baghpat - UPPCB",0.3515,125.33333333333333
2020-10-06,New Delhi,0.3775,69.58333333333333
2020-10-06,"North Campus, DU, Delhi - IMD",0.41,88.354375
2020-10-06,"Okhla Phase-2, Delhi - DPCC",0.402,115.33333333333333
2020-10-06,"Punjabi Bagh, Delhi - DPCC",0.368,89.11111111111111
2020-10-06,"R K Puram, Delhi - DPCC",0.3715,93.85714285714286
2020-10-06,"Rohini, Delhi - DPCC",0.333,129.0
2020-10-06,"Sector- 16A, Faridabad - HSPCB",0.3285,92.4
2020-10-06,"Shyam Nagar, Palwal - HSPCB",0.441,70.815
2020-10-06,"Sri Aurobindo Marg, Delhi - DPCC",0.3835,70.5
2020-10-06,"Vasundhara, Ghaziabad - UPPCB",0.3765,88.86666666666666
2020-10-06,"Vikas Sadan, Gurugram - HSPCB",0.42,96.97894736842105
2020-10-06,"Vivek Vihar, Delhi - DPCC",0.3785,209.0
2020-10-07,"Alipur, Delhi - DPCC",0.5765,178.0
2020-10-07,"Anand Vihar, Delhi - DPCC",0.642,97.38461538461539
2020-10-07,"Ashok Vihar, Delhi - DPCC",0.555,107.5
2020-10-07,"Bawana, Delhi - DPCC",0.5315,238.0
2020-10-07,"Dwarka-Sector 8, Delhi - DPCC ",0.5255,95.66666666666667
2020-10-07,"Ganga Nagar, Meerut - UPPCB",0.4415,106.33333333333333
2020-10-07,"ITO, Delhi - CPCB",0.6005,86.0
2020-10-07,"Indirapuram, Ghaziabad - UPPCB",0.619,95.66666666666667
2020-10-07,"Jai Bhim Nagar, Meerut - UPPCB",0.476,130.0
2020-10-07,"Knowledge Park - V, Greater Noida - UPPCB",0.6595,82.33333333333333
2020-10-07,"MD University, Rohtak - HSPCB",0.664,93.598
2020-10-07,"Major Dhyan Chand National Stadium, Delhi - DPCC",0.5745,68.16666666666667
2020-10-07,"Mandir Marg, New Delhi - DPCC",0.6205,82.08333333333333
2020-10-07,"Moti Doongri, Alwar - RSPCB",0.2445,43.062222222222225
2020-10-07,"Najafgarh, Delhi - DPCC",0.335,74.66666666666667
2020-10-07,"Nehru Nagar, Delhi - DPCC",0.5725,81.33333333333333
2020-10-07,"New Collectorate, Baghpat - UPPCB",0.54,140.5
2020-10-07,New Delhi,0.623,77.04166666666667
2020-10-07,"North Campus, DU, Delhi - IMD",0.627,92.79526315789474
2020-10-07,"Okhla Phase-2, Delhi - DPCC",0.52,73.2
2020-10-07,"Punjabi Bagh, Delhi - DPCC",0.6285,71.93333333333334
2020-10-07,"R K Puram, Delhi - DPCC",0.5445,92.3529411764706
2020-10-07,"Rohini, Delhi - DPCC",0.4855,123.625
2020-10-07,"Sanjay Nagar, Ghaziabad - UPPCB",0.619,134.5
2020-10-07,"Sector 11, Faridabad - HSPCB",0.4485,93.8125
2020-10-07,"Sector- 16A, Faridabad - HSPCB",0.452,95.83333333333333
2020-10-07,"Shyam Nagar, Palwal - HSPCB",0.3875,75.25
2020-10-07,"Sri Aurobindo Marg, Delhi - DPCC",0.527,89.0
2020-10-07,"Vasundhara, Ghaziabad - UPPCB",0.5965,109.05555555555556
2020-10-07,"Vikas Sadan, Gurugram - HSPCB",0.4205,94.5909090909091
2020-10-07,"Vivek Vihar, Delhi - DPCC",0.5855,103.5
2020-10-08,"Anand Vihar, Delhi - DPCC",0.6605,82.3
2020-10-08,"Ashok Vihar, Delhi - DPCC",0.5825,66.0
2020-10-08,"Dwarka-Sector 8, Delhi - DPCC ",0.452,84.0
2020-10-08,"Ganga Nagar, Meerut - UPPCB",0.593,102.66666666666667
2020-10-08,"ITO, Delhi - CPCB",0.413,58.5
2020-10-08,"Jai Bhim Nagar, Meerut - UPPCB",0.5785,223.0
2020-10-08,"Knowledge Park - V, Greater Noida - UPPCB",0.671,73.0
2020-10-08,"MD University, Rohtak - HSPCB",0.6985,74.22
2020-10-08,"Mandir Marg, New Delhi - DPCC",0.4,61.375
2020-10-08,"Moti Doongri, Alwar - RSPCB",0.437,42.598
2020-10-08,New Delhi,0.6485,75.83333333333333
2020-10-08,"North Campus, DU, Delhi - IMD",0.386,87.84142857142857
2020-10-08,"Punjabi Bagh, Delhi - DPCC",0.6015,71.75
2020-10-08,"R K Puram, Delhi - DPCC",0.614,85.81818181818181
2020-10-08,"Sector 11, Faridabad - HSPCB",0.54,84.33142857142856
2020-10-08,"Sector- 16A, Faridabad - HSPCB",0.5205,74.0
2020-10-08,"Vasundhara, Ghaziabad - UPPCB",0.644,90.08333333333333
2020-10-08,"Vikas Sadan, Gurugram - HSPCB",0.511,93.91428571428571
2020-10-09,"Anand Vihar, Delhi - DPCC",1.0145,90.0909090909091
2020-10-09,"Ashok Vihar, Delhi - DPCC",0.7935,111.0
2020-10-09,"Dwarka-Sector 8, Delhi - DPCC ",0.9315,94.5
2020-10-09,"Ganga Nagar, Meerut - UPPCB",0.538,54.5
2020-10-09,"ITO, Delhi - CPCB",0.767,66.41666666666667
2020-10-09,"Indirapuram, Ghaziabad - UPPCB",0.862,70.0
2020-10-09,"Knowledge Park - V, Greater Noida - UPPCB",1.192,75.6
2020-10-09,"MD University, Rohtak - HSPCB",0.6705,71.41799999999999
2020-10-09,"Mandir Marg, New Delhi - DPCC",0.8315,72.38461538461539
2020-10-09,"Moti Doongri, Alwar - RSPCB",0.389,43.800000000000004
2020-10-09,New Delhi,0.735,84.22727272727273
2020-10-09,"North Campus, DU, Delhi - IMD",0.973,77.15
2020-10-09,"Punjabi Bagh, Delhi - DPCC",0.8895,79.5
2020-10-09,"R K Puram, Delhi - DPCC",1.175,91.5
2020-10-09,"Sanjay Nagar, Ghaziabad - UPPCB",0.687,73.0
2020-10-09,"Sector 11, Faridabad - HSPCB",0.829,96.2325
2020-10-09,"Sector- 16A, Faridabad - HSPCB",1.006,85.61538461538461
2020-10-09,"Vasundhara, Ghaziabad - UPPCB",0.713,82.06666666666666
2020-10-09,"Vikas Sadan, Gurugram - HSPCB",0.8705,89.075
2020-10-10,"Anand Vihar, Delhi - DPCC",0.746,94.85714285714286
2020-10-10,"Ashok Vihar, Delhi - DPCC",0.5885,83.0
2020-10-10,"Dwarka-Sector 8, Delhi - DPCC ",0.676,125.5
2020-10-10,"Ganga Nagar, Meerut - UPPCB",0.7335,141.5
2020-10-10,"ITO, Delhi - CPCB",0.7655,113.21428571428571
2020-10-10,"MD University, Rohtak - HSPCB",0.9015,80.45666666666666
2020-10-10,"Mandir Marg, New Delhi - DPCC",0.75,84.375
2020-10-10,"Moti Doongri, Alwar - RSPCB",0.5205,46.099999999999994
2020-10-10,New Delhi,0.7375,90.83333333333333
2020-10-10,"North Campus, DU, Delhi - IMD",0.682,99.66777777777777
2020-10-10,"Punjabi Bagh, Delhi - DPCC",0.639,103.66666666666667
2020-10-10,"R K Puram, Delhi - DPCC",0.736,108.8
2020-10-10,"Sector 11, Faridabad - HSPCB",0.6025,104.436
2020-10-10,"Sector- 16A, Faridabad - HSPCB",0.601,92.9
2020-10-10,"Vasundhara, Ghaziabad - UPPCB",0.644,89.2
2020-10-10,"Vikas Sadan, Gurugram - HSPCB",0.525,89.46923076923076
2020-10-11,"Ganga Nagar, Meerut - UPPCB",0.501,118.44444444444444
2020-10-11,"Jai Bhim Nagar, Meerut - UPPCB",0.489,117.8
2020-10-11,"MD University, Rohtak - HSPCB",0.6075,59.353750000000005
2020-10-11,"Mandir Marg, New Delhi - DPCC",0.736,99.5
2020-10-11,New Delhi,0.737,91.45833333333333
2020-10-11,"North Campus, DU, Delhi - IMD",0.656,101.94
2020-10-11,"Punjabi Bagh, Delhi - DPCC",0.675,103.36363636363636
2020-10-11,"Vikas Sadan, Gurugram - HSPCB",0.699,90.14615384615385
2020-10-12,"Anand Vihar, Delhi - DPCC",1.2225,211.6
2020-10-12,"Dwarka-Sector 8, Delhi - DPCC ",0.81,107.0
2020-10-12,"Ganga Nagar, Meerut - UPPCB",0.71,176.5
2020-10-12,"ITO, Delhi - CPCB",0.976,162.875
2020-10-12,"Knowledge Park - V, Greater Noida - UPPCB",1.132,222.0
2020-10-12,"MD University, Rohtak - HSPCB",0.9705,67.31
2020-10-12,"Mandir Marg, New Delhi - DPCC",1.228,149.33333333333334
2020-10-12,"Moti Doongri, Alwar - RSPCB",0.6355,46.096666666666664
2020-10-12,New Delhi,0.971,116.66666666666667
2020-10-12,"North Campus, DU, Delhi - IMD",0.957,84.05
2020-10-12,"Punjabi Bagh, Delhi - DPCC",0.983,88.0
2020-10-12,"R K Puram, Delhi - DPCC",0.815,166.33333333333334
2020-10-12,"Sector 11, Faridabad - HSPCB",1.182,169.31
2020-10-12,"Sector- 16A, Faridabad - HSPCB",1.048,150.0
2020-10-12,"Vasundhara, Ghaziabad - UPPCB",0.9905,143.33333333333334
2020-10-12,"Vikas Sadan, Gurugram - HSPCB",0.901,99.675
2020-10-13,"Bawana, Delhi - DPCC",1.738,170.5
2020-10-13,"Dwarka-Sector 8, Delhi - DPCC ",1.452,116.0
2020-10-13,"Ganga Nagar, Meerut - UPPCB",2.096,100.4375
2020-10-13,"Indirapuram, Ghaziabad - UPPCB",1.841,136.84615384615384
2020-10-13,"Knowledge Park - V, Greater Noida - UPPCB",1.911,118.76923076923077
2020-10-13,"MD University, Rohtak - HSPCB",1.556,117.00999999999999
2020-10-13,"Moti Doongri, Alwar - RSPCB",0.863,41.01769230769231
2020-10-13,"Najafgarh, Delhi - DPCC",1.069,63.0
2020-10-13,"Okhla Phase-2, Delhi - DPCC",1.773,112.125
2020-10-13,"Punjabi Bagh, Delhi - DPCC",1.616,63.857142857142854
2020-10-13,"Rohini, Delhi - DPCC",1.697,153.0
2020-10-13,"Sanjay Nagar, Ghaziabad - UPPCB",2.029,145.0
2020-10-13,"Shyam Nagar, Palwal - HSPCB",1.788,74.6725
2020-10-13,"Sri Aurobindo Marg, Delhi - DPCC",1.611,126.625
2020-10-13,"Vasundhara, Ghaziabad - UPPCB",1.934,116.04347826086956
2020-10-13,"Vikas Sadan, Gurugram - HSPCB",1.272,134.155
2020-10-14,"Alipur, Delhi - DPCC",1.875,179.42857142857142
2020-10-14,"Anand Vihar, Delhi - DPCC",1.999,157.4
2020-10-14,"Ashok Vihar, Delhi - DPCC",2.149,94.0
2020-10-14,"Ganga Nagar, Meerut - UPPCB",1.453,168.28571428571428
2020-10-14,"ITO, Delhi - CPCB",2.236,236.44444444444446
2020-10-14,"Jai Bhim Nagar, Meerut - UPPCB",1.327,222.44444444444446
2020-10-14,"Knowledge Park - V, Greater Noida - UPPCB",1.768,161.28571428571428
2020-10-14,"Nehru Nagar, Delhi - DPCC",2.172,179.0
2020-10-14,"New Collectorate, Baghpat - UPPCB",1.638,235.2
2020-10-14,"Okhla Phase-2, Delhi - DPCC",1.962,172.0
2020-10-14,"Punjabi Bagh, Delhi - DPCC",2.349,144.75
2020-10-14,"R K Puram, Delhi - DPCC",2.141,149.57142857142858
2020-10-14,"Rohini, Delhi - DPCC",2.125,196.0
2020-10-14,"Sanjay Nagar, Ghaziabad - UPPCB",1.312,151.85714285714286
2020-10-14,"Sector 11, Faridabad - HSPCB",1.885,171.2375
2020-10-14,"Shyam Nagar, Palwal - HSPCB",1.321,62.58857142857143
2020-10-14,"Sri Aurobindo Marg, Delhi - DPCC",2.079,131.25
2020-10-14,"Vasundhara, Ghaziabad - UPPCB",1.873,206.0
2020-10-14,"Vikas Sadan, Gurugram - HSPCB",1.919,152.475
2020-10-14,"Vivek Vihar, Delhi - DPCC",1.984,253.5
2020-10-15,"Alipur, Delhi - DPCC",0.6225,232.66666666666666
2020-10-15,"Anand Vihar, Delhi - DPCC",0.838,197.0
2020-10-15,"Ashok Vihar, Delhi - DPCC",0.467,295.0
2020-10-15,"Bawana, Delhi - DPCC",0.5725,324.3333333333333
2020-10-15,"Dwarka-Sector 8, Delhi - DPCC ",0.44,256.0
2020-10-15,"Ganga Nagar, Meerut - UPPCB",0.9615,193.16666666666666
2020-10-15,"ITO, Delhi - CPCB",0.705,192.55555555555554
2020-10-15,"Jai Bhim Nagar, Meerut - UPPCB",0.863,279.3333333333333
2020-10-15,"Knowledge Park - V, Greater Noida - UPPCB",1.1025,152.5
2020-10-15,"MD University, Rohtak - HSPCB",0.6045,90.84125
2020-10-15,"Major Dhyan Chand National Stadium, Delhi - DPCC",0.696,217.0
2020-10-15,"Mandir Marg, New Delhi - DPCC",0.366,128.66666666666666
2020-10-15,"Najafgarh, Delhi - DPCC",0.7285,250.0
2020-10-15,"Nehru Nagar, Delhi - DPCC",0.746,249.5
2020-10-15,"New Collectorate, Baghpat - UPPCB",0.488,258.0
2020-10-15,New Delhi,0.7415,112.16666666666667
2020-10-15,"North Campus, DU, Delhi - IMD",0.41,155.16333333333333
2020-10-15,"Okhla Phase-2, Delhi - DPCC",0.9345,244.5
2020-10-15,"Punjabi Bagh, Delhi - DPCC",0.432,132.4
2020-10-15,"R K Puram, Delhi - DPCC",0.7235,149.28571428571428
2020-10-15,"Rohini, Delhi - DPCC",0.6895,310.5
2020-10-15,"Sanjay Nagar, Ghaziabad - UPPCB",0.92,202.5
2020-10-15,"Sector 11, Faridabad - HSPCB",1.3025,167.03222222222223
2020-10-15,"Sector- 16A, Faridabad - HSPCB",1.2355,210.66666666666666
2020-10-15,"Shyam Nagar, Palwal - HSPCB",1.606,86.7425
2020-10-15,"Sri Aurobindo Marg, Delhi - DPCC",0.792,213.33333333333334
2020-10-15,"Vasundhara, Ghaziabad - UPPCB",0.817,190.88888888888889
2020-10-15,"Vikas Sadan, Gurugram - HSPCB",0.9385,128.65714285714287
2020-10-15,"Vivek Vihar, Delhi - DPCC",0.8955,315.0
2020-10-16,"Anand Vihar, Delhi - DPCC",0.8035,144.1
2020-10-16,"Ganga Nagar, Meerut - UPPCB",0.7445,105.16666666666667
2020-10-16,"ITO, Delhi - CPCB",0.9015,125.22222222222223
2020-10-16,"Indirapuram, Ghaziabad - UPPCB",0.7785,117.28571428571429
2020-10-16,"Jai Bhim Nagar, Meerut - UPPCB",0.6695,155.0
2020-10-16,"Knowledge Park - V, Greater Noida - UPPCB",0.8125,109.83333333333333
2020-10-16,"MD University, Rohtak - HSPCB",0.8605,79.40736842105264
2020-10-16,"Mandir Marg, New Delhi - DPCC",0.923,102.22222222222223
2020-10-16,"Moti Doongri, Alwar - RSPCB",0.9055,48.70125
2020-10-16,New Delhi,0.8985,94.5
2020-10-16,"North Campus, DU, Delhi - IMD",0.85,109.98407407407409
2020-10-16,"Punjabi Bagh, Delhi - DPCC",0.8915,111.625
2020-10-16,"R K Puram, Delhi - DPCC",0.717,136.15384615384616
2020-10-16,"Sanjay Nagar, Ghaziabad - UPPCB",0.743,128.0
2020-10-16,"Sector 11, Faridabad - HSPCB",0.7395,110.47583333333334
2020-10-16,"Sector- 16A, Faridabad - HSPCB",0.625,114.93333333333334
2020-10-16,"Vasundhara, Ghaziabad - UPPCB",0.789,128.7
2020-10-16,"Vikas Sadan, Gurugram - HSPCB",0.6325,103.595
2020-10-17,"Alipur, Delhi - DPCC",0.9335,131.5
2020-10-17,"Anand Vihar, Delhi - DPCC",1.1165,126.46153846153847
2020-10-17,"Ashok Vihar, Delhi - DPCC",1.0955,152.0
2020-10-17,"Bawana, Delhi - DPCC",0.968,236.75
2020-10-17,"Dwarka-Sector 8, Delhi - DPCC ",1.11,126.0
2020-10-17,"Ganga Nagar, Meerut - UPPCB",1.0325,139.125
2020-10-17,"ITO, Delhi - CPCB",1.1255,142.4
2020-10-17,"Indirapuram, Ghaziabad - UPPCB",1.0045,123.125
2020-10-17,"Jai Bhim Nagar, Meerut - UPPCB",1.0345,150.7
2020-10-17,"Knowledge Park - V, Greater Noida - UPPCB",1.137,121.11111111111111
2020-10-17,"MD University, Rohtak - HSPCB",1.052,96.5396
2020-10-17,"Major Dhyan Chand National Stadium, Delhi - DPCC",1.129,132.0
2020-10-17,"Mandir Marg, New Delhi - DPCC",1.288,116.07692307692308
2020-10-17,"Moti Doongri, Alwar - RSPCB",1.4645,53.04818181818182
2020-10-17,"Najafgarh, Delhi - DPCC",1.0115,127.0
2020-10-17,"Nehru Nagar, Delhi - DPCC",1.21,134.0
2020-10-17,"New Collectorate, Baghpat - UPPCB",0.9595,157.0
2020-10-17,New Delhi,1.1295,125.125
2020-10-17,"North Campus, DU, Delhi - IMD",1.221,121.2
2020-10-17,"Okhla Phase-2, Delhi - DPCC",1.293,128.0
2020-10-17,"Punjabi Bagh, Delhi - DPCC",1.0955,119.1875
2020-10-17,"R K Puram, Delhi - DPCC",1.229,139.55
2020-10-17,"Rohini, Delhi - DPCC",1.0745,199.0
2020-10-17,"Sector 11, Faridabad - HSPCB",1.253,149.05857142857144
2020-10-17,"Sector- 16A, Faridabad - HSPCB",1.081,125.77777777777777
2020-10-17,"Shyam Nagar, Palwal - HSPCB",1.283,40.998000000000005
2020-10-17,"Sri Aurobindo Marg, Delhi - DPCC",1.174,120.5
2020-10-17,"Vasundhara, Ghaziabad - UPPCB",0.9055,100.53333333333333
2020-10-17,"Vikas Sadan, Gurugram - HSPCB",1.042,127.9391304347826
2020-10-17,"Vivek Vihar, Delhi - DPCC",1.067,144.5
2020-10-18,"Alipur, Delhi - DPCC",0.426,89.45454545454545
2020-10-18,"Anand Vihar, Delhi - DPCC",0.6585,97.66666666666667
2020-10-18,"Ashok Vihar, Delhi - DPCC",0.5925,108.57142857142857
2020-10-18,"Bawana, Delhi - DPCC",0.494,142.69230769230768
2020-10-18,"Dwarka-Sector 8, Delhi - DPCC ",0.6865,115.0
2020-10-18,"Ganga Nagar, Meerut - UPPCB",0.484,108.86363636363636
2020-10-18,"ITO, Delhi - CPCB",0.6365,98.23076923076923
2020-10-18,"Indirapuram, Ghaziabad - UPPCB",0.6125,87.77777777777777
2020-10-18,"Jai Bhim Nagar, Meerut - UPPCB",0.514,109.5
2020-10-18,"Knowledge Park - V, Greater Noida - UPPCB",0.7735,84.94736842105263
2020-10-18,"MD University, Rohtak - HSPCB",0.4845,65.1176
2020-10-18,"Major Dhyan Chand National Stadium, Delhi - DPCC",0.704,107.5
2020-10-18,"Mandir Marg, New Delhi - DPCC",0.739,82.47058823529412
2020-10-18,"Najafgarh, Delhi - DPCC",0.62,81.5
2020-10-18,"Nehru Nagar, Delhi - DPCC",0.714,111.33333333333333
2020-10-18,"New Collectorate, Baghpat - UPPCB",0.313,126.06666666666666
2020-10-18,New Delhi,0.6985,101.66666666666667
2020-10-18,"North Campus, DU, Delhi - IMD",0.667,83.8616
2020-10-18,"Okhla Phase-2, Delhi - DPCC",0.803,83.0
2020-10-18,"Punjabi Bagh, Delhi - DPCC",0.6655,40.5
2020-10-18,"R K Puram, Delhi - DPCC",0.7295,108.33333333333333
2020-10-18,"Rohini, Delhi - DPCC",0.544,111.0
2020-10-18,"Sanjay Nagar, Ghaziabad - UPPCB",0.6765,88.75
2020-10-18,"Sector 11, Faridabad - HSPCB",0.8675,113.77499999999999
2020-10-18,"Sector- 16A, Faridabad - HSPCB",0.759,85.8
2020-10-18,"Shyam Nagar, Palwal - HSPCB",1.2525,30.182105263157897
2020-10-18,"Sri Aurobindo Marg, Delhi - DPCC",0.728,76.0
2020-10-18,"Vasundhara, Ghaziabad - UPPCB",0.631,94.4
2020-10-18,"Vikas Sadan, Gurugram - HSPCB",0.7985,101.91
2020-10-18,"Vivek Vihar, Delhi - DPCC",0.6475,114.44444444444444
2020-10-19,"Alipur, Delhi - DPCC",0.486,110.71428571428571
2020-10-19,"Anand Vihar, Delhi - DPCC",0.4735,76.66666666666667
2020-10-19,"Ashok Vihar, Delhi - DPCC",0.544,117.4
2020-10-19,"Bawana, Delhi - DPCC",0.5015,122.47368421052632
2020-10-19,"Dwarka-Sector 8, Delhi - DPCC ",0.525,94.71428571428571
2020-10-19,"Ganga Nagar, Meerut - UPPCB",0.514,98.53333333333333
2020-10-19,"ITO, Delhi - CPCB",0.548,81.95238095238095
2020-10-19,"Indirapuram, Ghaziabad - UPPCB",0.419,73.58823529411765
2020-10-19,"Jai Bhim Nagar, Meerut - UPPCB",0.481,125.88235294117646
2020-10-19,"Knowledge Park - V, Greater Noida - UPPCB",0.4715,73.4
2020-10-19,"MD University, Rohtak - HSPCB",0.636,65.02772727272728
2020-10-19,"Major Dhyan Chand National Stadium, Delhi - DPCC",0.5695,87.54545454545455
2020-10-19,"Mandir Marg, New Delhi - DPCC",0.5345,79.63157894736842
2020-10-19,"Najafgarh, Delhi - DPCC",0.4025,83.9
2020-10-19,"Nehru Nagar, Delhi - DPCC",0.5525,87.85714285714286
2020-10-19,"New Collectorate, Baghpat - UPPCB",0.459,106.625
2020-10-19,New Delhi,0.5335,106.56521739130434
2020-10-19,"North Campus, DU, Delhi - IMD",0.5165,80.19363636363636
2020-10-19,"Okhla Phase-2, Delhi - DPCC",0.547,79.18181818181819
2020-10-19,"Punjabi Bagh, Delhi - DPCC",0.542,14.0
2020-10-19,"R K Puram, Delhi - DPCC",0.5085,83.25
2020-10-19,"Rohini, Delhi - DPCC",0.501,112.6470588235294
2020-10-19,"Sector 11, Faridabad - HSPCB",0.5465,107.39
2020-10-19,"Sector- 16A, Faridabad - HSPCB",0.469,78.16666666666667
2020-10-19,"Shyam Nagar, Palwal - HSPCB",0.7135,50.64
2020-10-19,"Sri Aurobindo Marg, Delhi - DPCC",0.4835,67.4375
2020-10-19,"Vasundhara, Ghaziabad - UPPCB",0.336,71.75
2020-10-19,"Vikas Sadan, Gurugram - HSPCB",0.501,91.00588235294117
2020-10-19,"Vivek Vihar, Delhi - DPCC",0.509,97.23076923076923
2020-10-20,"Alipur, Delhi - DPCC",0.638,139.5
2020-10-20,"Anand Vihar, Delhi - DPCC",0.67,104.33333333333333
2020-10-20,"Ashok Vihar, Delhi - DPCC",0.601,138.57142857142858
2020-10-20,"Bawana, Delhi - DPCC",0.586,135.52941176470588
2020-10-20,"Dwarka-Sector 8, Delhi - DPCC ",0.6925,140.5
2020-10-20,"Ganga Nagar, Meerut - UPPCB",0.302,132.42857142857142
2020-10-20,"ITO, Delhi - CPCB",0.626,127.25806451612904
2020-10-20,"Indirapuram, Ghaziabad - UPPCB",0.624,142.05882352941177
2020-10-20,"Jai Bhim Nagar, Meerut - UPPCB",0.3305,170.7058823529412
2020-10-20,"Knowledge Park - V, Greater Noida - UPPCB",0.6805,113.27777777777777
2020-10-20,"MD University, Rohtak - HSPCB",0.68,97.53750000000001
2020-10-20,"Major Dhyan Chand National Stadium, Delhi - DPCC",0.674,99.6
2020-10-20,"Mandir Marg, New Delhi - DPCC",0.681,109.33333333333333
2020-10-20,"Moti Doongri, Alwar - RSPCB",0.4335,42.29
2020-10-20,"Najafgarh, Delhi - DPCC",0.6305,92.0
2020-10-20,"Nehru Nagar, Delhi - DPCC",0.6305,148.14285714285714
2020-10-20,"New Collectorate, Baghpat - UPPCB",0.6495,185.31578947368422
2020-10-20,New Delhi,0.674,93.08333333333333
2020-10-20,"North Campus, DU, Delhi - IMD",0.684,118.865
2020-10-20,"Okhla Phase-2, Delhi - DPCC",0.6055,82.57142857142857
2020-10-20,"R K Puram, Delhi - DPCC",0.648,131.16666666666666
2020-10-20,"Rohini, Delhi - DPCC",0.5475,130.92857142857142
2020-10-20,"Sanjay Nagar, Ghaziabad - UPPCB",0.5185,119.0
2020-10-20,"Sector 11, Faridabad - HSPCB",0.701,168.78521739130434
2020-10-20,"Sector- 16A, Faridabad - HSPCB",0.62,120.44444444444444
2020-10-20,"Shyam Nagar, Palwal - HSPCB",0.863,53.95454545454545
2020-10-20,"Sri Aurobindo Marg, Delhi - DPCC",0.618,81.77777777777777
2020-10-20,"Vasundhara, Ghaziabad - UPPCB",0.558,96.26315789473684
2020-10-20,"Vikas Sadan, Gurugram - HSPCB",0.646,116.2909090909091
2020-10-20,"Vivek Vihar, Delhi - DPCC",0.671,191.33333333333334
2020-10-21,"Alipur, Delhi - DPCC",0.5435,162.14285714285714
2020-10-21,"Anand Vihar, Delhi - DPCC",0.6405,101.0
2020-10-21,"Ashok Vihar, Delhi - DPCC",0.6065,90.2
2020-10-21,"Bawana, Delhi - DPCC",0.543,132.44
2020-10-21,"Dwarka-Sector 8, Delhi - DPCC ",0.5415,112.4
2020-10-21,"Ganga Nagar, Meerut - UPPCB",0.668,131.0
2020-10-21,"ITO, Delhi - CPCB",0.58,116.88571428571429
2020-10-21,"Indirapuram, Ghaziabad - UPPCB",0.6335,128.58333333333334
2020-10-21,"Jai Bhim Nagar, Meerut - UPPCB",0.6455,161.34782608695653
2020-10-21,"Knowledge Park - V, Greater Noida - UPPCB",0.6015,120.26086956521739
2020-10-21,"MD University, Rohtak - HSPCB",0.688,61.161818181818184
2020-10-21,"Major Dhyan Chand National Stadium, Delhi - DPCC",0.565,72.78947368421052
2020-10-21,"Mandir Marg, New Delhi - DPCC",0.609,77.95833333333333
2020-10-21,"Moti Doongri, Alwar - RSPCB",0.698,52.68
2020-10-21,"Najafgarh, Delhi - DPCC",0.48,69.53333333333333
2020-10-21,"Nehru Nagar, Delhi - DPCC",0.5285,109.75
2020-10-21,"New Collectorate, Baghpat - UPPCB",0.5265,159.20833333333334
2020-10-21,New Delhi,0.585,87.0
2020-10-21,"North Campus, DU, Delhi - IMD",0.506,101.07518518518519
2020-10-21,"Okhla Phase-2, Delhi - DPCC",0.5535,91.0
2020-10-21,"Punjabi Bagh, Delhi - DPCC",0.5495,121.0
2020-10-21,"R K Puram, Delhi - DPCC",0.538,111.5
2020-10-21,"Rohini, Delhi - DPCC",0.578,122.10526315789474
2020-10-21,"Sanjay Nagar, Ghaziabad - UPPCB",0.451,109.83333333333333
2020-10-21,"Sector 11, Faridabad - HSPCB",0.5535,154.8282608695652
2020-10-21,"Sector- 16A, Faridabad - HSPCB",0.528,118.0
2020-10-21,"Shyam Nagar, Palwal - HSPCB",0.6365,60.83681818181819
2020-10-21,"Sri Aurobindo Marg, Delhi - DPCC",0.557,67.91666666666667
2020-10-21,"Vasundhara, Ghaziabad - UPPCB",0.6135,98.625
2020-10-21,"Vikas Sadan, Gurugram - HSPCB",0.543,101.03571428571429
2020-10-21,"Vivek Vihar, Delhi - DPCC",0.6325,151.0625
2020-10-22,"Alipur, Delhi - DPCC",1.468,198.5
2020-10-22,"Bawana, Delhi - DPCC",1.31,219.77777777777777
2020-10-22,"Ganga Nagar, Meerut - UPPCB",0.823,105.9
2020-10-22,"Jai Bhim Nagar, Meerut - UPPCB",0.884,122.73333333333333
2020-10-22,"MD University, Rohtak - HSPCB",0.867,111.20375
2020-10-22,"Moti Doongri, Alwar - RSPCB",1.032,51.455
2020-10-22,"New Collectorate, Baghpat - UPPCB",1.485,210.66666666666666
2020-10-22,"Sector 11, Faridabad - HSPCB",1.119,179.40842105263158
2020-10-22,"Shyam Nagar, Palwal - HSPCB",0.948,56.347272727272724
2020-10-23,"Alipur, Delhi - DPCC",0.9675,248.0
2020-10-23,"Anand Vihar, Delhi - DPCC",0.8605,254.72222222222223
2020-10-23,"Ashok Vihar, Delhi - DPCC",1.1565,170.75
2020-10-23,"Bawana, Delhi - DPCC",0.8935,194.26666666666668
2020-10-23,"Dwarka-Sector 8, Delhi - DPCC ",1.0685,148.63636363636363
2020-10-23,"Ganga Nagar, Meerut - UPPCB",0.4445,128.3684210526316
2020-10-23,"ITO, Delhi - CPCB",0.9625,187.74074074074073
2020-10-23,"Indirapuram, Ghaziabad - UPPCB",0.859,121.76923076923077
2020-10-23,"Jai Bhim Nagar, Meerut - UPPCB",0.4545,101.35714285714286
2020-10-23,"Knowledge Park - V, Greater Noida - UPPCB",0.855,308.2
2020-10-23,"MD University, Rohtak - HSPCB",0.8695,138.76655172413794
2020-10-23,"Major Dhyan Chand National Stadium, Delhi - DPCC",1.193,123.28571428571429
2020-10-23,"Mandir Marg, New Delhi - DPCC",1.063,197.8095238095238
2020-10-23,"Moti Doongri, Alwar - RSPCB",1.021,53.55375
2020-10-23,"Najafgarh, Delhi - DPCC",1.0665,151.0909090909091
2020-10-23,"Nehru Nagar, Delhi - DPCC",0.952,145.75
2020-10-23,"New Collectorate, Baghpat - UPPCB",0.6965,153.3846153846154
2020-10-23,New Delhi,1.0985,165.05
2020-10-23,"North Campus, DU, Delhi - IMD",1.0225,182.58166666666665
2020-10-23,"Okhla Phase-2, Delhi - DPCC",0.867,169.4
2020-10-23,"Punjabi Bagh, Delhi - DPCC",1.0965,227.14285714285714
2020-10-23,"R K Puram, Delhi - DPCC",1.021,199.1904761904762
2020-10-23,"Rohini, Delhi - DPCC",0.9885,176.2
2020-10-23,"Sanjay Nagar, Ghaziabad - UPPCB",0.777,146.13333333333333
2020-10-23,"Sector 11, Faridabad - HSPCB",1.0145,216.73583333333332
2020-10-23,"Sector- 16A, Faridabad - HSPCB",0.9625,204.26315789473685
2020-10-23,"Shyam Nagar, Palwal - HSPCB",0.947,64.51692307692308
2020-10-23,"Sri Aurobindo Marg, Delhi - DPCC",1.007,135.45454545454547
2020-10-23,"Vasundhara, Ghaziabad - UPPCB",0.9165,160.05
2020-10-23,"Vikas Sadan, Gurugram - HSPCB",0.992,143.59047619047618
2020-10-23,"Vivek Vihar, Delhi - DPCC",0.8075,232.0
2020-10-24,"Alipur, Delhi - DPCC",1.424,242.5
2020-10-24,"Anand Vihar, Delhi - DPCC",1.4435,258.9375
2020-10-24,"Ashok Vihar, Delhi - DPCC",1.499,209.30769230769232
2020-10-24,"Bawana, Delhi - DPCC",1.43,283.7368421052632
2020-10-24,"Dwarka-Sector 8, Delhi - DPCC ",1.0305,184.94117647058823
2020-10-24,"Ganga Nagar, Meerut - UPPCB",1.613,188.78947368421052
2020-10-24,"ITO, Delhi - CPCB",1.244,166.42105263157896
2020-10-24,"Indirapuram, Ghaziabad - UPPCB",1.423,238.75
2020-10-24,"Jai Bhim Nagar, Meerut - UPPCB",1.84,178.78947368421052
2020-10-24,"Knowledge Park - V, Greater Noida - UPPCB",1.089,228.23076923076923
2020-10-24,"MD University, Rohtak - HSPCB",1.3075,156.5412
2020-10-24,"Major Dhyan Chand National Stadium, Delhi - DPCC",1.1995,160.47368421052633
2020-10-24,"Mandir Marg, New Delhi - DPCC",1.2445,186.30434782608697
2020-10-24,"Moti Doongri, Alwar - RSPCB",0.571,52.84842105263158
2020-10-24,"Najafgarh, Delhi - DPCC",0.9345,181.26315789473685
2020-10-24,"Nehru Nagar, Delhi - DPCC",1.059,200.54545454545453
2020-10-24,"New Collectorate, Baghpat - UPPCB",1.572,224.75
2020-10-24,New Delhi,1.2795,162.0
2020-10-24,"Okhla Phase-2, Delhi - DPCC",0.9535,180.13333333333333
2020-10-24,"Punjabi Bagh, Delhi - DPCC",1.197,214.3684210526316
2020-10-24,"R K Puram, Delhi - DPCC",0.9585,175.45
2020-10-24,"Sector 11, Faridabad - HSPCB",0.869,190.64
2020-10-24,"Sector- 16A, Faridabad - HSPCB",0.891,179.27777777777777
2020-10-24,"Shyam Nagar, Palwal - HSPCB",0.678,46.93578947368421
2020-10-24,"Sri Aurobindo Marg, Delhi - DPCC",0.906,148.46666666666667
2020-10-24,"Vasundhara, Ghaziabad - UPPCB",1.382,229.25
2020-10-24,"Vikas Sadan, Gurugram - HSPCB",0.7245,168.66315789473683
2020-10-24,"Vivek Vihar, Delhi - DPCC",1.4055,252.21428571428572
2020-10-25,"Alipur, Delhi - DPCC",0.9575,218.47368421052633
2020-10-25,"Anand Vihar, Delhi - DPCC",1.102,259.0
2020-10-25,"Ashok Vihar, Delhi - DPCC",0.9765,212.2941176470588
2020-10-25,"Bawana, Delhi - DPCC",0.8285,255.42307692307693
2020-10-25,"Dwarka-Sector 8, Delhi - DPCC ",0.9545,189.25
2020-10-25,"Ganga Nagar, Meerut - UPPCB",1.1535,152.93548387096774
2020-10-25,"ITO, Delhi - CPCB",1.0775,144.0625
2020-10-25,"Indirapuram, Ghaziabad - UPPCB",1.2295,214.10714285714286
2020-10-25,"Jai Bhim Nagar, Meerut - UPPCB",1.189,170.42857142857142
2020-10-25,"Knowledge Park - V, Greater Noida - UPPCB",0.972,230.1875
2020-10-25,"MD University, Rohtak - HSPCB",0.776,140.05375
2020-10-25,"Major Dhyan Chand National Stadium, Delhi - DPCC",1.0115,148.30769230769232
2020-10-25,"Mandir Marg, New Delhi - DPCC",1.2025,157.35294117647058
2020-10-25,"Moti Doongri, Alwar - RSPCB",0.7265,52.724375
2020-10-25,"Najafgarh, Delhi - DPCC",0.9295,166.6315789473684
2020-10-25,"Nehru Nagar, Delhi - DPCC",1.14,234.75
2020-10-25,"New Collectorate, Baghpat - UPPCB",0.847,159.44827586206895
2020-10-25,New Delhi,1.134,160.65217391304347
2020-10-25,"North Campus, DU, Delhi - IMD",1.0465,200.20705882352942
2020-10-25,"Okhla Phase-2, Delhi - DPCC",1.117,193.10526315789474
2020-10-25,"Punjabi Bagh, Delhi - DPCC",0.935,203.45
2020-10-25,"R K Puram, Delhi - DPCC",1.0745,182.9
2020-10-25,"Rohini, Delhi - DPCC",1.021,209.1290322580645
2020-10-25,"Sanjay Nagar, Ghaziabad - UPPCB",1.264,203.13333333333333
2020-10-25,"Sector 11, Faridabad - HSPCB",1.0665,124.50818181818181
2020-10-25,"Sector- 16A, Faridabad - HSPCB",1.0985,235.79166666666666
2020-10-25,"Shyam Nagar, Palwal - HSPCB",1.125,57.360769230769236
2020-10-25,"Sri Aurobindo Marg, Delhi - DPCC",1.026,171.77777777777777
2020-10-25,"Vasundhara, Ghaziabad - UPPCB",1.113,165.22222222222223
2020-10-25,"Vikas Sadan, Gurugram - HSPCB",0.704,163.7
2020-10-25,"Vivek Vihar, Delhi - DPCC",0.954,260.4
2020-10-26,"Alipur, Delhi - DPCC",1.4505,223.53333333333333
2020-10-26,"Anand Vihar, Delhi - DPCC",1.485,236.875
2020-10-26,"Bawana, Delhi - DPCC",1.421,277.2142857142857
2020-10-26,"Ganga Nagar, Meerut - UPPCB",0.846,202.0
2020-10-26,"ITO, Delhi - CPCB",1.504,170.71428571428572
2020-10-26,"Indirapuram, Ghaziabad - UPPCB",1.49,225.53333333333333
2020-10-26,"Jai Bhim Nagar, Meerut - UPPCB",0.945,171.52941176470588
2020-10-26,"MD University, Rohtak - HSPCB",1.108,151.8178947368421
2020-10-26,"Major Dhyan Chand National Stadium, Delhi - DPCC",1.565,175.76470588235293
2020-10-26,"Mandir Marg, New Delhi - DPCC",1.604,166.92857142857142
2020-10-26,"Najafgarh, Delhi - DPCC",1.423,163.27272727272728
2020-10-26,"Nehru Nagar, Delhi - DPCC",1.629,209.78571428571428
2020-10-26,"New Collectorate, Baghpat - UPPCB",0.948,205.7058823529412
2020-10-26,New Delhi,1.527,186.79166666666666
2020-10-26,"North Campus, DU, Delhi - IMD",1.522,193.95869565217393
2020-10-26,"Punjabi Bagh, Delhi - DPCC",1.461,202.25
2020-10-26,"Rohini, Delhi - DPCC",1.636,219.25
2020-10-26,"Sector- 16A, Faridabad - HSPCB",1.093,185.91666666666666
2020-10-26,"Shyam Nagar, Palwal - HSPCB",0.6755,105.77933333333334
2020-10-26,"Vasundhara, Ghaziabad - UPPCB",1.612,181.75
2020-10-26,"Vikas Sadan, Gurugram - HSPCB",1.0585,160.3625
2020-10-26,"Vivek Vihar, Delhi - DPCC",1.856,268.75
2020-10-27,"Alipur, Delhi - DPCC",0.843,156.35
2020-10-27,"Anand Vihar, Delhi - DPCC",1.2035,162.6
2020-10-27,"Ashok Vihar, Delhi - DPCC",1.0695,164.1875
2020-10-27,"Bawana, Delhi - DPCC",0.8505,172.31578947368422
2020-10-27,"Dwarka-Sector 8, Delhi - DPCC ",1.2595,165.52941176470588
2020-10-27,"Ganga Nagar, Meerut - UPPCB",0.757,146.1578947368421
2020-10-27,"ITO, Delhi - CPCB",1.1955,124.0
2020-10-27,"Indirapuram, Ghaziabad - UPPCB",1.1625,150.2941176470588
2020-10-27,"Jai Bhim Nagar, Meerut - UPPCB",0.8055,117.55
2020-10-27,"Knowledge Park - V, Greater Noida - UPPCB",1.349,167.33333333333334
2020-10-27,"MD University, Rohtak - HSPCB",0.7675,112.27272727272727
2020-10-27,"Major Dhyan Chand National Stadium, Delhi - DPCC",1.245,120.29411764705883
2020-10-27,"Mandir Marg, New Delhi - DPCC",1.187,122.73684210526316
2020-10-27,"Moti Doongri, Alwar - RSPCB",3.021,75.03105263157894
2020-10-27,"Najafgarh, Delhi - DPCC",1.0655,136.13333333333333
2020-10-27,"Nehru Nagar, Delhi - DPCC",1.2785,137.33333333333334
2020-10-27,"New Collectorate, Baghpat - UPPCB",0.716,164.0
2020-10-27,New Delhi,1.2365,141.95833333333334
2020-10-27,"North Campus, DU, Delhi - IMD",1.128,127.69000000000001
2020-10-27,"Okhla Phase-2, Delhi - DPCC",1.423,140.5
2020-10-27,"Punjabi Bagh, Delhi - DPCC",1.052,147.33333333333334
2020-10-27,"R K Puram, Delhi - DPCC",1.278,162.16666666666666
2020-10-27,"Rohini, Delhi - DPCC",0.975,146.88888888888889
2020-10-27,"Sanjay Nagar, Ghaziabad - UPPCB",1.1065,145.38888888888889
2020-10-27,"Sector 11, Faridabad - HSPCB",1.5095,146.77720000000002
2020-10-27,"Sector- 16A, Faridabad - HSPCB",1.5275,143.71428571428572
2020-10-27,"Shyam Nagar, Palwal - HSPCB",1.488,126.91833333333334
2020-10-27,"Sri Aurobindo Marg, Delhi - DPCC",1.3495,120.47619047619048
2020-10-27,"Vasundhara, Ghaziabad - UPPCB",1.157,127.5
2020-10-27,"Vikas Sadan, Gurugram - HSPCB",1.3365,106.08823529411765
2020-10-27,"Vivek Vihar, Delhi - DPCC",1.1575,162.8
2020-10-28,"Alipur, Delhi - DPCC",1.968,270.1904761904762
2020-10-28,"Anand Vihar, Delhi - DPCC",2.157,272.25
2020-10-28,"Ashok Vihar, Delhi - DPCC",2.155,202.14285714285714
2020-10-28,"Bawana, Delhi - DPCC",2.025,325.7
2020-10-28,"Dwarka-Sector 8, Delhi - DPCC ",2.028,220.25
2020-10-28,"Ganga Nagar, Meerut - UPPCB",1.328,182.56
2020-10-28,"ITO, Delhi - CPCB",2.172,242.0
2020-10-28,"Indirapuram, Ghaziabad - UPPCB",2.129,255.7826086956522
2020-10-28,"Jai Bhim Nagar, Meerut - UPPCB",1.425,137.96
2020-10-28,"Knowledge Park - V, Greater Noida - UPPCB",2.179,269.72727272727275
2020-10-28,"MD University, Rohtak - HSPCB",2.215,204.22678571428574
2020-10-28,"Major Dhyan Chand National Stadium, Delhi - DPCC",2.134,197.61904761904762
2020-10-28,"Mandir Marg, New Delhi - DPCC",2.087,214.13636363636363
2020-10-28,"Najafgarh, Delhi - DPCC",2.004,235.78571428571428
2020-10-28,"Nehru Nagar, Delhi - DPCC",2.146,218.78571428571428
2020-10-28,New Delhi,2.197,197.20833333333334
2020-10-28,"North Campus, DU, Delhi - IMD",2.143,222.71242424242425
2020-10-28,"Okhla Phase-2, Delhi - DPCC",2.185,219.71428571428572
2020-10-28,"Punjabi Bagh, Delhi - DPCC",2.045,255.66666666666666
2020-10-28,"R K Puram, Delhi - DPCC",2.012,243.53846153846155
2020-10-28,"Rohini, Delhi - DPCC",2.111,253.55555555555554
2020-10-28,"Sanjay Nagar, Ghaziabad - UPPCB",2.131,234.46428571428572
2020-10-28,"Sector 11, Faridabad - HSPCB",2.057,214.12759999999997
2020-10-28,"Sector- 16A, Faridabad - HSPCB",1.9815,227.06666666666666
2020-10-28,"Shyam Nagar, Palwal - HSPCB",2.4195,108.4321052631579
2020-10-28,"Sri Aurobindo Marg, Delhi - DPCC",2.21,199.89473684210526
2020-10-28,"Vasundhara, Ghaziabad - UPPCB",2.095,238.8181818181818
2020-10-28,"Vikas Sadan, Gurugram - HSPCB",2.013,222.44782608695652
2020-10-28,"Vivek Vihar, Delhi - DPCC",2.1285,282.5
2020-10-29,"Alipur, Delhi - DPCC",1.431,314.4761904761905
2020-10-29,"Anand Vihar, Delhi - DPCC",1.2545,239.6
2020-10-29,"Ashok Vihar, Delhi - DPCC",1.342,170.57142857142858
2020-10-29,"Bawana, Delhi - DPCC",1.608,333.29411764705884
2020-10-29,"Dwarka-Sector 8, Delhi - DPCC ",1.52,305.57894736842104
2020-10-29,"Ganga Nagar, Meerut - UPPCB",0.7775,166.3
2020-10-29,"ITO, Delhi - CPCB",1.4365,244.71875
2020-10-29,"Indirapuram, Ghaziabad - UPPCB",1.1375,232.0909090909091
2020-10-29,"Jai Bhim Nagar, Meerut - UPPCB",0.767,169.0
2020-10-29,"Knowledge Park - V, Greater Noida - UPPCB",1.1825,240.1904761904762
2020-10-29,"MD University, Rohtak - HSPCB",2.13,253.15321428571428
2020-10-29,"Major Dhyan Chand National Stadium, Delhi - DPCC",1.423,204.3913043478261
2020-10-29,"Mandir Marg, New Delhi - DPCC",1.3235,227.85714285714286
2020-10-29,"Moti Doongri, Alwar - RSPCB",1.496,69.66888888888889
2020-10-29,"Najafgarh, Delhi - DPCC",1.6895,216.7
2020-10-29,"Nehru Nagar, Delhi - DPCC",1.386,248.15
2020-10-29,"New Collectorate, Baghpat - UPPCB",1.404,247.54545454545453
2020-10-29,New Delhi,1.439,211.58333333333334
2020-10-29,"North Campus, DU, Delhi - IMD",1.4655,237.38870967741937
2020-10-29,"Okhla Phase-2, Delhi - DPCC",1.459,237.22222222222223
2020-10-29,"Punjabi Bagh, Delhi - DPCC",1.518,311.7916666666667
2020-10-29,"R K Puram, Delhi - DPCC",1.5255,264.2083333333333
2020-10-29,"Rohini, Delhi - DPCC",1.4355,303.29411764705884
2020-10-29,"Sanjay Nagar, Ghaziabad - UPPCB",1.097,215.3913043478261
2020-10-29,"Sector 11, Faridabad - HSPCB",1.3125,171.48964285714285
2020-10-29,"Sector- 16A, Faridabad - HSPCB",1.352,248.6
2020-10-29,"Shyam Nagar, Palwal - HSPCB",1.233,80.63954545454546
2020-10-29,"Sri Aurobindo Marg, Delhi - DPCC",1.422,215.2608695652174
2020-10-29,"Vasundhara, Ghaziabad - UPPCB",1.1865,223.16666666666666
2020-10-29,"Vikas Sadan, Gurugram - HSPCB",1.781,240.9904761904762
2020-10-29,"Vivek Vihar, Delhi - DPCC",1.218,285.1764705882353
2020-10-30,"Alipur, Delhi - DPCC",0.907,238.6
2020-10-30,"Anand Vihar, Delhi - DPCC",0.838,305.1111111111111
2020-10-30,"Ashok Vihar, Delhi - DPCC",0.843,195.33333333333334
2020-10-30,"Bawana, Delhi - DPCC",0.889,277.875
2020-10-30,"Dwarka-Sector 8, Delhi - DPCC ",1.131,300.1666666666667
2020-10-30,"Ganga Nagar, Meerut - UPPCB",0.535,137.66666666666666
2020-10-30,"ITO, Delhi - CPCB",0.891,324.6923076923077
2020-10-30,"Indirapuram, Ghaziabad - UPPCB",1.0665,344.7142857142857
2020-10-30,"Jai Bhim Nagar, Meerut - UPPCB",0.5765,194.0
2020-10-30,"Knowledge Park - V, Greater Noida - UPPCB",0.933,125.0
2020-10-30,"MD University, Rohtak - HSPCB",0.713,260.85625
2020-10-30,"Major Dhyan Chand National Stadium, Delhi - DPCC",0.925,237.6
2020-10-30,"Mandir Marg, New Delhi - DPCC",1.1215,210.75
2020-10-30,"Najafgarh, Delhi - DPCC",1.2645,173.14285714285714
2020-10-30,"Nehru Nagar, Delhi - DPCC",0.889,280.6
2020-10-30,"New Collectorate, Baghpat - UPPCB",0.9185,230.875
2020-10-30,New Delhi,0.885,190.89473684210526
2020-10-30,"North Campus, DU, Delhi - IMD",1.004,275.1227272727273
2020-10-30,"Okhla Phase-2, Delhi - DPCC",0.819,255.4
2020-10-30,"Punjabi Bagh, Delhi - DPCC",1.042,362.35714285714283
2020-10-30,"R K Puram, Delhi - DPCC",0.928,314.0769230769231
2020-10-30,"Rohini, Delhi - DPCC",1.072,311.5
2020-10-30,"Sanjay Nagar, Ghaziabad - UPPCB",0.952,155.6
2020-10-30,"Sector 11, Faridabad - HSPCB",1.0485,196.42583333333334
2020-10-30,"Sector- 16A, Faridabad - HSPCB",1.0725,326.7
2020-10-30,"Shyam Nagar, Palwal - HSPCB",0.941,47.04333333333333
2020-10-30,"Sri Aurobindo Marg, Delhi - DPCC",1.0875,174.22222222222223
2020-10-30,"Vasundhara, Ghaziabad - UPPCB",1.0405,217.69230769230768
2020-10-30,"Vikas Sadan, Gurugram - HSPCB",1.032,223.88125
2020-10-30,"Vivek Vihar, Delhi - DPCC",0.9665,272.3333333333333
2020-10-31,"Alipur, Delhi - DPCC",0.435,165.25
2020-10-31,"Anand Vihar, Delhi - DPCC",0.714,259.0
2020-10-31,"Ashok Vihar, Delhi - DPCC",0.667,113.5
2020-10-31,"Bawana, Delhi - DPCC",0.599,214.08333333333334
2020-10-31,"Dwarka-Sector 8, Delhi - DPCC ",0.459,226.41666666666666
2020-10-31,"Ganga Nagar, Meerut - UPPCB",0.9235,177.77777777777777
2020-10-31,"ITO, Delhi - CPCB",0.6785,236.2608695652174
2020-10-31,"Indirapuram, Ghaziabad - UPPCB",0.687,241.4
2020-10-31,"Jai Bhim Nagar, Meerut - UPPCB",1.0245,246.30769230769232
2020-10-31,"Knowledge Park - V, Greater Noida - UPPCB",0.7795,235.5
2020-10-31,"MD University, Rohtak - HSPCB",0.589,186.39277777777775
2020-10-31,"Major Dhyan Chand National Stadium, Delhi - DPCC",0.679,155.72727272727272
2020-10-31,"Mandir Marg, New Delhi - DPCC",0.6915,209.46153846153845
2020-10-31,"Moti Doongri, Alwar - RSPCB",0.524,83.202
2020-10-31,"Najafgarh, Delhi - DPCC",0.7515,123.88888888888889
2020-10-31,"Nehru Nagar, Delhi - DPCC",0.727,217.91666666666666
2020-10-31,"New Collectorate, Baghpat - UPPCB",0.615,239.6
2020-10-31,New Delhi,0.707,163.3125
2020-10-31,"North Campus, DU, Delhi - IMD",0.719,223.05523809523808
2020-10-31,"Okhla Phase-2, Delhi - DPCC",0.77,222.0
2020-10-31,"Punjabi Bagh, Delhi - DPCC",0.6715,236.2
2020-10-31,"R K Puram, Delhi - DPCC",0.539,269.375
2020-10-31,"Rohini, Delhi - DPCC",0.6185,218.0
2020-10-31,"Sanjay Nagar, Ghaziabad - UPPCB",0.7335,225.53846153846155
2020-10-31,"Sector 11, Faridabad - HSPCB",0.825,215.1446153846154
2020-10-31,"Sector- 16A, Faridabad - HSPCB",0.7835,239.66666666666666
2020-10-31,"Shyam Nagar, Palwal - HSPCB",0.918,55.7825
2020-10-31,"Sri Aurobindo Marg, Delhi - DPCC",0.869,103.77777777777777
2020-10-31,"Vasundhara, Ghaziabad - UPPCB",0.7085,203.66666666666666
2020-10-31,"Vikas Sadan, Gurugram - HSPCB",0.7695,225.8411764705882
2020-10-31,"Vivek Vihar, Delhi - DPCC",0.692,270.8
2020-11-01,"Alipur, Delhi - DPCC",0.603,192.28571428571428
2020-11-01,"Anand Vihar, Delhi - DPCC",0.786,177.9
2020-11-01,"Ashok Vihar, Delhi - DPCC",0.7115,162.2
2020-11-01,"Bawana, Delhi - DPCC",0.6545,159.5909090909091
2020-11-01,"Dwarka-Sector 8, Delhi - DPCC ",0.6195,136.05882352941177
2020-11-01,"Ganga Nagar, Meerut - UPPCB",1.029,129.44444444444446
2020-11-01,"ITO, Delhi - CPCB",0.7175,131.15384615384616
2020-11-01,"Indirapuram, Ghaziabad - UPPCB",0.738,189.15384615384616
2020-11-01,"Jai Bhim Nagar, Meerut - UPPCB",0.937,175.5
2020-11-01,"Knowledge Park - V, Greater Noida - UPPCB",1.0155,132.08333333333334
2020-11-01,"MD University, Rohtak - HSPCB",0.6775,102.764
2020-11-01,"Major Dhyan Chand National Stadium, Delhi - DPCC",0.79,127.7
2020-11-01,"Mandir Marg, New Delhi - DPCC",0.714,140.1904761904762
2020-11-01,"Moti Doongri, Alwar - RSPCB",0.729,44.07916666666667
2020-11-01,"Najafgarh, Delhi - DPCC",0.471,106.82352941176471
2020-11-01,"Nehru Nagar, Delhi - DPCC",0.672,126.76470588235294
2020-11-01,"New Collectorate, Baghpat - UPPCB",0.6945,174.22727272727272
2020-11-01,New Delhi,0.7485,162.45454545454547
2020-11-01,"North Campus, DU, Delhi - IMD",0.7735,123.845
2020-11-01,"Okhla Phase-2, Delhi - DPCC",0.681,124.93333333333334
2020-11-01,"Punjabi Bagh, Delhi - DPCC",0.6355,158.52380952380952
2020-11-01,"R K Puram, Delhi - DPCC",0.736,134.52173913043478
2020-11-01,"Rohini, Delhi - DPCC",0.636,154.0
2020-11-01,"Sanjay Nagar, Ghaziabad - UPPCB",0.8395,170.77777777777777
2020-11-01,"Sector 11, Faridabad - HSPCB",0.5535,110.53142857142858
2020-11-01,"Sector- 16A, Faridabad - HSPCB",0.607,453.0
2020-11-01,"Shyam Nagar, Palwal - HSPCB",0.677,33.775000000000006
2020-11-01,"Sri Aurobindo Marg, Delhi - DPCC",0.5865,126.19047619047619
2020-11-01,"Vasundhara, Ghaziabad - UPPCB",0.851,139.28571428571428
2020-11-01,"Vikas Sadan, Gurugram - HSPCB",0.4665,125.37931034482759
2020-11-01,"Vivek Vihar, Delhi - DPCC",0.746,185.46666666666667
2020-11-02,"Alipur, Delhi - DPCC",1.8525,226.1764705882353
2020-11-02,"Anand Vihar, Delhi - DPCC",1.9375,198.95454545454547
2020-11-02,"Ashok Vihar, Delhi - DPCC",1.912,177.5
2020-11-02,"Bawana, Delhi - DPCC",1.793,203.20833333333334
2020-11-02,"Dwarka-Sector 8, Delhi - DPCC ",1.45,149.36363636363637
2020-11-02,"Ganga Nagar, Meerut - UPPCB",2.2915,183.1153846153846
2020-11-02,"ITO, Delhi - CPCB",1.8895,170.53125
2020-11-02,"Indirapuram, Ghaziabad - UPPCB",1.899,200.3846153846154
2020-11-02,"Jai Bhim Nagar, Meerut - UPPCB",2.116,213.1
2020-11-02,"Knowledge Park - V, Greater Noida - UPPCB",2.014,209.14285714285714
2020-11-02,"MD University, Rohtak - HSPCB",1.6115,101.58727272727273
2020-11-02,"Major Dhyan Chand National Stadium, Delhi - DPCC",1.8515,135.70833333333334
2020-11-02,"Mandir Marg, New Delhi - DPCC",1.8975,151.33333333333334
2020-11-02,"Moti Doongri, Alwar - RSPCB",0.416,41.34133333333333
2020-11-02,"Najafgarh, Delhi - DPCC",1.238,105.88888888888889
2020-11-02,"Nehru Nagar, Delhi - DPCC",1.8235,159.1
2020-11-02,"New Collectorate, Baghpat - UPPCB",1.8345,228.66666666666666
2020-11-02,New Delhi,1.9135,132.14285714285714
2020-11-02,"North Campus, DU, Delhi - IMD",1.897,161.54222222222222
2020-11-02,"Punjabi Bagh, Delhi - DPCC",1.857,173.33333333333334
2020-11-02,"R K Puram, Delhi - DPCC",1.5315,137.34615384615384
2020-11-02,"Sanjay Nagar, Ghaziabad - UPPCB",2.0605,223.4814814814815
2020-11-02,"Sector 11, Faridabad - HSPCB",1.404,173.95869565217393
2020-11-02,"Sector- 16A, Faridabad - HSPCB",1.445,159.76190476190476
2020-11-02,"Shyam Nagar, Palwal - HSPCB",0.856,32.26590909090909
2020-11-02,"Sri Aurobindo Marg, Delhi - DPCC",1.642,126.33333333333333
2020-11-02,"Vasundhara, Ghaziabad - UPPCB",1.91,176.86363636363637
2020-11-02,"Vikas Sadan, Gurugram - HSPCB",1.33,142.77575757575758
2020-11-02,"Vivek Vihar, Delhi - DPCC",1.913,205.85
2020-11-03,"Alipur, Delhi - DPCC",0.714,226.0
2020-11-03,"Anand Vihar, Delhi - DPCC",0.843,190.0
2020-11-03,"Bawana, Delhi - DPCC",0.508,219.0
2020-11-03,"Dwarka-Sector 8, Delhi - DPCC ",0.461,188.0
2020-11-03,"ITO, Delhi - CPCB",0.534,214.0
2020-11-03,"MD University, Rohtak - HSPCB",0.6235,85.88
2020-11-03,"Major Dhyan Chand National Stadium, Delhi - DPCC",0.53,162.0
2020-11-03,"Nehru Nagar, Delhi - DPCC",0.54,133.0
2020-11-03,New Delhi,0.563,178.0
2020-11-03,"Punjabi Bagh, Delhi - DPCC",0.569,132.0
2020-11-03,"R K Puram, Delhi - DPCC",0.402,161.0
2020-11-03,"Rohini, Delhi - DPCC",0.54,144.0
2020-11-03,"Shyam Nagar, Palwal - HSPCB",0.361,34.02
2020-11-04,"Alipur, Delhi - DPCC",2.135,375.3333333333333
2020-11-04,"Bawana, Delhi - DPCC",2.356,365.73333333333335
2020-11-04,"Dwarka-Sector 8, Delhi - DPCC ",2.499,271.0
2020-11-04,"Ganga Nagar, Meerut - UPPCB",2.0215,249.0
2020-11-04,"Jai Bhim Nagar, Meerut - UPPCB",2.1915,306.0
2020-11-04,"MD University, Rohtak - HSPCB",2.327,226.12545454545455
2020-11-04,"Mandir Marg, New Delhi - DPCC",2.671,321.3333333333333
2020-11-04,"Najafgarh, Delhi - DPCC",2.554,202.0
2020-11-04,"Nehru Nagar, Delhi - DPCC",2.5865,283.14285714285717
2020-11-04,"North Campus, DU, Delhi - IMD",2.553,295.97375
2020-11-04,"Okhla Phase-2, Delhi - DPCC",2.5005,260.5
2020-11-04,"Punjabi Bagh, Delhi - DPCC",2.478,273.1111111111111
2020-11-04,"R K Puram, Delhi - DPCC",2.548,305.8333333333333
2020-11-04,"Sector 11, Faridabad - HSPCB",2.395,274.188
2020-11-04,"Sector- 16A, Faridabad - HSPCB",2.447,256.0
2020-11-04,"Shyam Nagar, Palwal - HSPCB",2.2585,45.3725
2020-11-04,"Sri Aurobindo Marg, Delhi - DPCC",2.4045,256.3076923076923
2020-11-05,"Alipur, Delhi - DPCC",1.2,279.1818181818182
2020-11-05,"Anand Vihar, Delhi - DPCC",0.926,304.7692307692308
2020-11-05,"Ashok Vihar, Delhi - DPCC",0.854,199.0
2020-11-05,"Bawana, Delhi - DPCC",1.0585,306.6842105263158
2020-11-05,"Dwarka-Sector 8, Delhi - DPCC ",1.7545,302.0
2020-11-05,"Ganga Nagar, Meerut - UPPCB",0.8465,153.7058823529412
2020-11-05,"ITO, Delhi - CPCB",0.912,350.51851851851853
2020-11-05,"Indirapuram, Ghaziabad - UPPCB",0.8765,331.22222222222223
2020-11-05,"Jai Bhim Nagar, Meerut - UPPCB",0.8645,177.66666666666666
2020-11-05,"Knowledge Park - V, Greater Noida - UPPCB",0.832,275.2105263157895
2020-11-05,"MD University, Rohtak - HSPCB",1.546,183.03052631578947
2020-11-05,"Major Dhyan Chand National Stadium, Delhi - DPCC",1.0275,234.35
2020-11-05,"Mandir Marg, New Delhi - DPCC",0.8255,269.8888888888889
2020-11-05,"Moti Doongri, Alwar - RSPCB",0.948,61.892857142857146
2020-11-05,"Najafgarh, Delhi - DPCC",1.8765,227.875
2020-11-05,"Nehru Nagar, Delhi - DPCC",0.897,281.6875
2020-11-05,"New Collectorate, Baghpat - UPPCB",0.8815,269.76190476190476
2020-11-05,New Delhi,0.9125,221.3181818181818
2020-11-05,"North Campus, DU, Delhi - IMD",1.0205,238.98606060606062
2020-11-05,"Okhla Phase-2, Delhi - DPCC",0.969,247.86666666666667
2020-11-05,"Punjabi Bagh, Delhi - DPCC",1.0925,286.3157894736842
2020-11-05,"R K Puram, Delhi - DPCC",1.103,272.95238095238096
2020-11-05,"Rohini, Delhi - DPCC",0.9955,319.5
2020-11-05,"Sanjay Nagar, Ghaziabad - UPPCB",0.8195,282.1875
2020-11-05,"Sector 11, Faridabad - HSPCB",1.894,242.7458333333333
2020-11-05,"Sector- 16A, Faridabad - HSPCB",1.691,257.72727272727275
2020-11-05,"Shyam Nagar, Palwal - HSPCB",1.65,97.62529411764706
2020-11-05,"Sri Aurobindo Marg, Delhi - DPCC",1.243,218.5
2020-11-05,"Vasundhara, Ghaziabad - UPPCB",0.8635,274.7307692307692
2020-11-05,"Vikas Sadan, Gurugram - HSPCB",1.946,243.9375
2020-11-05,"Vivek Vihar, Delhi - DPCC",0.973,310.2352941176471
2020-11-06,"Alipur, Delhi - DPCC",2.15,288.64285714285717
2020-11-06,"Anand Vihar, Delhi - DPCC",1.823,328.35714285714283
2020-11-06,"Ashok Vihar, Delhi - DPCC",1.974,199.75
2020-11-06,"Bawana, Delhi - DPCC",1.606,327.0
2020-11-06,"Ganga Nagar, Meerut - UPPCB",0.685,190.64
2020-11-06,"ITO, Delhi - CPCB",1.8615,208.88888888888889
2020-11-06,"Indirapuram, Ghaziabad - UPPCB",1.7575,302.6190476190476
2020-11-06,"Jai Bhim Nagar, Meerut - UPPCB",0.6345,233.0909090909091
2020-11-06,"MD University, Rohtak - HSPCB",2.131,229.78428571428572
2020-11-06,"Major Dhyan Chand National Stadium, Delhi - DPCC",1.967,236.27272727272728
2020-11-06,"Mandir Marg, New Delhi - DPCC",1.9555,231.47368421052633
2020-11-06,"Najafgarh, Delhi - DPCC",1.936,234.625
2020-11-06,New Delhi,1.9255,228.52941176470588
2020-11-06,"North Campus, DU, Delhi - IMD",2.0675,282.2693548387097
2020-11-06,"Okhla Phase-2, Delhi - DPCC",2.5405,248.1818181818182
2020-11-06,"Punjabi Bagh, Delhi - DPCC",2.117,326.42105263157896
2020-11-06,"Rohini, Delhi - DPCC",2.0815,300.0
2020-11-06,"Sanjay Nagar, Ghaziabad - UPPCB",1.605,279.55555555555554
2020-11-06,"Shyam Nagar, Palwal - HSPCB",2.597,122.25241379310346
2020-11-06,"Sri Aurobindo Marg, Delhi - DPCC",3.257,224.94444444444446
2020-11-06,"Vasundhara, Ghaziabad - UPPCB",1.757,279.4
2020-11-06,"Vivek Vihar, Delhi - DPCC",1.893,311.1818181818182
2020-11-07,"Alipur, Delhi - DPCC",1.0495,164.625
2020-11-07,"Anand Vihar, Delhi - DPCC",1.0655,362.6363636363636
2020-11-07,"Ashok Vihar, Delhi - DPCC",1.1925,190.5
2020-11-07,"Bawana, Delhi - DPCC",0.876,254.11111111111111
2020-11-07,"Dwarka-Sector 8, Delhi - DPCC ",1.589,268.6666666666667
2020-11-07,"Ganga Nagar, Meerut - UPPCB",0.605,185.89473684210526
2020-11-07,"ITO, Delhi - CPCB",1.1645,163.16666666666666
2020-11-07,"Indirapuram, Ghaziabad - UPPCB",0.9765,211.3
2020-11-07,"Jai Bhim Nagar, Meerut - UPPCB",0.6195,185.375
2020-11-07,"Knowledge Park - V, Greater Noida - UPPCB",1.1935,170.6
2020-11-07,"MD University, Rohtak - HSPCB",1.4235,182.31400000000002
2020-11-07,"Major Dhyan Chand National Stadium, Delhi - DPCC",1.2355,153.25
2020-11-07,"Mandir Marg, New Delhi - DPCC",1.1475,186.58333333333334
2020-11-07,"Moti Doongri, Alwar - RSPCB",1.866,84.4809090909091
2020-11-07,"Najafgarh, Delhi - DPCC",1.8275,194.0
2020-11-07,"Nehru Nagar, Delhi - DPCC",1.268,151.0
2020-11-07,"New Collectorate, Baghpat - UPPCB",0.861,176.1
2020-11-07,New Delhi,1.144,206.94736842105263
2020-11-07,"North Campus, DU, Delhi - IMD",1.2295,220.08571428571432
2020-11-07,"Okhla Phase-2, Delhi - DPCC",1.3745,159.25
2020-11-07,"Punjabi Bagh, Delhi - DPCC",1.221,257.38461538461536
2020-11-07,"R K Puram, Delhi - DPCC",1.3785,214.27272727272728
2020-11-07,"Rohini, Delhi - DPCC",1.194,134.8
2020-11-07,"Sanjay Nagar, Ghaziabad - UPPCB",1.0565,213.0
2020-11-07,"Sector 11, Faridabad - HSPCB",1.5945,250.47315789473683
2020-11-07,"Sector- 16A, Faridabad - HSPCB",1.642,289.53846153846155
2020-11-07,"Shyam Nagar, Palwal - HSPCB",2.09,56.47636363636364
2020-11-07,"Sri Aurobindo Marg, Delhi - DPCC",1.479,173.0
2020-11-07,"Vasundhara, Ghaziabad - UPPCB",0.969,247.30769230769232
2020-11-07,"Vikas Sadan, Gurugram - HSPCB",1.49,243.7611111111111
2020-11-07,"Vivek Vihar, Delhi - DPCC",0.9735,198.8
2020-11-08,"Alipur, Delhi - DPCC",2.2455,339.85714285714283
2020-11-08,"Anand Vihar, Delhi - DPCC",2.45,467.6666666666667
2020-11-08,"Bawana, Delhi - DPCC",2.219,355.6666666666667
2020-11-08,"Dwarka-Sector 8, Delhi - DPCC ",3.256,405.4
2020-11-08,"Ganga Nagar, Meerut - UPPCB",1.3045,191.76
2020-11-08,"ITO, Delhi - CPCB",2.439,375.7916666666667
2020-11-08,"Indirapuram, Ghaziabad - UPPCB",2.53,398.55555555555554
2020-11-08,"Jai Bhim Nagar, Meerut - UPPCB",1.5345,260.3888888888889
2020-11-08,"Knowledge Park - V, Greater Noida - UPPCB",2.792,350.125
2020-11-08,"MD University, Rohtak - HSPCB",2.408,252.14384615384614
2020-11-08,"Major Dhyan Chand National Stadium, Delhi - DPCC",2.798,338.5
2020-11-08,"Mandir Marg, New Delhi - DPCC",2.313,330.5
2020-11-08,"Moti Doongri, Alwar - RSPCB",1.049,94.11
2020-11-08,"Najafgarh, Delhi - DPCC",2.841,280.0
2020-11-08,"Nehru Nagar, Delhi - DPCC",2.672,402.3333333333333
2020-11-08,"New Collectorate, Baghpat - UPPCB",2.227,319.625
2020-11-08,New Delhi,2.455,277.73333333333335
2020-11-08,"North Campus, DU, Delhi - IMD",2.4335,365.17263157894735
2020-11-08,"Okhla Phase-2, Delhi - DPCC",2.633,369.0
2020-11-08,"Punjabi Bagh, Delhi - DPCC",2.2965,389.88461538461536
2020-11-08,"R K Puram, Delhi - DPCC",2.579,378.2631578947368
2020-11-08,"Rohini, Delhi - DPCC",2.7,377.0
2020-11-08,"Sanjay Nagar, Ghaziabad - UPPCB",2.55,350.375
2020-11-08,"Sector 11, Faridabad - HSPCB",3.447,343.7962068965517
2020-11-08,"Sector- 16A, Faridabad - HSPCB",2.955,398.75
2020-11-08,"Shyam Nagar, Palwal - HSPCB",2.99,23.86076923076923
2020-11-08,"Sri Aurobindo Marg, Delhi - DPCC",2.607,281.2857142857143
2020-11-08,"Vasundhara, Ghaziabad - UPPCB",2.397,392.1
2020-11-08,"Vikas Sadan, Gurugram - HSPCB",3.155,307.5
2020-11-08,"Vivek Vihar, Delhi - DPCC",2.517,434.3333333333333
2020-11-09,"Anand Vihar, Delhi - DPCC",1.893,421.1666666666667
2020-11-09,"Ganga Nagar, Meerut - UPPCB",1.0425,187.33333333333334
2020-11-09,"ITO, Delhi - CPCB",2.094,359.6666666666667
2020-11-09,"Jai Bhim Nagar, Meerut - UPPCB",1.14,252.5
2020-11-09,New Delhi,2.139,381.0
2020-11-09,"Sector 11, Faridabad - HSPCB",2.527,375.5235714285714
2020-11-09,"Sector- 16A, Faridabad - HSPCB",2.4875,351.0
2020-11-09,"Shyam Nagar, Palwal - HSPCB",2.733,12.969999999999999
2020-11-09,"Vasundhara, Ghaziabad - UPPCB",1.9495,327.4
2020-11-10,"Anand Vihar, Delhi - DPCC",1.1215,281.9166666666667
2020-11-10,"Ashok Vihar, Delhi - DPCC",1.8225,123.0
2020-11-10,"Ganga Nagar, Meerut - UPPCB",0.5495,137.0
2020-11-10,"Indirapuram, Ghaziabad - UPPCB",1.125,208.0
2020-11-10,"Jai Bhim Nagar, Meerut - UPPCB",0.5945,124.8
2020-11-10,"Knowledge Park - V, Greater Noida - UPPCB",0.735,183.16666666666666
2020-11-10,"MD University, Rohtak - HSPCB",1.5085,227.6094736842105
2020-11-10,"Moti Doongri, Alwar - RSPCB",1.4065,75.18
2020-11-10,"Punjabi Bagh, Delhi - DPCC",1.571,322.47058823529414
2020-11-10,"R K Puram, Delhi - DPCC",1.1255,195.23529411764707
2020-11-10,"Sanjay Nagar, Ghaziabad - UPPCB",0.763,145.0
2020-11-10,"Sector 11, Faridabad - HSPCB",1.071,139.9105
2020-11-10,"Sector- 16A, Faridabad - HSPCB",1.026,179.66666666666666
2020-11-10,"Vasundhara, Ghaziabad - UPPCB",0.993,228.0
2020-11-10,"Vikas Sadan, Gurugram - HSPCB",1.566,118.45333333333333
2020-11-11,"Alipur, Delhi - DPCC",0.632,133.25
2020-11-11,"Anand Vihar, Delhi - DPCC",0.816,251.30769230769232
2020-11-11,"Ashok Vihar, Delhi - DPCC",0.8745,85.0
2020-11-11,"Dwarka-Sector 8, Delhi - DPCC ",0.8075,83.0
2020-11-11,"Ganga Nagar, Meerut - UPPCB",0.457,90.0
2020-11-11,"Indirapuram, Ghaziabad - UPPCB",0.782,176.6
2020-11-11,"Jai Bhim Nagar, Meerut - UPPCB",0.4955,98.0
2020-11-11,"Knowledge Park - V, Greater Noida - UPPCB",0.7425,184.5
2020-11-11,"Mandir Marg, New Delhi - DPCC",0.886,165.0952380952381
2020-11-11,"New Collectorate, Baghpat - UPPCB",0.5435,130.25
2020-11-11,New Delhi,0.859,116.54166666666667
2020-11-11,"North Campus, DU, Delhi - IMD",0.865,192.5941935483871
2020-11-11,"Okhla Phase-2, Delhi - DPCC",0.842,137.0
2020-11-11,"Punjabi Bagh, Delhi - DPCC",0.91,223.08695652173913
2020-11-11,"Rohini, Delhi - DPCC",0.855,94.0
2020-11-11,"Sector 11, Faridabad - HSPCB",0.9095,119.72142857142858
2020-11-11,"Sector- 16A, Faridabad - HSPCB",0.866,177.95652173913044
2020-11-11,"Shyam Nagar, Palwal - HSPCB",0.707,5.5
2020-11-11,"Sri Aurobindo Marg, Delhi - DPCC",0.94,122.5
2020-11-11,"Vasundhara, Ghaziabad - UPPCB",0.7505,202.7941176470588
2020-11-11,"Vikas Sadan, Gurugram - HSPCB",0.809,113.86666666666667
2020-11-11,"Vivek Vihar, Delhi - DPCC",0.8085,151.5
2020-11-12,"Alipur, Delhi - DPCC",0.5965,171.53846153846155
2020-11-12,"Anand Vihar, Delhi - DPCC",0.835,188.23076923076923
2020-11-12,"Ashok Vihar, Delhi - DPCC",0.788,127.14285714285714
2020-11-12,"Bawana, Delhi - DPCC",0.8005,181.57142857142858
2020-11-12,"Dwarka-Sector 8, Delhi - DPCC ",1.159,150.22222222222223
2020-11-12,"Ganga Nagar, Meerut - UPPCB",0.4805,77.22727272727273
2020-11-12,"ITO, Delhi - CPCB",0.9895,315.07142857142856
2020-11-12,"Indirapuram, Ghaziabad - UPPCB",0.7585,200.72222222222223
2020-11-12,"Jai Bhim Nagar, Meerut - UPPCB",0.5485,205.41666666666666
2020-11-12,"Knowledge Park - V, Greater Noida - UPPCB",0.8145,144.2
2020-11-12,"MD University, Rohtak - HSPCB",0.9335,111.7011111111111
2020-11-12,"Major Dhyan Chand National Stadium, Delhi - DPCC",0.984,119.9
2020-11-12,"Mandir Marg, New Delhi - DPCC",0.9105,129.05882352941177
2020-11-12,"Moti Doongri, Alwar - RSPCB",1.0585,42.87882352941177
2020-11-12,"Najafgarh, Delhi - DPCC",1.214,174.88888888888889
2020-11-12,"Nehru Nagar, Delhi - DPCC",0.8855,177.8
2020-11-12,"New Collectorate, Baghpat - UPPCB",0.539,119.8
2020-11-12,New Delhi,0.934,175.875
2020-11-12,"North Campus, DU, Delhi - IMD",0.8955,140.08708333333334
2020-11-12,"Okhla Phase-2, Delhi - DPCC",0.82,151.25
2020-11-12,"Punjabi Bagh, Delhi - DPCC",0.8985,166.625
2020-11-12,"R K Puram, Delhi - DPCC",0.9985,137.8235294117647
2020-11-12,"Rohini, Delhi - DPCC",0.745,168.9375
2020-11-12,"Sanjay Nagar, Ghaziabad - UPPCB",0.6765,132.58823529411765
2020-11-12,"Sector 11, Faridabad - HSPCB",0.7685,126.465
2020-11-12,"Sector- 16A, Faridabad - HSPCB",0.877,144.5
2020-11-12,"Shyam Nagar, Palwal - HSPCB",0.7695,20.09315789473684
2020-11-12,"Sri Aurobindo Marg, Delhi - DPCC",0.868,143.75
2020-11-12,"Vasundhara, Ghaziabad - UPPCB",0.721,169.0
2020-11-12,"Vikas Sadan, Gurugram - HSPCB",1.002,154.26666666666668
2020-11-12,"Vivek Vihar, Delhi - DPCC",0.7985,149.25
2020-11-13,"Alipur, Delhi - DPCC",1.04,283.8333333333333
2020-11-13,"Anand Vihar, Delhi - DPCC",0.887,314.1
2020-11-13,"Bawana, Delhi - DPCC",1.124,151.33333333333334
2020-11-13,"Chandni Chowk, Delhi - IITM",0.913,158.37142857142857
2020-11-13,"Dwarka-Sector 8, Delhi - DPCC ",0.8335,350.0
2020-11-13,"Ganga Nagar, Meerut - UPPCB",1.18,174.07692307692307
2020-11-13,"ITO, Delhi - CPCB",0.941,189.0
2020-11-13,"Indirapuram, Ghaziabad - UPPCB",0.845,278.44444444444446
2020-11-13,"Jai Bhim Nagar, Meerut - UPPCB",1.085,255.625
2020-11-13,"Knowledge Park - V, Greater Noida - UPPCB",0.821,225.5
2020-11-13,"MD University, Rohtak - HSPCB",1.902,229.41999999999996
2020-11-13,"Mandir Marg, New Delhi - DPCC",1.034,224.83333333333334
2020-11-13,"New Collectorate, Baghpat - UPPCB",1.423,230.5
2020-11-13,New Delhi,0.921,205.29166666666666
2020-11-13,"North Campus, DU, Delhi - IMD",0.943,203.0475
2020-11-13,"Punjabi Bagh, Delhi - DPCC",0.94,265.0
2020-11-13,"R K Puram, Delhi - DPCC",0.8175,223.91666666666666
2020-11-13,"Sector 11, Faridabad - HSPCB",0.859,171.1727272727273
2020-11-13,"Sector- 16A, Faridabad - HSPCB",0.757,197.66666666666666
2020-11-13,"Shyam Nagar, Palwal - HSPCB",0.832,65.322
2020-11-13,"Sri Aurobindo Marg, Delhi - DPCC",0.744,202.0
2020-11-13,"Vasundhara, Ghaziabad - UPPCB",0.895,275.6363636363636
2020-11-13,"Vikas Sadan, Gurugram - HSPCB",0.787,200.3090909090909
2020-11-14,"Anand Vihar, Delhi - DPCC",2.059,466.5
2020-11-14,"Chandni Chowk, Delhi - IITM",2.273,219.08461538461538
2020-11-14,"Ganga Nagar, Meerut - UPPCB",2.029,208.33333333333334
2020-11-14,"ITO, Delhi - CPCB",2.317,460.6666666666667
2020-11-14,"Indirapuram, Ghaziabad - UPPCB",2.229,296.75
2020-11-14,"MD University, Rohtak - HSPCB",2.476,243.38000000000002
2020-11-14,"Mandir Marg, New Delhi - DPCC",2.174,382.0
2020-11-14,"Moti Doongri, Alwar - RSPCB",1.162,67.335
2020-11-14,New Delhi,2.193,300.61538461538464
2020-11-14,"North Campus, DU, Delhi - IMD",2.265,393.0
2020-11-14,"Punjabi Bagh, Delhi - DPCC",2.431,357.5
2020-11-14,"Sector 11, Faridabad - HSPCB",1.881,313.77777777777777
2020-11-14,"Sector- 16A, Faridabad - HSPCB",1.96,383.1
2020-11-14,"Vasundhara, Ghaziabad - UPPCB",2.386,203.5
2020-11-14,"Vikas Sadan, Gurugram - HSPCB",2.139,292.09999999999997
2020-11-15,"Alipur, Delhi - DPCC",2.3325,210.71428571428572
2020-11-15,"Anand Vihar, Delhi - DPCC",2.1715,278.7692307692308
2020-11-15,"Ashok Vihar, Delhi - DPCC",1.758,299.5
2020-11-15,"Bawana, Delhi - DPCC",2.223,231.57142857142858
2020-11-15,"Chandni Chowk, Delhi - IITM",2.0845,123.33684210526316
2020-11-15,"Dwarka-Sector 8, Delhi - DPCC ",2.287,265.0
2020-11-15,"Ganga Nagar, Meerut - UPPCB",1.889,100.5
2020-11-15,"ITO, Delhi - CPCB",2.162,491.5
2020-11-15,"Indirapuram, Ghaziabad - UPPCB",2.206,245.375
2020-11-15,"Jai Bhim Nagar, Meerut - UPPCB",1.9835,209.2
2020-11-15,"Knowledge Park - V, Greater Noida - UPPCB",2.212,180.22222222222223
2020-11-15,"MD University, Rohtak - HSPCB",1.926,170.8135714285714
2020-11-15,"Major Dhyan Chand National Stadium, Delhi - DPCC",2.2025,234.33333333333334
2020-11-15,"Mandir Marg, New Delhi - DPCC",2.1345,211.53846153846155
2020-11-15,"Najafgarh, Delhi - DPCC",2.237,201.0
2020-11-15,"Nehru Nagar, Delhi - DPCC",2.1825,255.0
2020-11-15,"New Collectorate, Baghpat - UPPCB",1.874,144.77777777777777
2020-11-15,New Delhi,2.132,162.85
2020-11-15,"North Campus, DU, Delhi - IMD",2.136,190.58642857142857
2020-11-15,"Okhla Phase-2, Delhi - DPCC",2.215,239.0
2020-11-15,"Punjabi Bagh, Delhi - DPCC",2.1315,227.1764705882353
2020-11-15,"R K Puram, Delhi - DPCC",2.1525,212.78947368421052
2020-11-15,"Rohini, Delhi - DPCC",2.142,253.5
2020-11-15,"Sanjay Nagar, Ghaziabad - UPPCB",2.2755,226.0
2020-11-15,"Sector 11, Faridabad - HSPCB",2.353,148.76624999999999
2020-11-15,"Sector- 16A, Faridabad - HSPCB",2.463,246.33333333333334
2020-11-15,"Shyam Nagar, Palwal - HSPCB",2.414,78.6853846153846
2020-11-15,"Sri Aurobindo Marg, Delhi - DPCC",2.1715,190.57142857142858
2020-11-15,"Vasundhara, Ghaziabad - UPPCB",2.1965,245.5
2020-11-15,"Vivek Vihar, Delhi - DPCC",2.19,277.6666666666667
2020-11-16,"Ganga Nagar, Meerut - UPPCB",1.016,39.1875
2020-11-16,"Jai Bhim Nagar, Meerut - UPPCB",0.909,99.16666666666667
2020-11-16,"New Collectorate, Baghpat - UPPCB",1.027,32.333333333333336
2020-11-16,"Vivek Vihar, Delhi - DPCC",1.556,119.5
2020-11-17,"Alipur, Delhi - DPCC",0.4995,87.2
2020-11-17,"Bawana, Delhi - DPCC",0.5255,110.28571428571429
2020-11-17,"Chandni Chowk, Delhi - IITM",0.465,83.775
2020-11-17,"Dwarka-Sector 8, Delhi - DPCC ",0.5095,97.36363636363636
2020-11-17,"Ganga Nagar, Meerut - UPPCB",0.4195,39.45454545454545
2020-11-17,"ITO, Delhi - CPCB",0.59,92.88235294117646
2020-11-17,"Jai Bhim Nagar, Meerut - UPPCB",0.449,93.18181818181819
2020-11-17,"Knowledge Park - V, Greater Noida - UPPCB",0.556,96.88888888888889
2020-11-17,"MD University, Rohtak - HSPCB",0.662,74.86416666666666
2020-11-17,"Major Dhyan Chand National Stadium, Delhi - DPCC",0.647,85.33333333333333
2020-11-17,"Mandir Marg, New Delhi - DPCC",0.547,84.36363636363636
2020-11-17,"Moti Doongri, Alwar - RSPCB",0.7695,37.269285714285715
2020-11-17,"Najafgarh, Delhi - DPCC",0.504,91.83333333333333
2020-11-17,"Nehru Nagar, Delhi - DPCC",0.715,92.0
2020-11-17,"New Collectorate, Baghpat - UPPCB",0.541,85.11111111111111
2020-11-17,New Delhi,0.528,83.83333333333333
2020-11-17,"North Campus, DU, Delhi - IMD",0.538,65.892
2020-11-17,"Okhla Phase-2, Delhi - DPCC",0.577,89.0
2020-11-17,"Punjabi Bagh, Delhi - DPCC",0.594,85.75
2020-11-17,"R K Puram, Delhi - DPCC",0.6,100.25
2020-11-17,"Rohini, Delhi - DPCC",0.559,109.0
2020-11-17,"Sector 11, Faridabad - HSPCB",0.565,67.75800000000001
2020-11-17,"Sector- 16A, Faridabad - HSPCB",0.5635,92.0
2020-11-17,"Shyam Nagar, Palwal - HSPCB",0.6445,48.2875
2020-11-17,"Sri Aurobindo Marg, Delhi - DPCC",0.5265,90.85714285714286
2020-11-17,"Vasundhara, Ghaziabad - UPPCB",0.548,91.81818181818181
2020-11-17,"Vikas Sadan, Gurugram - HSPCB",0.5725,76.20769230769231
2020-11-18,"Alipur, Delhi - DPCC",1.0145,157.6153846153846
2020-11-18,"Anand Vihar, Delhi - DPCC",0.953,180.07692307692307
2020-11-18,"Ashok Vihar, Delhi - DPCC",1.1065,125.8
2020-11-18,"Chandni Chowk, Delhi - IITM",1.0275,126.11818181818181
2020-11-18,"Dwarka-Sector 8, Delhi - DPCC ",1.095,147.5
2020-11-18,"Ganga Nagar, Meerut - UPPCB",0.6015,78.5
2020-11-18,"ITO, Delhi - CPCB",0.9315,125.85714285714286
2020-11-18,"Indirapuram, Ghaziabad - UPPCB",0.9325,121.72727272727273
2020-11-18,"Jai Bhim Nagar, Meerut - UPPCB",0.646,181.14285714285714
2020-11-18,"Knowledge Park - V, Greater Noida - UPPCB",1.129,142.75
2020-11-18,"MD University, Rohtak - HSPCB",0.952,92.73
2020-11-18,"Major Dhyan Chand National Stadium, Delhi - DPCC",0.8805,92.83333333333333
2020-11-18,"Mandir Marg, New Delhi - DPCC",0.9415,114.86666666666666
2020-11-18,"Najafgarh, Delhi - DPCC",1.178,101.0
2020-11-18,"Nehru Nagar, Delhi - DPCC",0.9385,144.57142857142858
2020-11-18,"New Collectorate, Baghpat - UPPCB",0.774,127.5
2020-11-18,New Delhi,0.98,118.875
2020-11-18,"North Campus, DU, Delhi - IMD",0.91,98.83
2020-11-18,"Okhla Phase-2, Delhi - DPCC",0.947,107.14285714285714
2020-11-18,"Punjabi Bagh, Delhi - DPCC",1.252,146.1
2020-11-18,"R K Puram, Delhi - DPCC",0.929,129.2
2020-11-18,"Rohini, Delhi - DPCC",1.461,132.57142857142858
2020-11-18,"Sector- 16A, Faridabad - HSPCB",1.099,145.0
2020-11-18,"Shyam Nagar, Palwal - HSPCB",1.482,50.92083333333333
2020-11-18,"Sri Aurobindo Marg, Delhi - DPCC",0.8575,116.33333333333333
2020-11-18,"Vasundhara, Ghaziabad - UPPCB",1.0035,130.76923076923077
2020-11-18,"Vikas Sadan, Gurugram - HSPCB",1.1325,119.89999999999999
2020-11-18,"Vivek Vihar, Delhi - DPCC",0.9715,140.625
2020-11-19,"Alipur, Delhi - DPCC",0.6865,211.0
2020-11-19,"Anand Vihar, Delhi - DPCC",1.083,213.63636363636363
2020-11-19,"Bawana, Delhi - DPCC",0.7685,151.5
2020-11-19,"Chandni Chowk, Delhi - IITM",0.949,148.63333333333333
2020-11-19,"Dwarka-Sector 8, Delhi - DPCC ",0.961,128.0
2020-11-19,"Ganga Nagar, Meerut - UPPCB",0.733,88.63636363636364
2020-11-19,"ITO, Delhi - CPCB",0.9085,170.22222222222223
2020-11-19,"Indirapuram, Ghaziabad - UPPCB",1.031,171.5
2020-11-19,"Jai Bhim Nagar, Meerut - UPPCB",0.7305,243.0
2020-11-19,"Knowledge Park - V, Greater Noida - UPPCB",1.046,163.125
2020-11-19,"MD University, Rohtak - HSPCB",0.8775,172.05705882352942
2020-11-19,"Mandir Marg, New Delhi - DPCC",0.886,151.77777777777777
2020-11-19,"Moti Doongri, Alwar - RSPCB",1.334,56.583333333333336
2020-11-19,"New Collectorate, Baghpat - UPPCB",0.7775,137.75
2020-11-19,New Delhi,0.9615,131.0909090909091
2020-11-19,"North Campus, DU, Delhi - IMD",0.876,105.5
2020-11-19,"Punjabi Bagh, Delhi - DPCC",0.912,165.23529411764707
2020-11-19,"R K Puram, Delhi - DPCC",0.939,165.47058823529412
2020-11-19,"Sanjay Nagar, Ghaziabad - UPPCB",0.766,149.42857142857142
2020-11-19,"Sector 11, Faridabad - HSPCB",1.1955,122.68071428571429
2020-11-19,"Sector- 16A, Faridabad - HSPCB",1.12,169.5
2020-11-19,"Shyam Nagar, Palwal - HSPCB",1.303,48.97
2020-11-19,"Sri Aurobindo Marg, Delhi - DPCC",0.9785,134.0
2020-11-19,"Vasundhara, Ghaziabad - UPPCB",1.0055,208.2941176470588
2020-11-19,"Vikas Sadan, Gurugram - HSPCB",1.045,136.46666666666667
2020-11-20,"Alipur, Delhi - DPCC",0.557,119.66666666666667
2020-11-20,"Anand Vihar, Delhi - DPCC",0.6485,134.08333333333334
2020-11-20,"Ashok Vihar, Delhi - DPCC",0.6915,66.5
2020-11-20,"Bawana, Delhi - DPCC",0.6385,73.0
2020-11-20,"Chandni Chowk, Delhi - IITM",0.699,119.55652173913045
2020-11-20,"Ganga Nagar, Meerut - UPPCB",0.5915,78.93333333333334
2020-11-20,"ITO, Delhi - CPCB",0.6575,134.0909090909091
2020-11-20,"Indirapuram, Ghaziabad - UPPCB",0.638,108.25
2020-11-20,"Jai Bhim Nagar, Meerut - UPPCB",0.677,174.2
2020-11-20,"Knowledge Park - V, Greater Noida - UPPCB",0.6385,122.55555555555556
2020-11-20,"Mandir Marg, New Delhi - DPCC",0.6795,117.17647058823529
2020-11-20,"New Collectorate, Baghpat - UPPCB",0.6385,133.0
2020-11-20,New Delhi,0.694,136.83333333333334
2020-11-20,"North Campus, DU, Delhi - IMD",0.705,118.88333333333334
2020-11-20,"Okhla Phase-2, Delhi - DPCC",0.544,168.0
2020-11-20,"Punjabi Bagh, Delhi - DPCC",0.682,128.06666666666666
2020-11-20,"R K Puram, Delhi - DPCC",0.527,143.72222222222223
2020-11-20,"Sector 11, Faridabad - HSPCB",0.6635,139.6
2020-11-20,"Sector- 16A, Faridabad - HSPCB",0.64,155.28571428571428
2020-11-20,"Shyam Nagar, Palwal - HSPCB",0.596,43.755
2020-11-20,"Sri Aurobindo Marg, Delhi - DPCC",0.535,123.5
2020-11-20,"Vasundhara, Ghaziabad - UPPCB",0.654,139.22222222222223
2020-11-20,"Vikas Sadan, Gurugram - HSPCB",0.6675,127.72500000000001
2020-11-21,"Alipur, Delhi - DPCC",0.4325,78.5
2020-11-21,"Anand Vihar, Delhi - DPCC",0.4655,108.75
2020-11-21,"Bawana, Delhi - DPCC",0.4765,135.0
2020-11-21,"Chandni Chowk, Delhi - IITM",0.4545,119.85789473684211
2020-11-21,"Ganga Nagar, Meerut - UPPCB",0.2225,42.35294117647059
2020-11-21,"ITO, Delhi - CPCB",0.4955,111.0952380952381
2020-11-21,"Indirapuram, Ghaziabad - UPPCB",0.4135,106.4
2020-11-21,"Jai Bhim Nagar, Meerut - UPPCB",0.2085,93.66666666666667
2020-11-21,"Knowledge Park - V, Greater Noida - UPPCB",0.3905,91.5
2020-11-21,"MD University, Rohtak - HSPCB",0.492,84.22000000000001
2020-11-21,"Mandir Marg, New Delhi - DPCC",0.4235,100.76470588235294
2020-11-21,"Moti Doongri, Alwar - RSPCB",0.55,49.28222222222222
2020-11-21,"New Collectorate, Baghpat - UPPCB",0.347,77.0
2020-11-21,New Delhi,0.4835,130.23809523809524
2020-11-21,"North Campus, DU, Delhi - IMD",0.519,84.85666666666667
2020-11-21,"Punjabi Bagh, Delhi - DPCC",0.493,91.84615384615384
2020-11-21,"R K Puram, Delhi - DPCC",0.488,122.2
2020-11-21,"Sanjay Nagar, Ghaziabad - UPPCB",0.3335,98.9
2020-11-21,"Sector 11, Faridabad - HSPCB",0.553,82.91230769230768
2020-11-21,"Sector- 16A, Faridabad - HSPCB",0.5825,111.75
2020-11-21,"Shyam Nagar, Palwal - HSPCB",0.5445,28.86
2020-11-21,"Sri Aurobindo Marg, Delhi - DPCC",0.572,162.0
2020-11-21,"Vasundhara, Ghaziabad - UPPCB",0.423,110.73684210526316
2020-11-21,"Vikas Sadan, Gurugram - HSPCB",0.6045,104.1470588235294
2020-11-22,"Ganga Nagar, Meerut - UPPCB",0.473,54.6
2020-11-22,"Jai Bhim Nagar, Meerut - UPPCB",0.476,134.33333333333334
2020-11-22,"Knowledge Park - V, Greater Noida - UPPCB",0.709,168.4
2020-11-23,"Alipur, Delhi - DPCC",0.608,173.5
2020-11-23,"Ganga Nagar, Meerut - UPPCB",0.5105,141.25
2020-11-23,"Jai Bhim Nagar, Meerut - UPPCB",0.6085,139.25
2020-11-23,"MD University, Rohtak - HSPCB",1.054,155.14857142857142
2020-11-23,"Moti Doongri, Alwar - RSPCB",0.419,52.607777777777784
2020-11-23,"New Collectorate, Baghpat - UPPCB",0.602,178.25
2020-11-24,"Moti Doongri, Alwar - RSPCB",0.757,61.824
2020-11-26,"Alipur, Delhi - DPCC",0.497,107.5
2020-11-26,"Ashok Vihar, Delhi - DPCC",0.535,208.0
2020-11-26,"Bawana, Delhi - DPCC",0.5935,142.5
2020-11-26,"Chandni Chowk, Delhi - IITM",0.6465,60.279999999999994
2020-11-26,"Dwarka-Sector 8, Delhi - DPCC ",0.612,227.0
2020-11-26,"Ganga Nagar, Meerut - UPPCB",0.3885,53.0
2020-11-26,"ITO, Delhi - CPCB",0.6655,142.8
2020-11-26,"Indirapuram, Ghaziabad - UPPCB",0.5415,145.8
2020-11-26,"Jai Bhim Nagar, Meerut - UPPCB",0.382,104.83333333333333
2020-11-26,"Knowledge Park - V, Greater Noida - UPPCB",0.6745,133.5
2020-11-26,"MD University, Rohtak - HSPCB",0.797,37.74
2020-11-26,"Major Dhyan Chand National Stadium, Delhi - DPCC",0.69,199.0
2020-11-26,"Mandir Marg, New Delhi - DPCC",0.6385,112.4
2020-11-26,"Najafgarh, Delhi - DPCC",0.714,221.0
2020-11-26,"New Collectorate, Baghpat - UPPCB",0.478,70.33333333333333
2020-11-26,New Delhi,0.645,111.46153846153847
2020-11-26,"North Campus, DU, Delhi - IMD",0.596,73.28833333333334
2020-11-26,"Okhla Phase-2, Delhi - DPCC",0.789,202.0
2020-11-26,"Punjabi Bagh, Delhi - DPCC",0.598,106.33333333333333
2020-11-26,"R K Puram, Delhi - DPCC",0.7055,130.6
2020-11-26,"Rohini, Delhi - DPCC",0.4755,256.0
2020-11-26,"Sanjay Nagar, Ghaziabad - UPPCB",0.48,110.16666666666667
2020-11-26,"Sector 11, Faridabad - HSPCB",1.251,81.946
2020-11-26,"Sector- 16A, Faridabad - HSPCB",1.092,157.5
2020-11-26,"Sri Aurobindo Marg, Delhi - DPCC",0.6685,138.5
2020-11-26,"Vasundhara, Ghaziabad - UPPCB",0.536,121.2
2020-11-26,"Vikas Sadan, Gurugram - HSPCB",0.7595,148.29999999999998
2020-11-26,"Vivek Vihar, Delhi - DPCC",0.56,304.0
2020-11-27,"Anand Vihar, Delhi - DPCC",0.312,104.83333333333333
2020-11-27,"Chandni Chowk, Delhi - IITM",0.2935,105.31818181818181
2020-11-27,"Ganga Nagar, Meerut - UPPCB",0.26,78.76923076923077
2020-11-27,"ITO, Delhi - CPCB",0.3395,100.8125
2020-11-27,"Indirapuram, Ghaziabad - UPPCB",0.275,84.1
2020-11-27,"Jai Bhim Nagar, Meerut - UPPCB",0.282,111.6
2020-11-27,"Knowledge Park - V, Greater Noida - UPPCB",0.218,91.7
2020-11-27,"MD University, Rohtak - HSPCB",0.507,45.856
2020-11-27,"Mandir Marg, New Delhi - DPCC",0.3655,79.57142857142857
2020-11-27,"Moti Doongri, Alwar - RSPCB",0.2805,40.38666666666666
2020-11-27,"New Collectorate, Baghpat - UPPCB",0.271,83.0
2020-11-27,New Delhi,0.341,96.20833333333333
2020-11-27,"North Campus, DU, Delhi - IMD",0.3545,72.23764705882353
2020-11-27,"Punjabi Bagh, Delhi - DPCC",0.3335,84.07142857142857
2020-11-27,"R K Puram, Delhi - DPCC",0.335,93.3125
2020-11-27,"Sector 11, Faridabad - HSPCB",0.284,54.20357142857143
2020-11-27,"Sector- 16A, Faridabad - HSPCB",0.293,85.0
2020-11-27,"Shyam Nagar, Palwal - HSPCB",0.2955,19.00625
2020-11-27,"Vasundhara, Ghaziabad - UPPCB",0.2905,99.2
2020-11-27,"Vikas Sadan, Gurugram - HSPCB",0.391,75.77142857142857
2020-11-28,"Anand Vihar, Delhi - DPCC",0.4335,166.3
2020-11-28,"Bawana, Delhi - DPCC",0.2985,55.0
2020-11-28,"Chandni Chowk, Delhi - IITM",0.392,120.63103448275861
2020-11-28,"Dwarka-Sector 8, Delhi - DPCC ",0.414,157.0
2020-11-28,"Ganga Nagar, Meerut - UPPCB",0.322,126.8
2020-11-28,"ITO, Delhi - CPCB",0.442,131.6
2020-11-28,"Indirapuram, Ghaziabad - UPPCB",0.424,114.4
2020-11-28,"Jai Bhim Nagar, Meerut - UPPCB",0.349,164.3
2020-11-28,"Knowledge Park - V, Greater Noida - UPPCB",0.3885,114.38888888888889
2020-11-28,"MD University, Rohtak - HSPCB",0.4995,123.745
2020-11-28,"Mandir Marg, New Delhi - DPCC",0.4155,113.28
2020-11-28,"Moti Doongri, Alwar - RSPCB",0.2505,43.13
2020-11-28,New Delhi,0.42,121.16666666666667
2020-11-28,"North Campus, DU, Delhi - IMD",0.4265,105.58600000000001
2020-11-28,"Punjabi Bagh, Delhi - DPCC",0.3555,142.375
2020-11-28,"R K Puram, Delhi - DPCC",0.4665,131.15384615384616
2020-11-28,"Sanjay Nagar, Ghaziabad - UPPCB",0.3295,117.2
2020-11-28,"Sector 11, Faridabad - HSPCB",0.3205,83.23928571428571
2020-11-28,"Sector- 16A, Faridabad - HSPCB",0.4075,111.76470588235294
2020-11-28,"Shyam Nagar, Palwal - HSPCB",0.3125,19.79125
2020-11-28,"Vasundhara, Ghaziabad - UPPCB",0.4245,137.76923076923077
2020-11-28,"Vikas Sadan, Gurugram - HSPCB",0.3275,98.66153846153846
2020-11-29,"Alipur, Delhi - DPCC",0.6285,182.6
2020-11-29,"Anand Vihar, Delhi - DPCC",0.681,207.44444444444446
2020-11-29,"Bawana, Delhi - DPCC",0.587,206.4
2020-11-29,"Chandni Chowk, Delhi - IITM",0.6715,128.45925925925926
2020-11-29,"Dwarka-Sector 8, Delhi - DPCC ",0.521,191.0
2020-11-29,"Ganga Nagar, Meerut - UPPCB",0.6725,160.82608695652175
2020-11-29,"ITO, Delhi - CPCB",0.6245,165.76
2020-11-29,"Indirapuram, Ghaziabad - UPPCB",0.646,256.92857142857144
2020-11-29,"Jai Bhim Nagar, Meerut - UPPCB",0.621,238.66666666666666
2020-11-29,"Knowledge Park - V, Greater Noida - UPPCB",0.682,188.16666666666666
2020-11-29,"MD University, Rohtak - HSPCB",0.6855,116.19714285714285
2020-11-29,"Mandir Marg, New Delhi - DPCC",0.6665,137.4090909090909
2020-11-29,"Moti Doongri, Alwar - RSPCB",0.41,43.86
2020-11-29,"New Collectorate, Baghpat - UPPCB",0.695,171.5
2020-11-29,New Delhi,0.666,129.25
2020-11-29,"Punjabi Bagh, Delhi - DPCC",0.5895,171.875
2020-11-29,"R K Puram, Delhi - DPCC",0.4775,161.6
2020-11-29,"Sector 11, Faridabad - HSPCB",0.511,134.37083333333334
2020-11-29,"Sector- 16A, Faridabad - HSPCB",0.5825,135.61111111111111
2020-11-29,"Shyam Nagar, Palwal - HSPCB",0.4675,24.769999999999996
2020-11-29,"Sri Aurobindo Marg, Delhi - DPCC",0.453,119.5
2020-11-29,"Vasundhara, Ghaziabad - UPPCB",0.7495,200.04166666666666
2020-11-29,"Vikas Sadan, Gurugram - HSPCB",0.4795,125.62608695652175
2020-11-30,"Alipur, Delhi - DPCC",0.6555,114.33333333333333
2020-11-30,"Anand Vihar, Delhi - DPCC",0.7945,239.0
2020-11-30,"Bawana, Delhi - DPCC",0.7375,119.0
2020-11-30,"Chandni Chowk, Delhi - IITM",0.811,184.41764705882352
2020-11-30,"Ganga Nagar, Meerut - UPPCB",0.8,149.41666666666666
2020-11-30,"ITO, Delhi - CPCB",0.766,188.88235294117646
2020-11-30,"Indirapuram, Ghaziabad - UPPCB",0.8305,143.4
2020-11-30,"Jai Bhim Nagar, Meerut - UPPCB",0.7715,180.55555555555554
2020-11-30,"Knowledge Park - V, Greater Noida - UPPCB",0.7485,221.33333333333334
2020-11-30,"MD University, Rohtak - HSPCB",0.728,135.32214285714286
2020-11-30,"Mandir Marg, New Delhi - DPCC",0.744,194.45454545454547
2020-11-30,"Moti Doongri, Alwar - RSPCB",0.561,53.8125
2020-11-30,"Najafgarh, Delhi - DPCC",0.806,74.0
2020-11-30,"New Collectorate, Baghpat - UPPCB",0.755,143.0
2020-11-30,New Delhi,0.755,171.8695652173913
2020-11-30,"North Campus, DU, Delhi - IMD",0.8535,153.36875
2020-11-30,"Punjabi Bagh, Delhi - DPCC",0.7495,209.27272727272728
2020-11-30,"R K Puram, Delhi - DPCC",0.7895,221.08333333333334
2020-11-30,"Sanjay Nagar, Ghaziabad - UPPCB",0.814,192.125
2020-11-30,"Sector 11, Faridabad - HSPCB",0.769,115.48833333333333
2020-11-30,"Sector- 16A, Faridabad - HSPCB",0.7945,136.6
2020-11-30,"Shyam Nagar, Palwal - HSPCB",0.698,42.96
2020-11-30,"Sri Aurobindo Marg, Delhi - DPCC",0.6665,95.0
2020-11-30,"Vasundhara, Ghaziabad - UPPCB",0.8105,232.75
2020-11-30,"Vikas Sadan, Gurugram - HSPCB",0.75,184.55882352941177
2020-12-01,"Alipur, Delhi - DPCC",0.9685,256.6666666666667
2020-12-01,"Ashok Vihar, Delhi - DPCC",1.07,311.0
2020-12-01,"Bawana, Delhi - DPCC",1.046,235.125
2020-12-01,"Chandni Chowk, Delhi - IITM",0.851,292.2761904761905
2020-12-01,"Dwarka-Sector 8, Delhi - DPCC ",0.8635,259.25
2020-12-01,"Ganga Nagar, Meerut - UPPCB",1.0345,196.57894736842104
2020-12-01,"ITO, Delhi - CPCB",0.8035,203.8
2020-12-01,"Indirapuram, Ghaziabad - UPPCB",0.897,355.0769230769231
2020-12-01,"Jai Bhim Nagar, Meerut - UPPCB",0.96,276.53846153846155
2020-12-01,"Knowledge Park - V, Greater Noida - UPPCB",1.0605,305.3529411764706
2020-12-01,"MD University, Rohtak - HSPCB",0.756,164.7057894736842
2020-12-01,"Major Dhyan Chand National Stadium, Delhi - DPCC",0.9235,197.25
2020-12-01,"Mandir Marg, New Delhi - DPCC",0.8695,233.05555555555554
2020-12-01,"Moti Doongri, Alwar - RSPCB",0.456,53.01
2020-12-01,"Najafgarh, Delhi - DPCC",0.889,138.42857142857142
2020-12-01,"Nehru Nagar, Delhi - DPCC",0.8365,326.0
2020-12-01,"New Collectorate, Baghpat - UPPCB",0.8445,226.88888888888889
2020-12-01,New Delhi,0.803,214.3913043478261
2020-12-01,"North Campus, DU, Delhi - IMD",0.881,224.4209090909091
2020-12-01,"Okhla Phase-2, Delhi - DPCC",0.851,217.25
2020-12-01,"Punjabi Bagh, Delhi - DPCC",0.91,290.44444444444446
2020-12-01,"R K Puram, Delhi - DPCC",0.8075,270.77777777777777
2020-12-01,"Rohini, Delhi - DPCC",1.0545,285.2857142857143
2020-12-01,"Sanjay Nagar, Ghaziabad - UPPCB",1.1295,301.4
2020-12-01,"Sector 11, Faridabad - HSPCB",0.8855,203.09157894736845
2020-12-01,"Sector- 16A, Faridabad - HSPCB",0.8095,206.76923076923077
2020-12-01,"Shyam Nagar, Palwal - HSPCB",0.813,102.33
2020-12-01,"Sri Aurobindo Marg, Delhi - DPCC",0.697,171.28571428571428
2020-12-01,"Vasundhara, Ghaziabad - UPPCB",0.962,296.8
2020-12-01,"Vikas Sadan, Gurugram - HSPCB",0.724,198.41764705882352
2020-12-01,"Vivek Vihar, Delhi - DPCC",0.877,297.25
2020-12-02,"Alipur, Delhi - DPCC",0.884,216.0
2020-12-02,"Anand Vihar, Delhi - DPCC",1.0335,253.66666666666666
2020-12-02,"Ashok Vihar, Delhi - DPCC",0.9245,349.0
2020-12-02,"Chandni Chowk, Delhi - IITM",0.923,222.42
2020-12-02,"Dwarka-Sector 8, Delhi - DPCC ",0.7545,205.0
2020-12-02,"Ganga Nagar, Meerut - UPPCB",0.905,199.77272727272728
2020-12-02,"ITO, Delhi - CPCB",0.898,193.96296296296296
2020-12-02,"Indirapuram, Ghaziabad - UPPCB",1.052,230.3846153846154
2020-12-02,"Jai Bhim Nagar, Meerut - UPPCB",0.842,306.6666666666667
2020-12-02,"Knowledge Park - V, Greater Noida - UPPCB",0.951,214.88888888888889
2020-12-02,"MD University, Rohtak - HSPCB",0.858,178.06500000000003
2020-12-02,"Mandir Marg, New Delhi - DPCC",0.8995,205.05263157894737
2020-12-02,"Moti Doongri, Alwar - RSPCB",0.293,54.88545454545454
2020-12-02,"Najafgarh, Delhi - DPCC",0.722,164.0
2020-12-02,"New Collectorate, Baghpat - UPPCB",0.797,209.0
2020-12-02,New Delhi,0.9315,194.45833333333334
2020-12-02,"North Campus, DU, Delhi - IMD",0.961,185.98766666666668
2020-12-02,"Punjabi Bagh, Delhi - DPCC",0.9465,231.5
2020-12-02,"R K Puram, Delhi - DPCC",0.784,218.71428571428572
2020-12-02,"Sanjay Nagar, Ghaziabad - UPPCB",1.1345,241.93333333333334
2020-12-02,"Sector 11, Faridabad - HSPCB",0.687,186.49190476190475
2020-12-02,"Sector- 16A, Faridabad - HSPCB",0.68,210.5
2020-12-02,"Shyam Nagar, Palwal - HSPCB",0.682,57.86
2020-12-02,"Vasundhara, Ghaziabad - UPPCB",1.0435,221.64
2020-12-02,"Vikas Sadan, Gurugram - HSPCB",0.7145,170.60526315789474
2020-12-03,New Delhi,0.7,196.0
2020-12-04,"Alipur, Delhi - DPCC",1.3325,318.5
2020-12-04,"Anand Vihar, Delhi - DPCC",1.2335,313.4
2020-12-04,"Ashok Vihar, Delhi - DPCC",0.949,287.6666666666667
2020-12-04,"Bawana, Delhi - DPCC",1.1655,348.3333333333333
2020-12-04,"Chandni Chowk, Delhi - IITM",0.8875,210.10277777777776
2020-12-04,"Ganga Nagar, Meerut - UPPCB",1.381,210.44
2020-12-04,"ITO, Delhi - CPCB",1.0185,224.97619047619048
2020-12-04,"Jai Bhim Nagar, Meerut - UPPCB",1.241,320.11764705882354
2020-12-04,"Knowledge Park - V, Greater Noida - UPPCB",1.054,257.0
2020-12-04,"MD University, Rohtak - HSPCB",0.939,165.66785714285714
2020-12-04,"Mandir Marg, New Delhi - DPCC",0.858,219.24
2020-12-04,"Moti Doongri, Alwar - RSPCB",0.4015,54.38833333333333
2020-12-04,"New Collectorate, Baghpat - UPPCB",1.1295,275.2857142857143
2020-12-04,New Delhi,0.924,231.95454545454547
2020-12-04,"North Campus, DU, Delhi - IMD",0.831,243.42512195121952
2020-12-04,"Punjabi Bagh, Delhi - DPCC",0.891,243.11111111111111
2020-12-04,"R K Puram, Delhi - DPCC",0.784,264.86206896551727
2020-12-04,"Sector 11, Faridabad - HSPCB",0.943,180.1175
2020-12-04,"Sector- 16A, Faridabad - HSPCB",0.893,262.7
2020-12-04,"Shyam Nagar, Palwal - HSPCB",0.79,33.464375
2020-12-04,"Sri Aurobindo Marg, Delhi - DPCC",0.485,186.75
2020-12-04,"Vasundhara, Ghaziabad - UPPCB",1.139,298.7037037037037
2020-12-04,"Vikas Sadan, Gurugram - HSPCB",0.684,181.9846153846154
2020-12-05,"Anand Vihar, Delhi - DPCC",1.075,301.57142857142856
2020-12-05,"Chandni Chowk, Delhi - IITM",0.945,146.50714285714284
2020-12-05,"Dwarka-Sector 8, Delhi - DPCC ",0.9085,311.0
2020-12-05,"Ganga Nagar, Meerut - UPPCB",1.07,135.55555555555554
2020-12-05,"ITO, Delhi - CPCB",0.9565,223.42857142857142
2020-12-05,"Jai Bhim Nagar, Meerut - UPPCB",1.01,169.0
2020-12-05,"Knowledge Park - V, Greater Noida - UPPCB",1.025,254.5
2020-12-05,"MD University, Rohtak - HSPCB",1.101,212.34444444444443
2020-12-05,"Mandir Marg, New Delhi - DPCC",0.892,233.1
2020-12-05,"Moti Doongri, Alwar - RSPCB",0.6225,67.19875
2020-12-05,New Delhi,0.9075,251.5
2020-12-05,"North Campus, DU, Delhi - IMD",0.897,210.8825
2020-12-05,"Punjabi Bagh, Delhi - DPCC",0.8915,237.45454545454547
2020-12-05,"R K Puram, Delhi - DPCC",0.893,261.72727272727275
2020-12-05,"Sanjay Nagar, Ghaziabad - UPPCB",1.0775,239.25
2020-12-05,"Sector 11, Faridabad - HSPCB",0.9315,159.96533333333335
2020-12-05,"Sector- 16A, Faridabad - HSPCB",0.956,252.27272727272728
2020-12-05,"Shyam Nagar, Palwal - HSPCB",0.8435,28.55
2020-12-05,"Vasundhara, Ghaziabad - UPPCB",1.042,276.6923076923077
2020-12-05,"Vikas Sadan, Gurugram - HSPCB",0.6695,187.80769230769232
2020-12-06,"Alipur, Delhi - DPCC",1.284,326.0
2020-12-06,"Anand Vihar, Delhi - DPCC",1.0805,324.5625
2020-12-06,"Ashok Vihar, Delhi - DPCC",1.024,346.0
2020-12-06,"Chandni Chowk, Delhi - IITM",1.099,154.188
2020-12-06,"Dwarka-Sector 8, Delhi - DPCC ",0.9355,278.0
2020-12-06,"Ganga Nagar, Meerut - UPPCB",1.1965,177.44444444444446
2020-12-06,"ITO, Delhi - CPCB",1.149,240.04
2020-12-06,"Jai Bhim Nagar, Meerut - UPPCB",1.18,296.1111111111111
2020-12-06,"Knowledge Park - V, Greater Noida - UPPCB",0.807,325.46153846153845
2020-12-06,"MD University, Rohtak - HSPCB",1.187,234.6465
2020-12-06,"Mandir Marg, New Delhi - DPCC",1.0185,257.7894736842105
2020-12-06,"Moti Doongri, Alwar - RSPCB",0.369,58.30142857142857
2020-12-06,New Delhi,1.057,242.3181818181818
2020-12-06,"North Campus, DU, Delhi - IMD",1.0365,237.82241379310346
2020-12-06,"Punjabi Bagh, Delhi - DPCC",1.016,293.4375
2020-12-06,"R K Puram, Delhi - DPCC",0.948,282.82608695652175
2020-12-06,"Rohini, Delhi - DPCC",1.0605,288.0
2020-12-06,"Sanjay Nagar, Ghaziabad - UPPCB",0.976,359.3333333333333
2020-12-06,"Sector 11, Faridabad - HSPCB",1.142,196.56076923076924
2020-12-06,"Sector- 16A, Faridabad - HSPCB",1.25,298.25
2020-12-06,"Shyam Nagar, Palwal - HSPCB",1.0545,64.525
2020-12-06,"Vasundhara, Ghaziabad - UPPCB",1.1055,293.4583333333333
2020-12-06,"Vikas Sadan, Gurugram - HSPCB",0.995,210.33
2020-12-07,"Alipur, Delhi - DPCC",0.922,221.0
2020-12-07,"Anand Vihar, Delhi - DPCC",0.9935,362.1
2020-12-07,"Bawana, Delhi - DPCC",0.983,271.0
2020-12-07,"Chandni Chowk, Delhi - IITM",0.9095,197.45
2020-12-07,"Dwarka-Sector 8, Delhi - DPCC ",0.9545,356.5
2020-12-07,"Ganga Nagar, Meerut - UPPCB",0.7885,150.83333333333334
2020-12-07,"ITO, Delhi - CPCB",0.947,219.89655172413794
2020-12-07,"Indirapuram, Ghaziabad - UPPCB",0.9425,234.5
2020-12-07,"Jai Bhim Nagar, Meerut - UPPCB",0.8565,200.42857142857142
2020-12-07,"Knowledge Park - V, Greater Noida - UPPCB",0.923,265.6
2020-12-07,"MD University, Rohtak - HSPCB",1.147,213.30583333333334
2020-12-07,"Mandir Marg, New Delhi - DPCC",0.8765,264.36842105263156
2020-12-07,"Moti Doongri, Alwar - RSPCB",0.75,62.4075
2020-12-07,"New Collectorate, Baghpat - UPPCB",0.934,193.0
2020-12-07,New Delhi,0.869,270.125
2020-12-07,"North Campus, DU, Delhi - IMD",0.963,221.78045454545455
2020-12-07,"Punjabi Bagh, Delhi - DPCC",0.9295,304.42857142857144
2020-12-07,"R K Puram, Delhi - DPCC",0.815,317.5217391304348
2020-12-07,"Sanjay Nagar, Ghaziabad - UPPCB",0.866,206.2
2020-12-07,"Sector 11, Faridabad - HSPCB",0.864,167.2995
2020-12-07,"Sector- 16A, Faridabad - HSPCB",0.882,301.3529411764706
2020-12-07,"Shyam Nagar, Palwal - HSPCB",0.9605,61.278
2020-12-07,"Sri Aurobindo Marg, Delhi - DPCC",0.794,196.0
2020-12-07,"Vasundhara, Ghaziabad - UPPCB",0.9985,300.2916666666667
2020-12-07,"Vikas Sadan, Gurugram - HSPCB",0.9175,242.13684210526318
2020-12-08,"Anand Vihar, Delhi - DPCC",0.808,286.25
2020-12-08,"Ashok Vihar, Delhi - DPCC",0.7855,345.0
2020-12-08,"Chandni Chowk, Delhi - IITM",0.776,207.65263157894736
2020-12-08,"Dwarka-Sector 8, Delhi - DPCC ",0.714,248.0
2020-12-08,"ITO, Delhi - CPCB",0.796,179.6551724137931
2020-12-08,"MD University, Rohtak - HSPCB",0.529,175.66357142857143
2020-12-08,"Mandir Marg, New Delhi - DPCC",0.843,197.35
2020-12-08,"Moti Doongri, Alwar - RSPCB",0.77,65.42333333333333
2020-12-08,New Delhi,0.8225,192.6
2020-12-08,"North Campus, DU, Delhi - IMD",0.821,183.2648148148148
2020-12-08,"Punjabi Bagh, Delhi - DPCC",0.775,255.05555555555554
2020-12-08,"R K Puram, Delhi - DPCC",0.707,246.2608695652174
2020-12-08,"Sector 11, Faridabad - HSPCB",1.067,295.54249999999996
2020-12-08,"Sector- 16A, Faridabad - HSPCB",0.9285,272.4117647058824
2020-12-08,"Vasundhara, Ghaziabad - UPPCB",0.771,279.3636363636364
2020-12-08,"Vikas Sadan, Gurugram - HSPCB",0.892,198.48749999999998
2020-12-09,"Alipur, Delhi - DPCC",0.4415,205.0
2020-12-09,"Anand Vihar, Delhi - DPCC",0.5255,244.77777777777777
2020-12-09,"Ashok Vihar, Delhi - DPCC",0.5505,346.0
2020-12-09,"Chandni Chowk, Delhi - IITM",0.4845,126.2611111111111
2020-12-09,"Dwarka-Sector 8, Delhi - DPCC ",0.561,276.0
2020-12-09,"Ganga Nagar, Meerut - UPPCB",0.603,61.5
2020-12-09,"ITO, Delhi - CPCB",0.5335,154.79166666666666
2020-12-09,"Indirapuram, Ghaziabad - UPPCB",0.649,175.0
2020-12-09,"Jai Bhim Nagar, Meerut - UPPCB",0.726,103.75
2020-12-09,"Knowledge Park - V, Greater Noida - UPPCB",0.662,133.16666666666666
2020-12-09,"MD University, Rohtak - HSPCB",0.5935,117.37636363636365
2020-12-09,"Major Dhyan Chand National Stadium, Delhi - DPCC",0.536,257.0
2020-12-09,"Mandir Marg, New Delhi - DPCC",0.511,143.27777777777777
2020-12-09,"Moti Doongri, Alwar - RSPCB",0.6485,60.836
2020-12-09,"Najafgarh, Delhi - DPCC",0.5925,155.0
2020-12-09,New Delhi,0.5015,161.8695652173913
2020-12-09,"North Campus, DU, Delhi - IMD",0.499,124.82959999999999
2020-12-09,"Punjabi Bagh, Delhi - DPCC",0.5685,193.66666666666666
2020-12-09,"R K Puram, Delhi - DPCC",0.588,200.94117647058823
2020-12-09,"Sanjay Nagar, Ghaziabad - UPPCB",0.6245,182.0
2020-12-09,"Sector 11, Faridabad - HSPCB",0.866,193.80666666666664
2020-12-09,"Sector- 16A, Faridabad - HSPCB",0.8015,205.3125
2020-12-09,"Shyam Nagar, Palwal - HSPCB",0.751,25.06
2020-12-09,"Sri Aurobindo Marg, Delhi - DPCC",0.5315,143.0
2020-12-09,"Vasundhara, Ghaziabad - UPPCB",0.606,233.65
2020-12-09,"Vikas Sadan, Gurugram - HSPCB",0.628,167.89375
2020-12-10,"Alipur, Delhi - DPCC",0.7725,162.0
2020-12-10,"Anand Vihar, Delhi - DPCC",0.765,144.5
2020-12-10,"Ashok Vihar, Delhi - DPCC",0.7835,177.0
2020-12-10,"Bawana, Delhi - DPCC",0.74,144.0
2020-12-10,"Chandni Chowk, Delhi - IITM",0.73,123.64375
2020-12-10,"Ganga Nagar, Meerut - UPPCB",0.513,96.4
2020-12-10,"ITO, Delhi - CPCB",0.7525,123.85
2020-12-10,"Indirapuram, Ghaziabad - UPPCB",0.774,174.6
2020-12-10,"Jai Bhim Nagar, Meerut - UPPCB",0.5795,126.8
2020-12-10,"Knowledge Park - V, Greater Noida - UPPCB",0.6515,154.8
2020-12-10,"MD University, Rohtak - HSPCB",0.777,86.6925
2020-12-10,"Major Dhyan Chand National Stadium, Delhi - DPCC",0.7615,121.0
2020-12-10,"Mandir Marg, New Delhi - DPCC",0.719,121.6
2020-12-10,"Moti Doongri, Alwar - RSPCB",0.975,61.3
2020-12-10,"Najafgarh, Delhi - DPCC",0.7935,167.0
2020-12-10,"Nehru Nagar, Delhi - DPCC",0.6575,121.0
2020-12-10,"New Collectorate, Baghpat - UPPCB",0.759,107.0
2020-12-10,New Delhi,0.7575,117.94117647058823
2020-12-10,"North Campus, DU, Delhi - IMD",0.809,101.8090476190476
2020-12-10,"Okhla Phase-2, Delhi - DPCC",0.646,140.0
2020-12-10,"Punjabi Bagh, Delhi - DPCC",0.7235,123.38461538461539
2020-12-10,"R K Puram, Delhi - DPCC",0.64,147.35294117647058
2020-12-10,"Rohini, Delhi - DPCC",0.7395,213.0
2020-12-10,"Sanjay Nagar, Ghaziabad - UPPCB",0.689,167.33333333333334
2020-12-10,"Sector 11, Faridabad - HSPCB",0.6815,118.15733333333333
2020-12-10,"Sector- 16A, Faridabad - HSPCB",0.633,163.0
2020-12-10,"Shyam Nagar, Palwal - HSPCB",0.8745,36.1
2020-12-10,"Sri Aurobindo Marg, Delhi - DPCC",0.6255,123.0
2020-12-10,"Vasundhara, Ghaziabad - UPPCB",0.7655,164.23529411764707
2020-12-10,"Vikas Sadan, Gurugram - HSPCB",0.7295,120.55
2020-12-10,"Vivek Vihar, Delhi - DPCC",0.7535,206.0
2020-12-11,"Anand Vihar, Delhi - DPCC",0.86,186.75
2020-12-11,"Chandni Chowk, Delhi - IITM",0.771,114.42857142857143
2020-12-11,"ITO, Delhi - CPCB",0.813,141.94117647058823
2020-12-11,"MD University, Rohtak - HSPCB",1.075,90.52499999999999
2020-12-11,"Mandir Marg, New Delhi - DPCC",0.838,143.5
2020-12-11,New Delhi,0.788,151.92307692307693
2020-12-11,"North Campus, DU, Delhi - IMD",0.834,113.08277777777778
2020-12-11,"Punjabi Bagh, Delhi - DPCC",0.827,153.0
2020-12-11,"R K Puram, Delhi - DPCC",0.928,158.3846153846154
2020-12-11,"Vasundhara, Ghaziabad - UPPCB",0.838,185.33333333333334
2020-12-11,"Vikas Sadan, Gurugram - HSPCB",0.763,139.3272727272727
2020-12-13,"Chandni Chowk, Delhi - IITM",0.575,69.8
2020-12-13,"ITO, Delhi - CPCB",0.532,56.0
2020-12-13,"Mandir Marg, New Delhi - DPCC",0.384,55.0
2020-12-13,New Delhi,0.595,87.19047619047619
2020-12-13,"Punjabi Bagh, Delhi - DPCC",0.412,63.0
2020-12-13,"R K Puram, Delhi - DPCC",0.4735,63.0
2020-12-13,"Vasundhara, Ghaziabad - UPPCB",0.6005,168.0
2020-12-14,"Alipur, Delhi - DPCC",0.367,88.5
2020-12-14,"Anand Vihar, Delhi - DPCC",0.5135,101.55555555555556
2020-12-14,"Ashok Vihar, Delhi - DPCC",0.4805,63.0
2020-12-14,"Bawana, Delhi - DPCC",0.323,88.2
2020-12-14,"Chandni Chowk, Delhi - IITM",0.5295,94.40882352941176
2020-12-14,"Dwarka-Sector 8, Delhi - DPCC ",0.4355,63.0
2020-12-14,"ITO, Delhi - CPCB",0.468,89.42222222222222
2020-12-14,"Indirapuram, Ghaziabad - UPPCB",0.487,111.6
2020-12-14,"Jai Bhim Nagar, Meerut - UPPCB",0.66,83.11111111111111
2020-12-14,"Knowledge Park - V, Greater Noida - UPPCB",0.5475,103.95833333333333
2020-12-14,"MD University, Rohtak - HSPCB",0.4605,35.26842105263158
2020-12-14,"Major Dhyan Chand National Stadium, Delhi - DPCC",0.453,55.0
2020-12-14,"Mandir Marg, New Delhi - DPCC",0.4135,98.65517241379311
2020-12-14,"Moti Doongri, Alwar - RSPCB",0.3455,42.464999999999996
2020-12-14,"Najafgarh, Delhi - DPCC",0.3885,59.0
2020-12-14,"Nehru Nagar, Delhi - DPCC",0.38,92.0
2020-12-14,"New Collectorate, Baghpat - UPPCB",0.507,90.88888888888889
2020-12-14,New Delhi,0.4385,92.04166666666667
2020-12-14,"North Campus, DU, Delhi - IMD",0.398,87.97348837209303
2020-12-14,"Punjabi Bagh, Delhi - DPCC",0.36,89.25925925925925
2020-12-14,"R K Puram, Delhi - DPCC",0.38,93.03225806451613
2020-12-14,"Sanjay Nagar, Ghaziabad - UPPCB",0.5125,91.0625
2020-12-14,"Sector 11, Faridabad - HSPCB",0.398,56.63107142857143
2020-12-14,"Sector- 16A, Faridabad - HSPCB",0.425,93.6923076923077
2020-12-14,"Shyam Nagar, Palwal - HSPCB",0.442,73.05307692307692
2020-12-14,"Sri Aurobindo Marg, Delhi - DPCC",0.3365,84.85714285714286
2020-12-14,"Vasundhara, Ghaziabad - UPPCB",0.4985,114.72413793103448
2020-12-14,"Vikas Sadan, Gurugram - HSPCB",0.32,64.85882352941177
2020-12-14,"Vivek Vihar, Delhi - DPCC",0.504,83.0
2020-12-15,"Alipur, Delhi - DPCC",1.593,155.0
2020-12-15,"Anand Vihar, Delhi - DPCC",1.1795,158.77777777777777
2020-12-15,"Bawana, Delhi - DPCC",0.555,136.0
2020-12-15,"Chandni Chowk, Delhi - IITM",1.2,151.34583333333333
2020-12-15,"Ganga Nagar, Meerut - UPPCB",0.6635,147.1764705882353
2020-12-15,"ITO, Delhi - CPCB",1.459,118.51724137931035
2020-12-15,"Indirapuram, Ghaziabad - UPPCB",1.109,165.5
2020-12-15,"Jai Bhim Nagar, Meerut - UPPCB",0.672,128.0
2020-12-15,"Knowledge Park - V, Greater Noida - UPPCB",0.793,157.52
2020-12-15,"MD University, Rohtak - HSPCB",1.064,82.60583333333334
2020-12-15,"Mandir Marg, New Delhi - DPCC",1.1275,132.95238095238096
2020-12-15,"Moti Doongri, Alwar - RSPCB",0.905,53.839999999999996
2020-12-15,"New Collectorate, Baghpat - UPPCB",0.571,108.5
2020-12-15,New Delhi,1.449,132.25
2020-12-15,"North Campus, DU, Delhi - IMD",1.2945,87.35363636363637
2020-12-15,"Punjabi Bagh, Delhi - DPCC",1.727,126.66666666666667
2020-12-15,"R K Puram, Delhi - DPCC",1.677,142.3181818181818
2020-12-15,"Sector 11, Faridabad - HSPCB",0.968,85.24416666666666
2020-12-15,"Shyam Nagar, Palwal - HSPCB",1.32,41.59888888888889
2020-12-15,"Sri Aurobindo Marg, Delhi - DPCC",1.2385,129.33333333333334
2020-12-15,"Vasundhara, Ghaziabad - UPPCB",1.202,167.04
2020-12-15,"Vikas Sadan, Gurugram - HSPCB",1.699,112.06521739130434
2020-12-16,"Alipur, Delhi - DPCC",0.5815,116.33333333333333
2020-12-16,"Anand Vihar, Delhi - DPCC",0.5745,146.25
2020-12-16,"Bawana, Delhi - DPCC",0.61,152.0
2020-12-16,"Chandni Chowk, Delhi - IITM",0.5875,122.25217391304349
2020-12-16,"Dwarka-Sector 8, Delhi - DPCC ",0.579,135.0
2020-12-16,"Ganga Nagar, Meerut - UPPCB",0.41,94.66666666666667
2020-12-16,"ITO, Delhi - CPCB",0.556,115.13333333333334
2020-12-16,"Indirapuram, Ghaziabad - UPPCB",0.6015,154.4
2020-12-16,"Jai Bhim Nagar, Meerut - UPPCB",0.4155,87.17647058823529
2020-12-16,"Knowledge Park - V, Greater Noida - UPPCB",0.545,126.9090909090909
2020-12-16,"MD University, Rohtak - HSPCB",0.458,98.63379310344828
2020-12-16,"Mandir Marg, New Delhi - DPCC",0.5605,122.52380952380952
2020-12-16,"Moti Doongri, Alwar - RSPCB",0.948,30.616666666666664
2020-12-16,"New Collectorate, Baghpat - UPPCB",0.47,74.0
2020-12-16,New Delhi,0.553,132.04166666666666
2020-12-16,"North Campus, DU, Delhi - IMD",0.623,119.29117647058824
2020-12-16,"Punjabi Bagh, Delhi - DPCC",0.619,118.2
2020-12-16,"R K Puram, Delhi - DPCC",0.591,93.6086956521739
2020-12-16,"Sanjay Nagar, Ghaziabad - UPPCB",0.553,119.0
2020-12-16,"Sector 11, Faridabad - HSPCB",0.598,77.8465
2020-12-16,"Sector- 16A, Faridabad - HSPCB",0.744,138.6
2020-12-16,"Shyam Nagar, Palwal - HSPCB",0.783,23.265
2020-12-16,"Sri Aurobindo Marg, Delhi - DPCC",0.6135,150.0
2020-12-16,"Vasundhara, Ghaziabad - UPPCB",0.5555,131.04347826086956
2020-12-16,"Vikas Sadan, Gurugram - HSPCB",0.577,108.4913043478261
2020-12-17,"Alipur, Delhi - DPCC",0.546,110.0
2020-12-17,"Anand Vihar, Delhi - DPCC",0.9025,149.8
2020-12-17,"Bawana, Delhi - DPCC",0.512,123.5
2020-12-17,"Chandni Chowk, Delhi - IITM",0.824,94.62
2020-12-17,"Ganga Nagar, Meerut - UPPCB",0.98,115.44444444444444
2020-12-17,"ITO, Delhi - CPCB",0.7975,112.84375
2020-12-17,"Indirapuram, Ghaziabad - UPPCB",0.876,138.41176470588235
2020-12-17,"Jai Bhim Nagar, Meerut - UPPCB",1.021,108.11111111111111
2020-12-17,"Knowledge Park - V, Greater Noida - UPPCB",0.84,141.04347826086956
2020-12-17,"MD University, Rohtak - HSPCB",0.66,111.035
2020-12-17,"Mandir Marg, New Delhi - DPCC",0.8535,118.57142857142857
2020-12-17,"Moti Doongri, Alwar - RSPCB",0.2435,42.872
2020-12-17,"New Collectorate, Baghpat - UPPCB",0.389,96.0
2020-12-17,New Delhi,0.819,160.08333333333334
2020-12-17,"North Campus, DU, Delhi - IMD",1.017,117.24111111111112
2020-12-17,"Punjabi Bagh, Delhi - DPCC",1.1955,129.5
2020-12-17,"R K Puram, Delhi - DPCC",0.8,118.75
2020-12-17,"Sanjay Nagar, Ghaziabad - UPPCB",0.893,118.6470588235294
2020-12-17,"Sector 11, Faridabad - HSPCB",0.716,82.63346153846153
2020-12-17,"Sector- 16A, Faridabad - HSPCB",0.716,133.72222222222223
2020-12-17,"Shyam Nagar, Palwal - HSPCB",0.9095,25.48875
2020-12-17,"Sri Aurobindo Marg, Delhi - DPCC",0.609,122.5
2020-12-17,"Vasundhara, Ghaziabad - UPPCB",0.96,137.54166666666666
2020-12-18,"Alipur, Delhi - DPCC",0.3965,73.5
2020-12-18,"Anand Vihar, Delhi - DPCC",0.4265,155.8181818181818
2020-12-18,"Bawana, Delhi - DPCC",0.421,94.0
2020-12-18,"Chandni Chowk, Delhi - IITM",0.371,137.85833333333335
2020-12-18,"Ganga Nagar, Meerut - UPPCB",0.5405,127.6
2020-12-18,"ITO, Delhi - CPCB",0.358,127.71428571428571
2020-12-18,"Indirapuram, Ghaziabad - UPPCB",0.421,135.0
2020-12-18,"Jai Bhim Nagar, Meerut - UPPCB",0.5495,131.0
2020-12-18,"Knowledge Park - V, Greater Noida - UPPCB",0.3995,128.08333333333334
2020-12-18,"MD University, Rohtak - HSPCB",0.509,139.63459459459457
2020-12-18,"Mandir Marg, New Delhi - DPCC",0.3565,129.14814814814815
2020-12-18,"Moti Doongri, Alwar - RSPCB",0.2885,40.5
2020-12-18,"New Collectorate, Baghpat - UPPCB",0.4005,86.0
2020-12-18,New Delhi,0.38,140.04347826086956
2020-12-18,"North Campus, DU, Delhi - IMD",0.3865,112.6553488372093
2020-12-18,"Punjabi Bagh, Delhi - DPCC",0.38,155.1578947368421
2020-12-18,"R K Puram, Delhi - DPCC",0.3975,133.82142857142858
2020-12-18,"Sanjay Nagar, Ghaziabad - UPPCB",0.489,136.8
2020-12-18,"Sector 11, Faridabad - HSPCB",0.371,87.8283870967742
2020-12-18,"Sector- 16A, Faridabad - HSPCB",0.374,123.77272727272727
2020-12-18,"Shyam Nagar, Palwal - HSPCB",0.3825,15.625
2020-12-18,"Sri Aurobindo Marg, Delhi - DPCC",0.362,97.0
2020-12-18,"Vasundhara, Ghaziabad - UPPCB",0.458,130.875
2020-12-18,"Vikas Sadan, Gurugram - HSPCB",0.385,108.5448275862069
2020-12-19,"Anand Vihar, Delhi - DPCC",0.392,229.125
2020-12-19,"Chandni Chowk, Delhi - IITM",0.4045,193.37142857142857
2020-12-19,"Dwarka-Sector 8, Delhi - DPCC ",0.5655,112.0
2020-12-19,"Ganga Nagar, Meerut - UPPCB",0.411,191.28571428571428
2020-12-19,"ITO, Delhi - CPCB",0.44,200.9
2020-12-19,"Indirapuram, Ghaziabad - UPPCB",0.332,265.8
2020-12-19,"Jai Bhim Nagar, Meerut - UPPCB",0.3625,79.0
2020-12-19,"Knowledge Park - V, Greater Noida - UPPCB",0.4555,221.8181818181818
2020-12-19,"MD University, Rohtak - HSPCB",0.4705,191.06722222222223
2020-12-19,"Mandir Marg, New Delhi - DPCC",0.419,205.08333333333334
2020-12-19,"Moti Doongri, Alwar - RSPCB",0.202,48.6175
2020-12-19,New Delhi,0.433,194.8181818181818
2020-12-19,"North Campus, DU, Delhi - IMD",0.4335,181.22279999999998
2020-12-19,"Punjabi Bagh, Delhi - DPCC",0.432,214.07142857142858
2020-12-19,"R K Puram, Delhi - DPCC",0.5335,184.64285714285714
2020-12-19,"Sanjay Nagar, Ghaziabad - UPPCB",0.2925,268.6666666666667
2020-12-19,"Sector 11, Faridabad - HSPCB",0.416,168.78307692307692
2020-12-19,"Sector- 16A, Faridabad - HSPCB",0.4675,260.0
2020-12-19,"Shyam Nagar, Palwal - HSPCB",0.427,94.15
2020-12-19,"Vasundhara, Ghaziabad - UPPCB",0.325,195.73684210526315
2020-12-19,"Vikas Sadan, Gurugram - HSPCB",0.446,138.20555555555555
2020-12-20,"Alipur, Delhi - DPCC",0.571,168.0
2020-12-20,"Anand Vihar, Delhi - DPCC",0.351,228.1
2020-12-20,"Bawana, Delhi - DPCC",0.515,299.0
2020-12-20,"Chandni Chowk, Delhi - IITM",0.151,125.65882352941175
2020-12-20,"Indirapuram, Ghaziabad - UPPCB",0.436,284.6
2020-12-20,"Mandir Marg, New Delhi - DPCC",0.16,183.54166666666666
2020-12-20,"Moti Doongri, Alwar - RSPCB",0.2925,48.632
2020-12-20,New Delhi,0.114,177.04166666666666
2020-12-20,"North Campus, DU, Delhi - IMD",0.201,136.64999999999998
2020-12-20,"Punjabi Bagh, Delhi - DPCC",0.4885,216.33333333333334
2020-12-20,"Sanjay Nagar, Ghaziabad - UPPCB",0.55,236.11111111111111
2020-12-20,"Shyam Nagar, Palwal - HSPCB",0.5065,41.76
2020-12-20,"Vasundhara, Ghaziabad - UPPCB",0.458,184.79310344827587
2020-12-21,"Ganga Nagar, Meerut - UPPCB",0.933,211.6
2020-12-21,"MD University, Rohtak - HSPCB",0.738,156.11285714285714
2020-12-21,"Moti Doongri, Alwar - RSPCB",0.4165,53.48333333333334
2020-12-21,"North Campus, DU, Delhi - IMD",0.563,153.7625
2020-12-21,"Shyam Nagar, Palwal - HSPCB",0.809,55.165
2020-12-21,"Vikas Sadan, Gurugram - HSPCB",0.391,134.76923076923077
2020-12-22,"Anand Vihar, Delhi - DPCC",1.304,328.5
2020-12-22,"Chandni Chowk, Delhi - IITM",1.1875,250.825
2020-12-22,"Ganga Nagar, Meerut - UPPCB",0.836,187.33333333333334
2020-12-22,"ITO, Delhi - CPCB",1.12,177.07142857142858
2020-12-22,"Jai Bhim Nagar, Meerut - UPPCB",0.929,351.0
2020-12-22,"MD University, Rohtak - HSPCB",1.0195,168.00416666666666
2020-12-22,"Mandir Marg, New Delhi - DPCC",0.9665,236.77777777777777
2020-12-22,"New Collectorate, Baghpat - UPPCB",1.184,313.0
2020-12-22,New Delhi,1.288,280.4761904761905
2020-12-22,"North Campus, DU, Delhi - IMD",1.17,258.926
2020-12-22,"Punjabi Bagh, Delhi - DPCC",0.875,177.14285714285714
2020-12-22,"R K Puram, Delhi - DPCC",0.8475,174.14285714285714
2020-12-22,"Sector 11, Faridabad - HSPCB",1.29,191.51
2020-12-22,"Sector- 16A, Faridabad - HSPCB",1.138,203.25
2020-12-22,"Shyam Nagar, Palwal - HSPCB",0.855,35.555
2020-12-22,"Vikas Sadan, Gurugram - HSPCB",0.738,143.9090909090909
2020-12-23,"Anand Vihar, Delhi - DPCC",1.0835,498.2
2020-12-23,"Chandni Chowk, Delhi - IITM",0.8545,250.88000000000002
2020-12-23,"Ganga Nagar, Meerut - UPPCB",0.738,280.90909090909093
2020-12-23,"ITO, Delhi - CPCB",0.8565,355.55882352941177
2020-12-23,"Jai Bhim Nagar, Meerut - UPPCB",0.745,328.0
2020-12-23,"Knowledge Park - V, Greater Noida - UPPCB",0.9665,343.1666666666667
2020-12-23,"MD University, Rohtak - HSPCB",1.19,288.8055
2020-12-23,"Mandir Marg, New Delhi - DPCC",0.795,336.1578947368421
2020-12-23,"Moti Doongri, Alwar - RSPCB",0.7275,61.725
2020-12-23,New Delhi,0.874,262.2307692307692
2020-12-23,"North Campus, DU, Delhi - IMD",0.948,305.9815789473684
2020-12-23,"Punjabi Bagh, Delhi - DPCC",0.993,378.92857142857144
2020-12-23,"R K Puram, Delhi - DPCC",0.8845,374.26666666666665
2020-12-23,"Sanjay Nagar, Ghaziabad - UPPCB",0.6885,299.0
2020-12-23,"Sector 11, Faridabad - HSPCB",1.5655,340.78499999999997
2020-12-23,"Sector- 16A, Faridabad - HSPCB",1.4135,391.1666666666667
2020-12-23,"Vasundhara, Ghaziabad - UPPCB",0.774,409.2
2020-12-23,"Vikas Sadan, Gurugram - HSPCB",0.7705,311.2769230769231
2020-12-24,"Anand Vihar, Delhi - DPCC",0.998,380.25
2020-12-24,"Chandni Chowk, Delhi - IITM",1.02,178.56829268292682
2020-12-24,"Ganga Nagar, Meerut - UPPCB",0.606,185.5
2020-12-24,"ITO, Delhi - CPCB",1.042,275.6521739130435
2020-12-24,"Jai Bhim Nagar, Meerut - UPPCB",0.674,71.0
2020-12-24,"Knowledge Park - V, Greater Noida - UPPCB",1.011,254.33333333333334
2020-12-24,"MD University, Rohtak - HSPCB",0.975,171.4677142857143
2020-12-24,"Mandir Marg, New Delhi - DPCC",0.884,259.5
2020-12-24,"Moti Doongri, Alwar - RSPCB",0.857,67.99600000000001
2020-12-24,New Delhi,1.017,254.16666666666666
2020-12-24,"North Campus, DU, Delhi - IMD",0.9435,219.4542
2020-12-24,"Punjabi Bagh, Delhi - DPCC",0.9795,278.44827586206895
2020-12-24,"R K Puram, Delhi - DPCC",0.9345,308.0689655172414
2020-12-24,"Sanjay Nagar, Ghaziabad - UPPCB",0.906,254.5
2020-12-24,"Sector- 16A, Faridabad - HSPCB",0.92,276.90909090909093
2020-12-24,"Vasundhara, Ghaziabad - UPPCB",1.018,297.5
2020-12-24,"Vikas Sadan, Gurugram - HSPCB",0.9265,260.85925925925926
2020-12-25,"Anand Vihar, Delhi - DPCC",0.482,207.5
2020-12-25,"Chandni Chowk, Delhi - IITM",0.5735,111.12105263157896
2020-12-25,"Dwarka-Sector 8, Delhi - DPCC ",0.672,91.5
2020-12-25,"Ganga Nagar, Meerut - UPPCB",0.5005,136.66666666666666
2020-12-25,"ITO, Delhi - CPCB",0.52,176.64444444444445
2020-12-25,"Knowledge Park - V, Greater Noida - UPPCB",0.5565,177.33333333333334
2020-12-25,"MD University, Rohtak - HSPCB",0.839,181.011875
2020-12-25,"Mandir Marg, New Delhi - DPCC",0.418,173.59259259259258
2020-12-25,"Moti Doongri, Alwar - RSPCB",0.605,60.063636363636355
2020-12-25,New Delhi,0.547,202.25
2020-12-25,"North Campus, DU, Delhi - IMD",0.592,160.96738095238095
2020-12-25,"Punjabi Bagh, Delhi - DPCC",0.578,202.36
2020-12-25,"R K Puram, Delhi - DPCC",0.617,232.07142857142858
2020-12-25,"Sector- 16A, Faridabad - HSPCB",0.4895,195.58333333333334
2020-12-25,"Vasundhara, Ghaziabad - UPPCB",0.679,173.35714285714286
2020-12-25,"Vikas Sadan, Gurugram - HSPCB",0.6375,162.032
2020-12-26,"Anand Vihar, Delhi - DPCC",0.852,281.3125
2020-12-26,"Chandni Chowk, Delhi - IITM",0.7295,126.50555555555555
2020-12-26,"Ganga Nagar, Meerut - UPPCB",0.446,202.26666666666668
2020-12-26,"ITO, Delhi - CPCB",0.741,214.47619047619048
2020-12-26,"Jai Bhim Nagar, Meerut - UPPCB",0.511,220.5
2020-12-26,"Knowledge Park - V, Greater Noida - UPPCB",0.8875,276.625
2020-12-26,"Mandir Marg, New Delhi - DPCC",0.701,189.89655172413794
2020-12-26,"Moti Doongri, Alwar - RSPCB",0.7245,47.42999999999999
2020-12-26,New Delhi,0.7405,204.25
2020-12-26,"North Campus, DU, Delhi - IMD",0.7405,184.36058823529413
2020-12-26,"Punjabi Bagh, Delhi - DPCC",0.7165,250.3448275862069
2020-12-26,"R K Puram, Delhi - DPCC",0.636,214.52380952380952
2020-12-26,"Sector- 16A, Faridabad - HSPCB",0.572,229.04761904761904
2020-12-26,"Vasundhara, Ghaziabad - UPPCB",0.859,216.17857142857142
2020-12-26,"Vikas Sadan, Gurugram - HSPCB",0.5875,208.28400000000002
2020-12-27,"Anand Vihar, Delhi - DPCC",1.27,256.8
2020-12-27,"Chandni Chowk, Delhi - IITM",1.3385,111.03225806451613
2020-12-27,"Ganga Nagar, Meerut - UPPCB",1.1285,186.56521739130434
2020-12-27,"ITO, Delhi - CPCB",1.323,204.72727272727272
2020-12-27,"Indirapuram, Ghaziabad - UPPCB",1.19,227.22222222222223
2020-12-27,"Jai Bhim Nagar, Meerut - UPPCB",1.248,159.08333333333334
2020-12-27,"Knowledge Park - V, Greater Noida - UPPCB",1.2135,208.06666666666666
2020-12-27,"MD University, Rohtak - HSPCB",1.107,181.5692857142857
2020-12-27,"Mandir Marg, New Delhi - DPCC",1.199,215.10526315789474
2020-12-27,"Moti Doongri, Alwar - RSPCB",1.101,51.85
2020-12-27,"North Campus, DU, Delhi - IMD",1.131,202.50363636363636
2020-12-27,"Punjabi Bagh, Delhi - DPCC",1.292,234.7058823529412
2020-12-27,"R K Puram, Delhi - DPCC",1.2605,264.09090909090907
2020-12-27,"Sanjay Nagar, Ghaziabad - UPPCB",1.2815,187.0
2020-12-27,"Sector- 16A, Faridabad - HSPCB",1.4185,285.42857142857144
2020-12-27,"Shyam Nagar, Palwal - HSPCB",1.645,67.69
2020-12-27,"Vasundhara, Ghaziabad - UPPCB",1.248,201.54166666666666
2020-12-27,"Vikas Sadan, Gurugram - HSPCB",1.1215,173.192
2020-12-28,"Alipur, Delhi - DPCC",0.371,107.0
2020-12-28,"Anand Vihar, Delhi - DPCC",0.299,126.66666666666667
2020-12-28,"Bawana, Delhi - DPCC",0.312,113.0
2020-12-28,"Chandni Chowk, Delhi - IITM",0.3375,148.96153846153845
2020-12-28,"Ganga Nagar, Meerut - UPPCB",0.51,92.9090909090909
2020-12-28,"ITO, Delhi - CPCB",0.405,66.87878787878788
2020-12-28,"Indirapuram, Ghaziabad - UPPCB",0.2945,159.8
2020-12-28,"Jai Bhim Nagar, Meerut - UPPCB",0.505,77.63636363636364
2020-12-28,"Knowledge Park - V, Greater Noida - UPPCB",0.259,72.8125
2020-12-28,"MD University, Rohtak - HSPCB",0.423,121.5425
2020-12-28,"Mandir Marg, New Delhi - DPCC",0.3715,111.2
2020-12-28,"Moti Doongri, Alwar - RSPCB",0.3095,59.004999999999995
2020-12-28,"New Collectorate, Baghpat - UPPCB",0.325,112.5
2020-12-28,New Delhi,0.371,102.6086956521739
2020-12-28,"North Campus, DU, Delhi - IMD",0.3165,91.65571428571428
2020-12-28,"Punjabi Bagh, Delhi - DPCC",0.3275,112.17647058823529
2020-12-28,"R K Puram, Delhi - DPCC",0.381,125.52380952380952
2020-12-28,"Sanjay Nagar, Ghaziabad - UPPCB",0.292,123.0
2020-12-28,"Sector- 16A, Faridabad - HSPCB",0.3595,153.25
2020-12-28,"Shyam Nagar, Palwal - HSPCB",0.2885,71.27666666666667
2020-12-28,"Sri Aurobindo Marg, Delhi - DPCC",0.324,119.0
2020-12-28,"Vasundhara, Ghaziabad - UPPCB",0.31,120.20833333333333
2020-12-28,"Vikas Sadan, Gurugram - HSPCB",0.309,104.98846153846154
2020-12-29,"Alipur, Delhi - DPCC",0.6565,119.0
2020-12-29,"Anand Vihar, Delhi - DPCC",0.637,143.44444444444446
2020-12-29,"Bawana, Delhi - DPCC",0.685,178.0
2020-12-29,"Chandni Chowk, Delhi - IITM",0.7875,163.37037037037038
2020-12-29,"Ganga Nagar, Meerut - UPPCB",0.4675,108.75
2020-12-29,"ITO, Delhi - CPCB",0.644,88.76923076923077
2020-12-29,"Indirapuram, Ghaziabad - UPPCB",0.667,177.5
2020-12-29,"Jai Bhim Nagar, Meerut - UPPCB",0.5195,107.25
2020-12-29,"Knowledge Park - V, Greater Noida - UPPCB",0.607,150.0
2020-12-29,"MD University, Rohtak - HSPCB",0.7435,54.81444444444444
2020-12-29,"Mandir Marg, New Delhi - DPCC",0.722,124.8
2020-12-29,"Moti Doongri, Alwar - RSPCB",0.398,56.345
2020-12-29,"North Campus, DU, Delhi - IMD",0.649,110.10323529411765
2020-12-29,"Punjabi Bagh, Delhi - DPCC",0.688,129.83333333333334
2020-12-29,"R K Puram, Delhi - DPCC",0.5875,149.1304347826087
2020-12-29,"Sanjay Nagar, Ghaziabad - UPPCB",0.751,117.0
2020-12-29,"Sector- 16A, Faridabad - HSPCB",0.5785,125.78571428571429
2020-12-29,"Shyam Nagar, Palwal - HSPCB",0.641,74.8
2020-12-29,"Sri Aurobindo Marg, Delhi - DPCC",0.5655,105.0
2020-12-29,"Vasundhara, Ghaziabad - UPPCB",0.6955,127.0
2020-12-29,"Vikas Sadan, Gurugram - HSPCB",0.707,118.60625
2020-12-30,"Alipur, Delhi - DPCC",0.68,131.0
2020-12-30,"Chandni Chowk, Delhi - IITM",0.979,144.86111111111111
2020-12-30,"ITO, Delhi - CPCB",0.8685,131.48275862068965
2020-12-30,"Indirapuram, Ghaziabad - UPPCB",0.9075,207.8
2020-12-30,"Knowledge Park - V, Greater Noida - UPPCB",1.0075,211.8
2020-12-30,"MD University, Rohtak - HSPCB",0.879,113.93722222222222
2020-12-30,"Mandir Marg, New Delhi - DPCC",0.853,144.3
2020-12-30,New Delhi,0.8435,189.875
2020-12-30,"North Campus, DU, Delhi - IMD",0.683,144.6688888888889
2020-12-30,"Punjabi Bagh, Delhi - DPCC",0.69,147.44444444444446
2020-12-30,"R K Puram, Delhi - DPCC",0.758,163.71428571428572
2020-12-30,"Sanjay Nagar, Ghaziabad - UPPCB",0.749,197.66666666666666
2020-12-30,"Sector- 16A, Faridabad - HSPCB",0.752,165.66666666666666
2020-12-30,"Shyam Nagar, Palwal - HSPCB",0.811,60.910000000000004
2020-12-30,"Sri Aurobindo Marg, Delhi - DPCC",0.718,131.5
2020-12-30,"Vasundhara, Ghaziabad - UPPCB",0.9905,182.85
2020-12-30,"Vikas Sadan, Gurugram - HSPCB",0.595,125.075
2020-12-31,"Anand Vihar, Delhi - DPCC",2.081,289.25
2020-12-31,"Chandni Chowk, Delhi - IITM",2.073,138.278125
2020-12-31,"ITO, Delhi - CPCB",1.842,195.44444444444446
2020-12-31,"Knowledge Park - V, Greater Noida - UPPCB",2.119,284.57142857142856
2020-12-31,"Mandir Marg, New Delhi - DPCC",1.923,210.91666666666666
2020-12-31,New Delhi,1.97,270.8695652173913
2020-12-31,"R K Puram, Delhi - DPCC",1.668,247.85185185185185
2020-12-31,"Sector- 16A, Faridabad - HSPCB",1.503,232.38888888888889
2021-01-01,"Anand Vihar, Delhi - DPCC",2.044,240.0
2021-01-01,"Chandni Chowk, Delhi - IITM",2.015,311.28000000000003
2021-01-01,"ITO, Delhi - CPCB",1.8075,306.7435897435897
2021-01-01,"Mandir Marg, New Delhi - DPCC",1.833,299.15
2021-01-01,"Moti Doongri, Alwar - RSPCB",1.592,68.6925
2021-01-01,New Delhi,1.802,313.8333333333333
2021-01-01,"North Campus, DU, Delhi - IMD",1.811,349.31
2021-01-01,"Punjabi Bagh, Delhi - DPCC",1.676,411.7142857142857
2021-01-01,"R K Puram, Delhi - DPCC",1.452,307.29411764705884
2021-01-01,"Sector- 16A, Faridabad - HSPCB",1.56,323.25
2021-01-01,"Shyam Nagar, Palwal - HSPCB",1.841,71.595
2021-01-01,"Sri Aurobindo Marg, Delhi - DPCC",1.212,295.25
2021-01-01,"Vikas Sadan, Gurugram - HSPCB",1.568,230.3409090909091
2021-01-02,"Knowledge Park - V, Greater Noida - UPPCB",2.062,323.0
2021-01-04,"Alipur, Delhi - DPCC",0.44,45.583333333333336
2021-01-04,"Anand Vihar, Delhi - DPCC",0.837,89.28571428571429
2021-01-04,"Chandni Chowk, Delhi - IITM",0.942,93.87142857142857
2021-01-04,"Dwarka-Sector 8, Delhi - DPCC ",0.762,92.5
2021-01-04,"Ganga Nagar, Meerut - UPPCB",0.321,23.666666666666668
2021-01-04,"ITO, Delhi - CPCB",0.881,73.27586206896552
2021-01-04,"Indirapuram, Ghaziabad - UPPCB",0.694,99.92307692307692
2021-01-04,"Jai Bhim Nagar, Meerut - UPPCB",0.3315,41.72727272727273
2021-01-04,"MD University, Rohtak - HSPCB",0.684,46.847727272727276
2021-01-04,"Major Dhyan Chand National Stadium, Delhi - DPCC",0.864,87.18181818181819
2021-01-04,"Mandir Marg, New Delhi - DPCC",0.837,60.2
2021-01-04,"Nehru Nagar, Delhi - DPCC",0.667,101.14285714285714
2021-01-04,"New Collectorate, Baghpat - UPPCB",0.399,49.416666666666664
2021-01-04,New Delhi,0.851,77.0
2021-01-04,"Okhla Phase-2, Delhi - DPCC",0.574,65.0
2021-01-04,"R K Puram, Delhi - DPCC",0.739,59.55555555555556
2021-01-04,"Sanjay Nagar, Ghaziabad - UPPCB",0.521,64.0
2021-01-04,"Sector- 16A, Faridabad - HSPCB",0.563,109.63636363636364
2021-01-04,"Sri Aurobindo Marg, Delhi - DPCC",0.717,72.13333333333334
2021-01-04,"Vasundhara, Ghaziabad - UPPCB",0.76,112.0
2021-01-04,"Vivek Vihar, Delhi - DPCC",0.811,106.0
2021-01-05,"Moti Doongri, Alwar - RSPCB",1.672,50.44
2021-01-05,"Shyam Nagar, Palwal - HSPCB",1.753,48.61666666666667
2021-01-09,"Indirapuram, Ghaziabad - UPPCB",2.646,168.85294117647058
2021-01-09,"Knowledge Park - V, Greater Noida - UPPCB",2.191,167.74193548387098
2021-01-09,"Shyam Nagar, Palwal - HSPCB",2.669,39.5796
2021-01-09,"Vasundhara, Ghaziabad - UPPCB",2.665,150.11111111111111
2021-01-10,"Alipur, Delhi - DPCC",0.488,129.375
2021-01-10,"Anand Vihar, Delhi - DPCC",0.626,173.41666666666666
2021-01-10,"Bawana, Delhi - DPCC",0.505,154.9090909090909
2021-01-10,"Dwarka-Sector 8, Delhi - DPCC ",0.476,150.71428571428572
2021-01-10,"Ganga Nagar, Meerut - UPPCB",1.802,81.0
2021-01-10,"ITO, Delhi - CPCB",0.524,108.77272727272727
2021-01-10,"Indirapuram, Ghaziabad - UPPCB",0.606,154.45454545454547
2021-01-10,"Knowledge Park - V, Greater Noida - UPPCB",0.5445,134.1
2021-01-10,"Major Dhyan Chand National Stadium, Delhi - DPCC",0.4715,157.7
2021-01-10,"Mandir Marg, New Delhi - DPCC",0.568,145.22222222222223
2021-01-10,"Moti Doongri, Alwar - RSPCB",0.4975,48.32909090909091
2021-01-10,"Najafgarh, Delhi - DPCC",0.534,106.11111111111111
2021-01-10,"Nehru Nagar, Delhi - DPCC",0.5095,151.25
2021-01-10,"New Collectorate, Baghpat - UPPCB",0.56,99.66666666666667
2021-01-10,New Delhi,0.59,140.91666666666666
2021-01-10,"North Campus, DU, Delhi - IMD",0.524,105.63695652173914
2021-01-10,"Okhla Phase-2, Delhi - DPCC",0.4875,166.14285714285714
2021-01-10,"R K Puram, Delhi - DPCC",0.5595,178.8181818181818
2021-01-10,"Rohini, Delhi - DPCC",0.455,141.73333333333332
2021-01-10,"Sanjay Nagar, Ghaziabad - UPPCB",0.629,143.27272727272728
2021-01-10,"Sector- 16A, Faridabad - HSPCB",0.4305,151.75
2021-01-10,"Shyam Nagar, Palwal - HSPCB",0.4025,44.58909090909091
2021-01-10,"Sri Aurobindo Marg, Delhi - DPCC",0.542,133.53846153846155
2021-01-10,"Vasundhara, Ghaziabad - UPPCB",0.466,162.5
2021-01-10,"Vikas Sadan, Gurugram - HSPCB",0.51,128.80833333333334
2021-01-10,"Vivek Vihar, Delhi - DPCC",0.6375,196.8
2021-01-11,"Alipur, Delhi - DPCC",0.4215,104.6842105263158
2021-01-11,"Anand Vihar, Delhi - DPCC",0.4365,132.63333333333333
2021-01-11,"Ashok Vihar, Delhi - DPCC",0.449,131.4375
2021-01-11,"Bawana, Delhi - DPCC",0.489,130.3846153846154
2021-01-11,"Dwarka-Sector 8, Delhi - DPCC ",0.581,119.43478260869566
2021-01-11,"ITO, Delhi - CPCB",0.443,99.225
2021-01-11,"Indirapuram, Ghaziabad - UPPCB",0.4505,128.91666666666666
2021-01-11,"Knowledge Park - V, Greater Noida - UPPCB",0.5045,124.18181818181819
2021-01-11,"MD University, Rohtak - HSPCB",0.664,102.42488888888889
2021-01-11,"Major Dhyan Chand National Stadium, Delhi - DPCC",0.4595,119.47058823529412
2021-01-11,"Mandir Marg, New Delhi - DPCC",0.4105,102.64
2021-01-11,"Moti Doongri, Alwar - RSPCB",0.2155,43.44714285714286
2021-01-11,"Najafgarh, Delhi - DPCC",0.556,84.61111111111111
2021-01-11,"Nehru Nagar, Delhi - DPCC",0.4395,151.13636363636363
2021-01-11,"New Collectorate, Baghpat - UPPCB",0.335,90.85714285714286
2021-01-11,New Delhi,0.4565,135.875
2021-01-11,"North Campus, DU, Delhi - IMD",0.465,103.71111111111111
2021-01-11,"Okhla Phase-2, Delhi - DPCC",0.4485,123.65217391304348
2021-01-11,"Punjabi Bagh, Delhi - DPCC",0.4685,154.92857142857142
2021-01-11,"R K Puram, Delhi - DPCC",0.453,130.0625
2021-01-11,"Rohini, Delhi - DPCC",0.4215,114.65384615384616
2021-01-11,"Sanjay Nagar, Ghaziabad - UPPCB",0.558,126.08333333333333
2021-01-11,"Sector- 16A, Faridabad - HSPCB",0.4755,114.61904761904762
2021-01-11,"Shyam Nagar, Palwal - HSPCB",0.6065,45.731
2021-01-11,"Sri Aurobindo Marg, Delhi - DPCC",0.436,107.73913043478261
2021-01-11,"Vasundhara, Ghaziabad - UPPCB",0.43,128.67741935483872
2021-01-11,"Vikas Sadan, Gurugram - HSPCB",0.663,96.38214285714285
2021-01-11,"Vivek Vihar, Delhi - DPCC",0.425,151.31578947368422
2021-01-12,"Alipur, Delhi - DPCC",0.843,152.57142857142858
2021-01-12,"Anand Vihar, Delhi - DPCC",0.722,169.45454545454547
2021-01-12,"Ashok Vihar, Delhi - DPCC",0.638,217.73684210526315
2021-01-12,"Bawana, Delhi - DPCC",0.7,210.16666666666666
2021-01-12,"Chandni Chowk, Delhi - IITM",0.776,131.15714285714284
2021-01-12,"Dwarka-Sector 8, Delhi - DPCC ",0.65,241.66666666666666
2021-01-12,"Ganga Nagar, Meerut - UPPCB",1.254,126.42105263157895
2021-01-12,"ITO, Delhi - CPCB",0.649,172.7906976744186
2021-01-12,"Indirapuram, Ghaziabad - UPPCB",0.812,242.61904761904762
2021-01-12,"Knowledge Park - V, Greater Noida - UPPCB",1.083,226.05555555555554
2021-01-12,"MD University, Rohtak - HSPCB",0.81,160.81826086956522
2021-01-12,"Major Dhyan Chand National Stadium, Delhi - DPCC",0.594,219.9047619047619
2021-01-12,"Mandir Marg, New Delhi - DPCC",0.713,172.0
2021-01-12,"Moti Doongri, Alwar - RSPCB",0.25,47.5196875
2021-01-12,"Najafgarh, Delhi - DPCC",0.733,125.5
2021-01-12,"Nehru Nagar, Delhi - DPCC",0.611,232.76470588235293
2021-01-12,"New Collectorate, Baghpat - UPPCB",0.909,138.1818181818182
2021-01-12,New Delhi,0.8,219.25
2021-01-12,"North Campus, DU, Delhi - IMD",0.674,163.41702127659576
2021-01-12,"Okhla Phase-2, Delhi - DPCC",0.668,242.61904761904762
2021-01-12,"Punjabi Bagh, Delhi - DPCC",0.674,169.8421052631579
2021-01-12,"R K Puram, Delhi - DPCC",0.734,234.92592592592592
2021-01-12,"Rohini, Delhi - DPCC",0.623,195.68965517241378
2021-01-12,"Sanjay Nagar, Ghaziabad - UPPCB",1.181,208.0
2021-01-12,"Sector- 16A, Faridabad - HSPCB",1.1005,230.0
2021-01-12,"Shyam Nagar, Palwal - HSPCB",0.548,45.79846153846154
2021-01-12,"Sri Aurobindo Marg, Delhi - DPCC",0.666,182.95652173913044
2021-01-12,"Vikas Sadan, Gurugram - HSPCB",0.888,155.24285714285716
2021-01-12,"Vivek Vihar, Delhi - DPCC",0.846,216.04761904761904
2021-01-13,"Alipur, Delhi - DPCC",0.933,188.95652173913044
2021-01-13,"Anand Vihar, Delhi - DPCC",1.142,327.4375
2021-01-13,"Ashok Vihar, Delhi - DPCC",1.0285,279.2307692307692
2021-01-13,"Bawana, Delhi - DPCC",0.935,230.8095238095238
2021-01-13,"Chandni Chowk, Delhi - IITM",1.084,178.6391304347826
2021-01-13,"Dwarka-Sector 8, Delhi - DPCC ",0.725,272.0
2021-01-13,"Ganga Nagar, Meerut - UPPCB",0.987,157.23809523809524
2021-01-13,"ITO, Delhi - CPCB",1.1785,238.48648648648648
2021-01-13,"Indirapuram, Ghaziabad - UPPCB",1.1745,269.9
2021-01-13,"Jai Bhim Nagar, Meerut - UPPCB",0.995,192.76190476190476
2021-01-13,"Knowledge Park - V, Greater Noida - UPPCB",1.225,270.8636363636364
2021-01-13,"MD University, Rohtak - HSPCB",0.883,148.14891891891892
2021-01-13,"Major Dhyan Chand National Stadium, Delhi - DPCC",1.079,253.10526315789474
2021-01-13,"Mandir Marg, New Delhi - DPCC",1.0275,315.54545454545456
2021-01-13,"Moti Doongri, Alwar - RSPCB",0.3955,50.34838709677419
2021-01-13,"Najafgarh, Delhi - DPCC",0.687,199.73684210526315
2021-01-13,"Nehru Nagar, Delhi - DPCC",1.019,335.07142857142856
2021-01-13,"New Collectorate, Baghpat - UPPCB",0.983,167.52173913043478
2021-01-13,New Delhi,1.088,258.9047619047619
2021-01-13,"North Campus, DU, Delhi - IMD",1.044,168.5009090909091
2021-01-13,"Okhla Phase-2, Delhi - DPCC",0.9135,250.22222222222223
2021-01-13,"Punjabi Bagh, Delhi - DPCC",1.1025,254.0625
2021-01-13,"R K Puram, Delhi - DPCC",1.06,256.4117647058824
2021-01-13,"Rohini, Delhi - DPCC",0.741,276.17391304347825
2021-01-13,"Sanjay Nagar, Ghaziabad - UPPCB",0.867,255.6315789473684
2021-01-13,"Sector- 16A, Faridabad - HSPCB",0.8915,288.8
2021-01-13,"Sri Aurobindo Marg, Delhi - DPCC",0.601,206.875
2021-01-13,"Vasundhara, Ghaziabad - UPPCB",1.1715,275.92
2021-01-13,"Vikas Sadan, Gurugram - HSPCB",0.528,148.94285714285715
2021-01-13,"Vivek Vihar, Delhi - DPCC",1.097,248.07142857142858
2021-01-14,"Dwarka-Sector 8, Delhi - DPCC ",1.213,402.1111111111111
2021-01-14,"Moti Doongri, Alwar - RSPCB",0.789,61.596666666666664
2021-01-14,"Nehru Nagar, Delhi - DPCC",1.754,399.8
2021-01-14,"R K Puram, Delhi - DPCC",1.374,395.7142857142857
2021-01-14,"Vikas Sadan, Gurugram - HSPCB",0.889,294.29615384615386
2021-01-15,"Alipur, Delhi - DPCC",2.017,270.57142857142856
2021-01-15,"Anand Vihar, Delhi - DPCC",1.713,312.2857142857143
2021-01-15,"Ashok Vihar, Delhi - DPCC",1.96,328.4
2021-01-15,"Bawana, Delhi - DPCC",2.125,252.41666666666666
2021-01-15,"Chandni Chowk, Delhi - IITM",2.056,240.4787878787879
2021-01-15,"Dwarka-Sector 8, Delhi - DPCC ",1.301,339.3333333333333
2021-01-15,"Ganga Nagar, Meerut - UPPCB",1.2315,244.76
2021-01-15,"ITO, Delhi - CPCB",1.915,318.8536585365854
2021-01-15,"Indirapuram, Ghaziabad - UPPCB",1.529,357.42857142857144
2021-01-15,"Knowledge Park - V, Greater Noida - UPPCB",1.661,291.06666666666666
2021-01-15,"Major Dhyan Chand National Stadium, Delhi - DPCC",1.981,315.5
2021-01-15,"Mandir Marg, New Delhi - DPCC",1.709,357.0
2021-01-15,"Moti Doongri, Alwar - RSPCB",0.581,65.48533333333333
2021-01-15,"Najafgarh, Delhi - DPCC",1.26,266.3809523809524
2021-01-15,"Nehru Nagar, Delhi - DPCC",1.653,354.44444444444446
2021-01-15,"New Collectorate, Baghpat - UPPCB",1.824,247.77272727272728
2021-01-15,New Delhi,1.771,303.4
2021-01-15,"North Campus, DU, Delhi - IMD",1.72,272.0783333333333
2021-01-15,"Okhla Phase-2, Delhi - DPCC",1.829,361.25
2021-01-15,"Punjabi Bagh, Delhi - DPCC",1.663,299.5
2021-01-15,"R K Puram, Delhi - DPCC",1.464,332.125
2021-01-15,"Rohini, Delhi - DPCC",1.812,258.375
2021-01-15,"Sanjay Nagar, Ghaziabad - UPPCB",1.9545,318.0
2021-01-15,"Shyam Nagar, Palwal - HSPCB",1.347,39.81526315789474
2021-01-15,"Sri Aurobindo Marg, Delhi - DPCC",1.2675,297.9166666666667
2021-01-15,"Vasundhara, Ghaziabad - UPPCB",1.389,324.875
2021-01-15,"Vikas Sadan, Gurugram - HSPCB",1.1475,241.3642857142857
2021-01-15,"Vivek Vihar, Delhi - DPCC",1.938,347.54545454545456
2021-01-16,"Anand Vihar, Delhi - DPCC",0.815,215.11111111111111
2021-01-16,"Ashok Vihar, Delhi - DPCC",0.67,219.4375
2021-01-16,"Bawana, Delhi - DPCC",0.752,175.85714285714286
2021-01-16,"Chandni Chowk, Delhi - IITM",0.634,149.73846153846154
2021-01-16,"Ganga Nagar, Meerut - UPPCB",1.646,185.125
2021-01-16,"ITO, Delhi - CPCB",0.65,243.80555555555554
2021-01-16,"Indirapuram, Ghaziabad - UPPCB",0.714,244.94444444444446
2021-01-16,"Knowledge Park - V, Greater Noida - UPPCB",1.294,261.2352941176471
2021-01-16,"Major Dhyan Chand National Stadium, Delhi - DPCC",0.721,216.83333333333334
2021-01-16,"Mandir Marg, New Delhi - DPCC",0.615,223.3
2021-01-16,"Moti Doongri, Alwar - RSPCB",0.871,63.90090909090909
2021-01-16,"Najafgarh, Delhi - DPCC",0.497,122.88888888888889
2021-01-16,"Nehru Nagar, Delhi - DPCC",0.921,236.3
2021-01-16,New Delhi,0.68,224.23809523809524
2021-01-16,"North Campus, DU, Delhi - IMD",0.648,176.16407407407408
2021-01-16,"Punjabi Bagh, Delhi - DPCC",0.615,206.3846153846154
2021-01-16,"R K Puram, Delhi - DPCC",0.794,265.5652173913044
2021-01-16,"Rohini, Delhi - DPCC",0.683,171.33333333333334
2021-01-16,"Sector- 16A, Faridabad - HSPCB",0.904,275.0
2021-01-16,"Shyam Nagar, Palwal - HSPCB",1.157,34.81466666666667
2021-01-16,"Sri Aurobindo Marg, Delhi - DPCC",0.541,204.88235294117646
2021-01-16,"Vasundhara, Ghaziabad - UPPCB",0.68,263.0
2021-01-16,"Vikas Sadan, Gurugram - HSPCB",0.501,135.33529411764704
2021-01-16,"Vivek Vihar, Delhi - DPCC",0.746,268.57894736842104
2021-01-17,"Alipur, Delhi - DPCC",1.752,239.1578947368421
2021-01-17,"Bawana, Delhi - DPCC",1.334,241.52941176470588
2021-01-17,"Dwarka-Sector 8, Delhi - DPCC ",1.5455,221.6
2021-01-17,"MD University, Rohtak - HSPCB",1.809,170.87413793103448
2021-01-17,"Najafgarh, Delhi - DPCC",1.483,200.85714285714286
2021-01-17,"Punjabi Bagh, Delhi - DPCC",1.787,224.69230769230768
2021-01-17,"Rohini, Delhi - DPCC",1.5595,224.86206896551724
2021-01-18,"Knowledge Park - V, Greater Noida - UPPCB",1.43,210.0
2021-01-19,"Alipur, Delhi - DPCC",1.3975,194.08333333333334
2021-01-19,"Anand Vihar, Delhi - DPCC",1.5415,248.64705882352942
2021-01-19,"Ashok Vihar, Delhi - DPCC",1.338,203.16666666666666
2021-01-19,"Bawana, Delhi - DPCC",1.463,162.55
2021-01-19,"Chandni Chowk, Delhi - IITM",1.605,129.1590909090909
2021-01-19,"Dwarka-Sector 8, Delhi - DPCC ",1.851,164.6875
2021-01-19,"Ganga Nagar, Meerut - UPPCB",1.131,159.65
2021-01-19,"ITO, Delhi - CPCB",1.703,236.4
2021-01-19,"Indirapuram, Ghaziabad - UPPCB",1.5155,233.92307692307693
2021-01-19,"Jai Bhim Nagar, Meerut - UPPCB",1.218,186.0
2021-01-19,"Knowledge Park - V, Greater Noida - UPPCB",1.446,183.20833333333334
2021-01-19,"MD University, Rohtak - HSPCB",1.807,200.09040000000002
2021-01-19,"Major Dhyan Chand National Stadium, Delhi - DPCC",1.451,219.2
2021-01-19,"Mandir Marg, New Delhi - DPCC",1.702,213.58823529411765
2021-01-19,"Moti Doongri, Alwar - RSPCB",1.095,68.88413793103447
2021-01-19,"Nehru Nagar, Delhi - DPCC",1.492,248.45
2021-01-19,"New Collectorate, Baghpat - UPPCB",1.0855,139.75
2021-01-19,New Delhi,1.756,202.65
2021-01-19,"North Campus, DU, Delhi - IMD",1.494,152.66344827586207
2021-01-19,"Okhla Phase-2, Delhi - DPCC",1.368,219.8125
2021-01-19,"Punjabi Bagh, Delhi - DPCC",1.56,81.0
2021-01-19,"R K Puram, Delhi - DPCC",1.489,228.11111111111111
2021-01-19,"Rohini, Delhi - DPCC",1.284,176.1
2021-01-19,"Sanjay Nagar, Ghaziabad - UPPCB",1.3505,213.88888888888889
2021-01-19,"Sector- 16A, Faridabad - HSPCB",1.288,282.5
2021-01-19,"Shyam Nagar, Palwal - HSPCB",1.4325,45.683684210526316
2021-01-19,"Sri Aurobindo Marg, Delhi - DPCC",1.446,204.5
2021-01-19,"Vasundhara, Ghaziabad - UPPCB",1.525,255.33333333333334
2021-01-19,"Vivek Vihar, Delhi - DPCC",1.538,247.72222222222223
2021-01-20,"Alipur, Delhi - DPCC",0.625,172.5
2021-01-20,"Anand Vihar, Delhi - DPCC",0.698,176.9375
2021-01-20,"Ashok Vihar, Delhi - DPCC",0.555,158.58823529411765
2021-01-20,"Bawana, Delhi - DPCC",0.887,179.46153846153845
2021-01-20,"Chandni Chowk, Delhi - IITM",0.7185,114.24285714285713
2021-01-20,"Dwarka-Sector 8, Delhi - DPCC ",0.515,130.0
2021-01-20,"Ganga Nagar, Meerut - UPPCB",0.919,153.92857142857142
2021-01-20,"ITO, Delhi - CPCB",0.7345,180.0
2021-01-20,"Indirapuram, Ghaziabad - UPPCB",0.656,178.06666666666666
2021-01-20,"Jai Bhim Nagar, Meerut - UPPCB",0.9615,162.0
2021-01-20,"Knowledge Park - V, Greater Noida - UPPCB",0.6615,147.21052631578948
2021-01-20,"Major Dhyan Chand National Stadium, Delhi - DPCC",0.7515,144.15384615384616
2021-01-20,"Mandir Marg, New Delhi - DPCC",0.7695,142.46666666666667
2021-01-20,"Moti Doongri, Alwar - RSPCB",0.2415,52.70173913043479
2021-01-20,"Najafgarh, Delhi - DPCC",0.618,104.1
2021-01-20,"Nehru Nagar, Delhi - DPCC",0.641,154.85714285714286
2021-01-20,"New Collectorate, Baghpat - UPPCB",0.651,126.07142857142857
2021-01-20,New Delhi,0.722,154.125
2021-01-20,"North Campus, DU, Delhi - IMD",0.679,111.66444444444444
2021-01-20,"Okhla Phase-2, Delhi - DPCC",0.5705,145.0
2021-01-20,"Punjabi Bagh, Delhi - DPCC",0.63,90.18181818181819
2021-01-20,"R K Puram, Delhi - DPCC",0.646,144.0
2021-01-20,"Rohini, Delhi - DPCC",0.655,144.58333333333334
2021-01-20,"Sanjay Nagar, Ghaziabad - UPPCB",0.659,163.5
2021-01-20,"Sector- 16A, Faridabad - HSPCB",0.513,118.0
2021-01-20,"Shyam Nagar, Palwal - HSPCB",0.4115,38.576153846153844
2021-01-20,"Sri Aurobindo Marg, Delhi - DPCC",0.5335,139.30769230769232
2021-01-20,"Vasundhara, Ghaziabad - UPPCB",0.7325,158.2173913043478
2021-01-20,"Vikas Sadan, Gurugram - HSPCB",0.501,77.15555555555555
2021-01-20,"Vivek Vihar, Delhi - DPCC",0.7265,184.25
2021-01-21,"Alipur, Delhi - DPCC",0.4345,196.66666666666666
2021-01-21,"Anand Vihar, Delhi - DPCC",0.409,236.8181818181818
2021-01-21,"Ashok Vihar, Delhi - DPCC",0.4385,206.16666666666666
2021-01-21,"Bawana, Delhi - DPCC",0.296,173.57142857142858
2021-01-21,"Chandni Chowk, Delhi - IITM",0.551,110.74000000000001
2021-01-21,"Dwarka-Sector 8, Delhi - DPCC ",0.334,204.66666666666666
2021-01-21,"Ganga Nagar, Meerut - UPPCB",0.593,81.16666666666667
2021-01-21,"ITO, Delhi - CPCB",0.424,241.7
2021-01-21,"Indirapuram, Ghaziabad - UPPCB",0.436,150.625
2021-01-21,"Knowledge Park - V, Greater Noida - UPPCB",0.4235,131.11111111111111
2021-01-21,"MD University, Rohtak - HSPCB",0.5665,123.88999999999999
2021-01-21,"Major Dhyan Chand National Stadium, Delhi - DPCC",0.3705,151.9
2021-01-21,"Mandir Marg, New Delhi - DPCC",0.506,156.5
2021-01-21,"Moti Doongri, Alwar - RSPCB",0.227,42.776250000000005
2021-01-21,"Najafgarh, Delhi - DPCC",0.3935,118.72727272727273
2021-01-21,"Nehru Nagar, Delhi - DPCC",0.36,372.4
2021-01-21,"New Collectorate, Baghpat - UPPCB",0.388,91.33333333333333
2021-01-21,New Delhi,0.645,152.125
2021-01-21,"North Campus, DU, Delhi - IMD",0.454,184.29785714285714
2021-01-21,"Okhla Phase-2, Delhi - DPCC",0.3285,180.5
2021-01-21,"Punjabi Bagh, Delhi - DPCC",0.4945,151.05882352941177
2021-01-21,"R K Puram, Delhi - DPCC",0.342,201.0
2021-01-21,"Rohini, Delhi - DPCC",0.421,228.71428571428572
2021-01-21,"Sanjay Nagar, Ghaziabad - UPPCB",0.6105,144.66666666666666
2021-01-21,"Sector- 16A, Faridabad - HSPCB",0.32,377.8333333333333
2021-01-21,"Shyam Nagar, Palwal - HSPCB",0.351,40.03125
2021-01-21,"Sri Aurobindo Marg, Delhi - DPCC",0.3255,118.85714285714286
2021-01-21,"Vasundhara, Ghaziabad - UPPCB",0.45,183.15
2021-01-21,"Vikas Sadan, Gurugram - HSPCB",0.403,154.375
2021-01-21,"Vivek Vihar, Delhi - DPCC",0.451,191.14285714285714
2021-01-22,"Ashok Vihar, Delhi - DPCC",1.3035,233.0
2021-01-22,"Dwarka-Sector 8, Delhi - DPCC ",0.876,245.33333333333334
2021-01-22,"ITO, Delhi - CPCB",1.366,483.57142857142856
2021-01-22,"MD University, Rohtak - HSPCB",1.663,188.1
2021-01-22,"Major Dhyan Chand National Stadium, Delhi - DPCC",1.35,260.3333333333333
2021-01-22,"Mandir Marg, New Delhi - DPCC",1.193,249.77777777777777
2021-01-22,"Moti Doongri, Alwar - RSPCB",0.4565,49.9275
2021-01-22,"Najafgarh, Delhi - DPCC",0.918,217.75
2021-01-22,"Nehru Nagar, Delhi - DPCC",1.316,261.6666666666667
2021-01-22,New Delhi,1.322,240.375
2021-01-22,"North Campus, DU, Delhi - IMD",1.161,225.835
2021-01-22,"Okhla Phase-2, Delhi - DPCC",1.134,276.6666666666667
2021-01-22,"Punjabi Bagh, Delhi - DPCC",1.1505,156.0
2021-01-22,"R K Puram, Delhi - DPCC",1.021,219.5
2021-01-22,"Rohini, Delhi - DPCC",1.3615,319.6666666666667
2021-01-22,"Sri Aurobindo Marg, Delhi - DPCC",0.986,204.0
2021-01-22,"Vikas Sadan, Gurugram - HSPCB",0.8335,178.8923076923077
2021-01-23,"Alipur, Delhi - DPCC",1.5165,175.46153846153845
2021-01-23,"Ashok Vihar, Delhi - DPCC",1.2845,173.85714285714286
2021-01-23,"Bawana, Delhi - DPCC",1.2145,165.27272727272728
2021-01-23,"Chandni Chowk, Delhi - IITM",1.469,104.77000000000001
2021-01-23,"Dwarka-Sector 8, Delhi - DPCC ",1.1725,177.0
2021-01-23,"Ganga Nagar, Meerut - UPPCB",1.129,166.54545454545453
2021-01-23,"ITO, Delhi - CPCB",1.461,405.27272727272725
2021-01-23,"Indirapuram, Ghaziabad - UPPCB",1.031,184.85714285714286
2021-01-23,"Knowledge Park - V, Greater Noida - UPPCB",1.111,180.25
2021-01-23,"MD University, Rohtak - HSPCB",1.3825,70.08961538461539
2021-01-23,"Major Dhyan Chand National Stadium, Delhi - DPCC",0.893,173.0
2021-01-23,"Mandir Marg, New Delhi - DPCC",1.399,156.64705882352942
2021-01-23,"Moti Doongri, Alwar - RSPCB",1.292,55.49130434782609
2021-01-23,"Najafgarh, Delhi - DPCC",1.183,135.0
2021-01-23,"Nehru Nagar, Delhi - DPCC",0.894,185.875
2021-01-23,"New Collectorate, Baghpat - UPPCB",1.047,171.71428571428572
2021-01-23,New Delhi,1.528,193.25
2021-01-23,"North Campus, DU, Delhi - IMD",1.3145,142.24175
2021-01-23,"Okhla Phase-2, Delhi - DPCC",0.906,190.0
2021-01-23,"Punjabi Bagh, Delhi - DPCC",1.2905,92.44444444444444
2021-01-23,"R K Puram, Delhi - DPCC",1.1995,176.23529411764707
2021-01-23,"Rohini, Delhi - DPCC",1.2185,158.07142857142858
2021-01-23,"Sanjay Nagar, Ghaziabad - UPPCB",1.156,161.84615384615384
2021-01-23,"Sector- 16A, Faridabad - HSPCB",0.953,156.1818181818182
2021-01-23,"Shyam Nagar, Palwal - HSPCB",1.147,47.83461538461539
2021-01-23,"Sri Aurobindo Marg, Delhi - DPCC",1.1755,178.72727272727272
2021-01-23,"Vasundhara, Ghaziabad - UPPCB",1.029,178.04
2021-01-23,"Vikas Sadan, Gurugram - HSPCB",1.272,116.85555555555555
2021-01-23,"Vivek Vihar, Delhi - DPCC",1.6135,188.7
2021-01-24,"Moti Doongri, Alwar - RSPCB",0.9185,58.465714285714284
2021-01-25,"Alipur, Delhi - DPCC",1.111,146.33333333333334
2021-01-25,"Anand Vihar, Delhi - DPCC",1.288,215.20833333333334
2021-01-25,"Bawana, Delhi - DPCC",1.218,185.5
2021-01-25,"Chandni Chowk, Delhi - IITM",1.436,140.925
2021-01-25,"Dwarka-Sector 8, Delhi - DPCC ",1.162,187.4
2021-01-25,"Ganga Nagar, Meerut - UPPCB",1.416,155.0
2021-01-25,"ITO, Delhi - CPCB",1.274,192.74468085106383
2021-01-25,"Knowledge Park - V, Greater Noida - UPPCB",1.374,192.66666666666666
2021-01-25,"MD University, Rohtak - HSPCB",1.351,114.89915254237289
2021-01-25,"Major Dhyan Chand National Stadium, Delhi - DPCC",1.194,150.71428571428572
2021-01-25,"Mandir Marg, New Delhi - DPCC",1.093,173.96153846153845
2021-01-25,"Moti Doongri, Alwar - RSPCB",0.905,51.965333333333334
2021-01-25,"Najafgarh, Delhi - DPCC",0.973,108.58823529411765
2021-01-25,"Nehru Nagar, Delhi - DPCC",1.284,242.0
2021-01-25,"New Collectorate, Baghpat - UPPCB",1.243,128.55555555555554
2021-01-25,New Delhi,1.326,197.375
2021-01-25,"Punjabi Bagh, Delhi - DPCC",1.161,137.22222222222223
2021-01-25,"R K Puram, Delhi - DPCC",1.057,196.66666666666666
2021-01-25,"Sanjay Nagar, Ghaziabad - UPPCB",1.199,180.25
2021-01-25,"Sector- 16A, Faridabad - HSPCB",1.44,225.23076923076923
2021-01-25,"Shyam Nagar, Palwal - HSPCB",1.358,54.56
2021-01-25,"Sri Aurobindo Marg, Delhi - DPCC",1.018,148.625
2021-01-25,"Vasundhara, Ghaziabad - UPPCB",1.297,258.29411764705884
2021-01-25,"Vikas Sadan, Gurugram - HSPCB",0.946,144.72307692307692
2021-01-25,"Vivek Vihar, Delhi - DPCC",1.246,195.3846153846154
2021-01-26,"Alipur, Delhi - DPCC",1.0425,179.125
2021-01-26,"Anand Vihar, Delhi - DPCC",1.0865,200.8421052631579
2021-01-26,"Ashok Vihar, Delhi - DPCC",1.046,197.83333333333334
2021-01-26,"Bawana, Delhi - DPCC",0.9765,168.66666666666666
2021-01-26,"Dwarka-Sector 8, Delhi - DPCC ",0.834,157.0
2021-01-26,"ITO, Delhi - CPCB",1.1025,183.6078431372549
2021-01-26,"Knowledge Park - V, Greater Noida - UPPCB",1.0485,215.5
2021-01-26,"MD University, Rohtak - HSPCB",0.8885,139.0298
2021-01-26,"Major Dhyan Chand National Stadium, Delhi - DPCC",1.008,116.5
2021-01-26,"Mandir Marg, New Delhi - DPCC",1.1715,168.72222222222223
2021-01-26,"Moti Doongri, Alwar - RSPCB",0.613,53.84
2021-01-26,"Najafgarh, Delhi - DPCC",0.8795,101.77777777777777
2021-01-26,"Nehru Nagar, Delhi - DPCC",0.9185,252.25
2021-01-26,"New Collectorate, Baghpat - UPPCB",0.8895,109.66666666666667
2021-01-26,New Delhi,1.2065,175.375
2021-01-26,"North Campus, DU, Delhi - IMD",1.1615,157.97446428571428
2021-01-26,"Okhla Phase-2, Delhi - DPCC",0.8595,168.16666666666666
2021-01-26,"Punjabi Bagh, Delhi - DPCC",1.107,127.6
2021-01-26,"R K Puram, Delhi - DPCC",0.819,210.58333333333334
2021-01-26,"Rohini, Delhi - DPCC",0.976,211.4
2021-01-26,"Sanjay Nagar, Ghaziabad - UPPCB",1.203,228.5
2021-01-26,"Sector- 16A, Faridabad - HSPCB",1.061,144.0
2021-01-26,"Shyam Nagar, Palwal - HSPCB",1.185,49.345
2021-01-26,"Sri Aurobindo Marg, Delhi - DPCC",0.8655,128.42857142857142
2021-01-26,"Vasundhara, Ghaziabad - UPPCB",1.1445,218.3448275862069
2021-01-26,"Vikas Sadan, Gurugram - HSPCB",0.7375,135.26363636363638
2021-01-26,"Vivek Vihar, Delhi - DPCC",0.967,190.125
2021-01-27,New Delhi,0.6555,181.08333333333334
2021-01-28,New Delhi,1.279,275.22727272727275
2021-01-29,New Delhi,0.856,181.0
2021-01-31,New Delhi,0.484,124.68181818181819
2021-10-02,New Delhi,1.038,46.5
2021-10-03,New Delhi,0.332,28.166666666666668
2021-10-04,New Delhi,0.459,26.916666666666668
2021-10-08,New Delhi,0.716,72.58333333333333
2021-10-09,New Delhi,0.4945,58.7
2021-10-10,New Delhi,0.473,58.75
2021-10-11,New Delhi,0.482,53.291666666666664
2021-10-12,New Delhi,0.457,73.3
2021-10-13,"Alipur, Delhi - DPCC",0.545,89.1875
2021-10-13,"Anand Vihar, Delhi - DPCC",0.5265,80.81818181818181
2021-10-13,"Ashok Vihar, Delhi - DPCC",0.532,78.25
2021-10-13,"Bawana, Delhi - DPCC",0.54,115.66666666666667
2021-10-13,"Chandni Chowk, Delhi - IITM",0.56,63.205555555555556
2021-10-13,"Dwarka-Sector 8, Delhi - DPCC ",0.567,81.5
2021-10-13,"Ganga Nagar, Meerut - UPPCB",0.453,102.35714285714286
2021-10-13,"ITO, Delhi - CPCB",0.531,77.25
2021-10-13,"Indirapuram, Ghaziabad - UPPCB",0.4865,91.78571428571429
2021-10-13,"Jai Bhim Nagar, Meerut - UPPCB",0.397,90.13333333333334
2021-10-13,"Knowledge Park - V, Greater Noida - UPPCB",0.438,72.16666666666667
2021-10-13,"MD University, Rohtak - HSPCB",0.719,90.7045
2021-10-13,"Major Dhyan Chand National Stadium, Delhi - DPCC",0.4885,71.72727272727273
2021-10-13,"Mandir Marg, New Delhi - DPCC",0.527,70.23076923076923
2021-10-13,"Moti Doongri, Alwar - RSPCB",0.468,42.35705882352941
2021-10-13,"Najafgarh, Delhi - DPCC",0.4565,71.5
2021-10-13,"Nehru Nagar, Delhi - DPCC",0.4595,76.875
2021-10-13,"New Collectorate, Baghpat - UPPCB",0.6295,98.33333333333333
2021-10-13,"North Campus, DU, Delhi - IMD",0.4875,78.87769230769231
2021-10-13,"Okhla Phase-2, Delhi - DPCC",0.451,72.5
2021-10-13,"Omex Eternity, Vrindavan - UPPCB",0.4175,92.0875
2021-10-13,"Punjabi Bagh, Delhi - DPCC",0.512,92.25
2021-10-13,"Rohini, Delhi - DPCC",0.553,101.2
2021-10-13,"Sanjay Nagar, Ghaziabad - UPPCB",0.503,86.25
2021-10-13,"Sector 11, Faridabad - HSPCB",0.3565,133.2258823529412
2021-10-13,"Sector- 16A, Faridabad - HSPCB",0.362,82.5625
2021-10-13,"Sri Aurobindo Marg, Delhi - DPCC",0.4155,63.526315789473685
2021-10-13,"Vasundhara, Ghaziabad - UPPCB",0.4945,112.42857142857143
2021-10-13,"Vikas Sadan, Gurugram - HSPCB",0.47,65.33333333333333
2021-10-13,"Vivek Vihar, Delhi - DPCC",0.508,82.11111111111111
2021-10-14,"Alipur, Delhi - DPCC",0.321,81.4054054054054
2021-10-14,"Anand Vihar, Delhi - DPCC",0.496,88.12
2021-10-14,"Ashok Vihar, Delhi - DPCC",0.395,73.0
2021-10-14,"Bawana, Delhi - DPCC",0.28,93.4
2021-10-14,"Chandni Chowk, Delhi - IITM",0.3925,61.29130434782609
2021-10-14,"Dwarka-Sector 8, Delhi - DPCC ",0.4045,93.63636363636364
2021-10-14,"Ganga Nagar, Meerut - UPPCB",0.4675,77.3103448275862
2021-10-14,"ITO, Delhi - CPCB",0.4245,72.97777777777777
2021-10-14,"Indirapuram, Ghaziabad - UPPCB",0.4515,78.8695652173913
2021-10-14,"Jai Bhim Nagar, Meerut - UPPCB",0.4235,107.4888888888889
2021-10-14,"Knowledge Park - V, Greater Noida - UPPCB",0.5655,74.43181818181819
2021-10-14,"MD University, Rohtak - HSPCB",0.5145,91.5554347826087
2021-10-14,"Major Dhyan Chand National Stadium, Delhi - DPCC",0.4155,70.88
2021-10-14,"Mandir Marg, New Delhi - DPCC",0.407,68.74285714285715
2021-10-14,"Moti Doongri, Alwar - RSPCB",0.4115,42.06805555555556
2021-10-14,"Najafgarh, Delhi - DPCC",0.277,68.1875
2021-10-14,"Nehru Nagar, Delhi - DPCC",0.4345,77.6086956521739
2021-10-14,"New Collectorate, Baghpat - UPPCB",0.4315,83.95652173913044
2021-10-14,New Delhi,0.432,74.42857142857143
2021-10-14,"North Campus, DU, Delhi - IMD",0.3685,72.19
2021-10-14,"Okhla Phase-2, Delhi - DPCC",0.508,72.03846153846153
2021-10-14,"Omex Eternity, Vrindavan - UPPCB",0.6315,80.71886363636364
2021-10-14,"Punjabi Bagh, Delhi - DPCC",0.4195,85.42857142857143
2021-10-14,"R K Puram, Delhi - DPCC",0.4775,73.26315789473684
2021-10-14,"Rohini, Delhi - DPCC",0.3745,79.14814814814815
2021-10-14,"Sanjay Nagar, Ghaziabad - UPPCB",0.4405,84.6829268292683
2021-10-14,"Sector 11, Faridabad - HSPCB",0.541,34.99857142857143
2021-10-14,"Sector- 16A, Faridabad - HSPCB",0.5155,74.6590909090909
2021-10-14,"Shyam Nagar, Palwal - HSPCB",0.391,59.99166666666667
2021-10-14,"Sri Aurobindo Marg, Delhi - DPCC",0.4665,69.82222222222222
2021-10-14,"Vasundhara, Ghaziabad - UPPCB",0.487,87.675
2021-10-14,"Vikas Sadan, Gurugram - HSPCB",0.3315,49.804545454545455
2021-10-14,"Vivek Vihar, Delhi - DPCC",0.5135,71.82857142857142
2021-10-15,"Alipur, Delhi - DPCC",0.453,105.125
2021-10-15,"Anand Vihar, Delhi - DPCC",0.614,129.89285714285714
2021-10-15,"Ashok Vihar, Delhi - DPCC",0.462,76.875
2021-10-15,"Bawana, Delhi - DPCC",0.444,131.28571428571428
2021-10-15,"Chandni Chowk, Delhi - IITM",0.5285,56.682222222222215
2021-10-15,"Dwarka-Sector 8, Delhi - DPCC ",0.551,120.96551724137932
2021-10-15,"ITO, Delhi - CPCB",0.5915,107.65116279069767
2021-10-15,"Indirapuram, Ghaziabad - UPPCB",0.599,129.46666666666667
2021-10-15,"Jai Bhim Nagar, Meerut - UPPCB",0.3335,109.5
2021-10-15,"Knowledge Park - V, Greater Noida - UPPCB",0.53,116.45238095238095
2021-10-15,"MD University, Rohtak - HSPCB",0.6635,113.13826086956522
2021-10-15,"Major Dhyan Chand National Stadium, Delhi - DPCC",0.57,102.24
2021-10-15,"Mandir Marg, New Delhi - DPCC",0.5935,100.96774193548387
2021-10-15,"Moti Doongri, Alwar - RSPCB",0.345,43.10511627906977
2021-10-15,"Najafgarh, Delhi - DPCC",0.374,90.0
2021-10-15,"Nehru Nagar, Delhi - DPCC",0.5225,127.45454545454545
2021-10-15,"New Collectorate, Baghpat - UPPCB",0.3875,102.3695652173913
2021-10-15,New Delhi,0.5785,104.41666666666667
2021-10-15,"North Campus, DU, Delhi - IMD",0.5415,103.0225581395349
2021-10-15,"Okhla Phase-2, Delhi - DPCC",0.5475,120.64285714285714
2021-10-15,"Omex Eternity, Vrindavan - UPPCB",0.5275,108.40097560975609
2021-10-15,"Punjabi Bagh, Delhi - DPCC",0.5165,113.82352941176471
2021-10-15,"R K Puram, Delhi - DPCC",0.5175,77.89655172413794
2021-10-15,"Rohini, Delhi - DPCC",0.4855,116.25
2021-10-15,"Sanjay Nagar, Ghaziabad - UPPCB",0.4495,114.38888888888889
2021-10-15,"Sector- 16A, Faridabad - HSPCB",0.46,99.86363636363636
2021-10-15,"Shyam Nagar, Palwal - HSPCB",0.409,34.11727272727273
2021-10-15,"Sri Aurobindo Marg, Delhi - DPCC",0.4965,94.20930232558139
2021-10-15,"Vasundhara, Ghaziabad - UPPCB",0.5585,140.90243902439025
2021-10-15,"Vikas Sadan, Gurugram - HSPCB",0.453,108.5
2021-10-15,"Vivek Vihar, Delhi - DPCC",0.62,81.0
2021-10-16,"Alipur, Delhi - DPCC",1.058,214.86046511627907
2021-10-16,"Anand Vihar, Delhi - DPCC",1.58,246.53571428571428
2021-10-16,"Ashok Vihar, Delhi - DPCC",1.152,94.0
2021-10-16,"Bawana, Delhi - DPCC",0.9785,206.73333333333332
2021-10-16,"Chandni Chowk, Delhi - IITM",1.226,82.69047619047619
2021-10-16,"Dwarka-Sector 8, Delhi - DPCC ",1.415,206.76923076923077
2021-10-16,"Ganga Nagar, Meerut - UPPCB",0.4465,88.42424242424242
2021-10-16,"ITO, Delhi - CPCB",1.3925,200.40540540540542
2021-10-16,"Indirapuram, Ghaziabad - UPPCB",1.593,236.6818181818182
2021-10-16,"Jai Bhim Nagar, Meerut - UPPCB",0.461,134.30769230769232
2021-10-16,"Knowledge Park - V, Greater Noida - UPPCB",1.506,176.4390243902439
2021-10-16,"MD University, Rohtak - HSPCB",0.748,133.5451111111111
2021-10-16,"Major Dhyan Chand National Stadium, Delhi - DPCC",1.381,187.0
2021-10-16,"Mandir Marg, New Delhi - DPCC",1.437,212.9142857142857
2021-10-16,"Moti Doongri, Alwar - RSPCB",0.706,53.407111111111114
2021-10-16,"Najafgarh, Delhi - DPCC",1.025,135.7
2021-10-16,"Nehru Nagar, Delhi - DPCC",1.419,229.86363636363637
2021-10-16,"New Collectorate, Baghpat - UPPCB",1.191,253.4102564102564
2021-10-16,New Delhi,1.411,185.33333333333334
2021-10-16,"North Campus, DU, Delhi - IMD",1.234,196.9731914893617
2021-10-16,"Okhla Phase-2, Delhi - DPCC",1.094,191.04
2021-10-16,"Omex Eternity, Vrindavan - UPPCB",0.881,126.83043478260869
2021-10-16,"Punjabi Bagh, Delhi - DPCC",1.157,230.55555555555554
2021-10-16,"R K Puram, Delhi - DPCC",1.3145,76.22857142857143
2021-10-16,"Rohini, Delhi - DPCC",1.06,158.125
2021-10-16,"Sanjay Nagar, Ghaziabad - UPPCB",1.7,221.72093023255815
2021-10-16,"Sector 11, Faridabad - HSPCB",1.3545,255.38666666666666
2021-10-16,"Sector- 16A, Faridabad - HSPCB",1.307,201.175
2021-10-16,"Shyam Nagar, Palwal - HSPCB",1.049,37.000454545454545
2021-10-16,"Sri Aurobindo Marg, Delhi - DPCC",0.904,172.5952380952381
2021-10-16,"Vasundhara, Ghaziabad - UPPCB",1.404,253.64285714285714
2021-10-16,"Vikas Sadan, Gurugram - HSPCB",1.0675,159.22926829268292
2021-10-19,"Alipur, Delhi - DPCC",0.445,72.64
2021-10-19,"Anand Vihar, Delhi - DPCC",0.5405,77.66666666666667
2021-10-19,"Ashok Vihar, Delhi - DPCC",0.476,49.26315789473684
2021-10-19,"Bawana, Delhi - DPCC",0.3575,91.02173913043478
2021-10-19,"Dwarka-Sector 8, Delhi - DPCC ",0.522,71.52
2021-10-19,"Ganga Nagar, Meerut - UPPCB",0.547,78.45454545454545
2021-10-19,"ITO, Delhi - CPCB",0.539,75.95348837209302
2021-10-19,"Indirapuram, Ghaziabad - UPPCB",0.5245,75.88636363636364
2021-10-19,"Jai Bhim Nagar, Meerut - UPPCB",0.596,74.5
2021-10-19,"Knowledge Park - V, Greater Noida - UPPCB",0.678,81.475
2021-10-19,"MD University, Rohtak - HSPCB",0.593,79.6025
2021-10-19,"Major Dhyan Chand National Stadium, Delhi - DPCC",0.4755,69.76
2021-10-19,"Mandir Marg, New Delhi - DPCC",0.553,83.8125
2021-10-19,"Moti Doongri, Alwar - RSPCB",0.2665,34.47695652173913
2021-10-19,"Najafgarh, Delhi - DPCC",0.3605,56.10526315789474
2021-10-19,"Nehru Nagar, Delhi - DPCC",0.477,77.10714285714286
2021-10-19,"New Collectorate, Baghpat - UPPCB",0.47,76.25581395348837
2021-10-19,New Delhi,0.546,70.91666666666667
2021-10-19,"North Campus, DU, Delhi - IMD",0.503,71.81085106382979
2021-10-19,"Okhla Phase-2, Delhi - DPCC",0.5145,82.9
2021-10-19,"Punjabi Bagh, Delhi - DPCC",0.484,82.3529411764706
2021-10-19,"R K Puram, Delhi - DPCC",0.4885,30.0625
2021-10-19,"Rohini, Delhi - DPCC",0.439,83.22727272727273
2021-10-19,"Sanjay Nagar, Ghaziabad - UPPCB",0.534,103.97619047619048
2021-10-19,"Sector 11, Faridabad - HSPCB",0.4235,88.60714285714286
2021-10-19,"Sector- 16A, Faridabad - HSPCB",0.479,67.6
2021-10-19,"Shyam Nagar, Palwal - HSPCB",0.3475,29.91933333333333
2021-10-19,"Sri Aurobindo Marg, Delhi - DPCC",0.452,68.89473684210526
2021-10-19,"Vasundhara, Ghaziabad - UPPCB",0.536,91.22222222222223
2021-10-19,"Vikas Sadan, Gurugram - HSPCB",0.3475,11.928571428571429
2021-10-19,"Vivek Vihar, Delhi - DPCC",0.541,47.214285714285715
2021-10-20,"Alipur, Delhi - DPCC",0.7335,109.04347826086956
2021-10-20,"Anand Vihar, Delhi - DPCC",0.8635,122.4
2021-10-20,"Ashok Vihar, Delhi - DPCC",0.7945,80.41666666666667
2021-10-20,"Bawana, Delhi - DPCC",0.752,128.9777777777778
2021-10-20,"Chandni Chowk, Delhi - IITM",0.8515,71.0060606060606
2021-10-20,"Dwarka-Sector 8, Delhi - DPCC ",0.8865,105.875
2021-10-20,"Ganga Nagar, Meerut - UPPCB",0.8715,115.31111111111112
2021-10-20,"ITO, Delhi - CPCB",0.928,99.65
2021-10-20,"Indirapuram, Ghaziabad - UPPCB",0.806,118.88372093023256
2021-10-20,"Jai Bhim Nagar, Meerut - UPPCB",0.8815,117.6590909090909
2021-10-20,"Knowledge Park - V, Greater Noida - UPPCB",0.909,106.4186046511628
2021-10-20,"MD University, Rohtak - HSPCB",0.833,94.48911111111111
2021-10-20,"Major Dhyan Chand National Stadium, Delhi - DPCC",0.868,94.2
2021-10-20,"Mandir Marg, New Delhi - DPCC",0.8485,95.34482758620689
2021-10-20,"Moti Doongri, Alwar - RSPCB",0.5245,42.229285714285716
2021-10-20,"Najafgarh, Delhi - DPCC",0.7825,78.725
2021-10-20,"Nehru Nagar, Delhi - DPCC",0.865,101.63157894736842
2021-10-20,"New Collectorate, Baghpat - UPPCB",0.717,104.35135135135135
2021-10-20,New Delhi,0.8825,95.54166666666667
2021-10-20,"North Campus, DU, Delhi - IMD",0.969,90.44844444444445
2021-10-20,"Okhla Phase-2, Delhi - DPCC",0.864,91.33333333333333
2021-10-20,"Omex Eternity, Vrindavan - UPPCB",1.1385,82.49095238095238
2021-10-20,"Punjabi Bagh, Delhi - DPCC",0.8645,111.4375
2021-10-20,"R K Puram, Delhi - DPCC",0.8305,40.36363636363637
2021-10-20,"Rohini, Delhi - DPCC",0.7975,108.375
2021-10-20,"Sanjay Nagar, Ghaziabad - UPPCB",0.8475,147.82926829268294
2021-10-20,"Sector 11, Faridabad - HSPCB",0.9305,154.2244
2021-10-20,"Sector- 16A, Faridabad - HSPCB",0.903,97.46666666666667
2021-10-20,"Shyam Nagar, Palwal - HSPCB",0.979,30.13413043478261
2021-10-20,"Sri Aurobindo Marg, Delhi - DPCC",0.809,80.08888888888889
2021-10-20,"Vasundhara, Ghaziabad - UPPCB",0.7895,117.58974358974359
2021-10-20,"Vikas Sadan, Gurugram - HSPCB",0.842,89.15833333333335
2021-10-20,"Vivek Vihar, Delhi - DPCC",0.811,70.9
2021-10-21,"Alipur, Delhi - DPCC",0.2705,82.8695652173913
2021-10-21,"Anand Vihar, Delhi - DPCC",0.3255,83.0625
2021-10-21,"Ashok Vihar, Delhi - DPCC",0.297,55.44444444444444
2021-10-21,"Bawana, Delhi - DPCC",0.257,99.26315789473684
2021-10-21,"Chandni Chowk, Delhi - IITM",0.2905,38.97096774193548
2021-10-21,"Dwarka-Sector 8, Delhi - DPCC ",0.289,65.45833333333333
2021-10-21,"Ganga Nagar, Meerut - UPPCB",0.7745,107.66666666666667
2021-10-21,"ITO, Delhi - CPCB",0.2855,47.8235294117647
2021-10-21,"Indirapuram, Ghaziabad - UPPCB",0.314,83.26829268292683
2021-10-21,"Jai Bhim Nagar, Meerut - UPPCB",0.671,119.47058823529412
2021-10-21,"Knowledge Park - V, Greater Noida - UPPCB",0.3175,55.13953488372093
2021-10-21,"MD University, Rohtak - HSPCB",0.4295,99.06675675675675
2021-10-21,"Major Dhyan Chand National Stadium, Delhi - DPCC",0.304,58.95652173913044
2021-10-21,"Mandir Marg, New Delhi - DPCC",0.275,69.03225806451613
2021-10-21,"Moti Doongri, Alwar - RSPCB",0.283,36.724583333333335
2021-10-21,"Najafgarh, Delhi - DPCC",0.231,45.270270270270274
2021-10-21,"Nehru Nagar, Delhi - DPCC",0.286,62.625
2021-10-21,"New Collectorate, Baghpat - UPPCB",0.3225,71.88095238095238
2021-10-21,New Delhi,0.2805,57.916666666666664
2021-10-21,"North Campus, DU, Delhi - IMD",0.295,66.57214285714286
2021-10-21,"Okhla Phase-2, Delhi - DPCC",0.324,56.26086956521739
2021-10-21,"Omex Eternity, Vrindavan - UPPCB",0.334,34.640277777777776
2021-10-21,"Punjabi Bagh, Delhi - DPCC",0.2975,75.78787878787878
2021-10-21,"R K Puram, Delhi - DPCC",0.274,46.96875
2021-10-21,"Rohini, Delhi - DPCC",0.308,85.17391304347827
2021-10-21,"Sanjay Nagar, Ghaziabad - UPPCB",0.354,109.375
2021-10-21,"Sector 11, Faridabad - HSPCB",0.2705,145.7190625
2021-10-21,"Sector- 16A, Faridabad - HSPCB",0.304,51.54054054054054
2021-10-21,"Shyam Nagar, Palwal - HSPCB",0.2445,30.09258064516129
2021-10-21,"Sri Aurobindo Marg, Delhi - DPCC",0.2685,46.91891891891892
2021-10-21,"Vasundhara, Ghaziabad - UPPCB",0.3545,78.46153846153847
2021-10-21,"Vikas Sadan, Gurugram - HSPCB",0.2705,18.400000000000002
2021-10-21,"Vivek Vihar, Delhi - DPCC",0.3335,68.25714285714285
2021-10-22,"Alipur, Delhi - DPCC",0.378,66.20833333333333
2021-10-22,"Anand Vihar, Delhi - DPCC",0.414,84.81818181818181
2021-10-22,"Ashok Vihar, Delhi - DPCC",0.346,34.0
2021-10-22,"Bawana, Delhi - DPCC",0.3445,80.20930232558139
2021-10-22,"Chandni Chowk, Delhi - IITM",0.4335,50.48809523809524
2021-10-22,"Dwarka-Sector 8, Delhi - DPCC ",0.375,61.17391304347826
2021-10-22,"Ganga Nagar, Meerut - UPPCB",0.329,73.28571428571429
2021-10-22,"ITO, Delhi - CPCB",0.3885,61.0
2021-10-22,"Indirapuram, Ghaziabad - UPPCB",0.415,78.27777777777777
2021-10-22,"Jai Bhim Nagar, Meerut - UPPCB",0.3335,62.125
2021-10-22,"Knowledge Park - V, Greater Noida - UPPCB",0.363,70.51282051282051
2021-10-22,"MD University, Rohtak - HSPCB",0.4735,76.91358974358975
2021-10-22,"Major Dhyan Chand National Stadium, Delhi - DPCC",0.3525,52.25
2021-10-22,"Mandir Marg, New Delhi - DPCC",0.3835,55.96666666666667
2021-10-22,"Moti Doongri, Alwar - RSPCB",0.268,36.82875
2021-10-22,"Najafgarh, Delhi - DPCC",0.278,47.94871794871795
2021-10-22,"Nehru Nagar, Delhi - DPCC",0.343,72.44
2021-10-22,"New Collectorate, Baghpat - UPPCB",0.304,57.525
2021-10-22,New Delhi,0.411,45.25
2021-10-22,"North Campus, DU, Delhi - IMD",0.4435,66.53146341463415
2021-10-22,"Okhla Phase-2, Delhi - DPCC",0.417,54.416666666666664
2021-10-22,"Omex Eternity, Vrindavan - UPPCB",0.458,46.96340909090909
2021-10-22,"Punjabi Bagh, Delhi - DPCC",0.3705,69.48275862068965
2021-10-22,"R K Puram, Delhi - DPCC",0.3255,38.5625
2021-10-22,"Rohini, Delhi - DPCC",0.38,74.125
2021-10-22,"Sanjay Nagar, Ghaziabad - UPPCB",0.465,126.38888888888889
2021-10-22,"Sector 11, Faridabad - HSPCB",0.358,64.86272727272727
2021-10-22,"Sector- 16A, Faridabad - HSPCB",0.371,52.27272727272727
2021-10-22,"Shyam Nagar, Palwal - HSPCB",0.348,47.51851851851852
2021-10-22,"Sri Aurobindo Marg, Delhi - DPCC",0.3385,39.674418604651166
2021-10-22,"Vasundhara, Ghaziabad - UPPCB",0.4075,77.78947368421052
2021-10-22,"Vikas Sadan, Gurugram - HSPCB",0.3285,31.78620689655172
2021-10-22,"Vivek Vihar, Delhi - DPCC",0.409,39.95238095238095
2021-10-23,"Alipur, Delhi - DPCC",0.249,82.25
2021-10-23,"Anand Vihar, Delhi - DPCC",0.4015,75.93333333333334
2021-10-23,"Ashok Vihar, Delhi - DPCC",0.3585,52.1
2021-10-23,"Bawana, Delhi - DPCC",0.277,71.375
2021-10-23,"Chandni Chowk, Delhi - IITM",0.3225,42.84318181818182
2021-10-23,"Dwarka-Sector 8, Delhi - DPCC ",0.326,56.0
2021-10-23,"Ganga Nagar, Meerut - UPPCB",0.49,81.53658536585365
2021-10-23,"ITO, Delhi - CPCB",0.292,69.51282051282051
2021-10-23,"Indirapuram, Ghaziabad - UPPCB",0.382,64.81395348837209
2021-10-23,"Jai Bhim Nagar, Meerut - UPPCB",0.4155,77.73529411764706
2021-10-23,"Knowledge Park - V, Greater Noida - UPPCB",0.482,88.04878048780488
2021-10-23,"MD University, Rohtak - HSPCB",0.423,66.92155555555556
2021-10-23,"Major Dhyan Chand National Stadium, Delhi - DPCC",0.285,66.5
2021-10-23,"Mandir Marg, New Delhi - DPCC",0.2875,63.93333333333333
2021-10-23,"Moti Doongri, Alwar - RSPCB",0.606,44.374583333333334
2021-10-23,"Najafgarh, Delhi - DPCC",0.2775,47.175
2021-10-23,"Nehru Nagar, Delhi - DPCC",0.3,84.95238095238095
2021-10-23,"New Collectorate, Baghpat - UPPCB",0.2965,89.7948717948718
2021-10-23,New Delhi,0.2975,53.041666666666664
2021-10-23,"North Campus, DU, Delhi - IMD",0.2875,63.59195652173913
2021-10-23,"Okhla Phase-2, Delhi - DPCC",0.345,74.75
2021-10-23,"Omex Eternity, Vrindavan - UPPCB",0.5645,74.94102564102563
2021-10-23,"Punjabi Bagh, Delhi - DPCC",0.319,65.20588235294117
2021-10-23,"R K Puram, Delhi - DPCC",0.2965,25.606060606060606
2021-10-23,"Rohini, Delhi - DPCC",0.3555,59.458333333333336
2021-10-23,"Sanjay Nagar, Ghaziabad - UPPCB",0.497,103.6046511627907
2021-10-23,"Sector 11, Faridabad - HSPCB",0.331,2.6677777777777774
2021-10-23,"Sector- 16A, Faridabad - HSPCB",0.3055,79.71794871794872
2021-10-23,"Shyam Nagar, Palwal - HSPCB",0.318,49.21375
2021-10-23,"Sri Aurobindo Marg, Delhi - DPCC",0.301,53.26829268292683
2021-10-23,"Vasundhara, Ghaziabad - UPPCB",0.456,74.17073170731707
2021-10-23,"Vikas Sadan, Gurugram - HSPCB",0.3265,30.013157894736842
2021-10-23,"Vivek Vihar, Delhi - DPCC",0.3965,46.095238095238095
2021-10-24,"Alipur, Delhi - DPCC",1.851,66.45833333333333
2021-10-24,"Anand Vihar, Delhi - DPCC",1.663,35.5
2021-10-24,"Ashok Vihar, Delhi - DPCC",1.331,80.4
2021-10-24,"Chandni Chowk, Delhi - IITM",1.345,32.21860465116279
2021-10-24,"Dwarka-Sector 8, Delhi - DPCC ",1.286,47.52173913043478
2021-10-24,"Ganga Nagar, Meerut - UPPCB",1.755,44.06060606060606
2021-10-24,"ITO, Delhi - CPCB",1.351,66.27586206896552
2021-10-24,"Indirapuram, Ghaziabad - UPPCB",1.66,53.861111111111114
2021-10-24,"Jai Bhim Nagar, Meerut - UPPCB",1.638,35.15625
2021-10-24,"MD University, Rohtak - HSPCB",1.299,64.15190476190476
2021-10-24,"Major Dhyan Chand National Stadium, Delhi - DPCC",1.342,50.76
2021-10-24,"Mandir Marg, New Delhi - DPCC",1.269,58.21212121212121
2021-10-24,"Moti Doongri, Alwar - RSPCB",0.574,38.7644
2021-10-24,"Nehru Nagar, Delhi - DPCC",1.333,59.75
2021-10-24,New Delhi,1.349,50.333333333333336
2021-10-24,"North Campus, DU, Delhi - IMD",1.203,69.98238095238095
2021-10-24,"Omex Eternity, Vrindavan - UPPCB",1.1385,63.994883720930225
2021-10-24,"R K Puram, Delhi - DPCC",1.098,17.24137931034483
2021-10-24,"Sanjay Nagar, Ghaziabad - UPPCB",1.736,57.63157894736842
2021-10-24,"Sector- 16A, Faridabad - HSPCB",1.376,50.55263157894737
2021-10-24,"Shyam Nagar, Palwal - HSPCB",0.907,50.47875
2021-10-24,"Sri Aurobindo Marg, Delhi - DPCC",1.01,48.72093023255814
2021-10-24,"Vasundhara, Ghaziabad - UPPCB",1.641,74.95833333333333
2021-10-24,"Vikas Sadan, Gurugram - HSPCB",1.054,22.676923076923078
2021-10-24,"Vivek Vihar, Delhi - DPCC",1.691,62.875
2021-10-25,"Alipur, Delhi - DPCC",0.518,48.458333333333336
2021-10-25,"Anand Vihar, Delhi - DPCC",0.62,64.625
2021-10-25,"Ashok Vihar, Delhi - DPCC",0.578,53.72222222222222
2021-10-25,"Bawana, Delhi - DPCC",0.452,77.53658536585365
2021-10-25,"Chandni Chowk, Delhi - IITM",0.609,65.06818181818181
2021-10-25,"Dwarka-Sector 8, Delhi - DPCC ",0.6225,60.95652173913044
2021-10-25,"Ganga Nagar, Meerut - UPPCB",0.337,54.91111111111111
2021-10-25,"ITO, Delhi - CPCB",0.5945,64.48648648648648
2021-10-25,"Indirapuram, Ghaziabad - UPPCB",0.593,66.36111111111111
2021-10-25,"Jai Bhim Nagar, Meerut - UPPCB",0.4115,59.8125
2021-10-25,"Knowledge Park - V, Greater Noida - UPPCB",0.54,64.09302325581395
2021-10-25,"MD University, Rohtak - HSPCB",0.6745,51.71380952380952
2021-10-25,"Major Dhyan Chand National Stadium, Delhi - DPCC",0.5975,54.56
2021-10-25,"Mandir Marg, New Delhi - DPCC",0.5905,60.12903225806452
2021-10-25,"Moti Doongri, Alwar - RSPCB",0.643,39.28173913043479
2021-10-25,"Najafgarh, Delhi - DPCC",0.521,40.05128205128205
2021-10-25,"Nehru Nagar, Delhi - DPCC",0.613,63.82608695652174
2021-10-25,"New Collectorate, Baghpat - UPPCB",0.482,75.05128205128206
2021-10-25,New Delhi,0.637,53.166666666666664
2021-10-25,"North Campus, DU, Delhi - IMD",0.5925,47.962
2021-10-25,"Okhla Phase-2, Delhi - DPCC",0.6405,32.63636363636363
2021-10-25,"Omex Eternity, Vrindavan - UPPCB",0.868,78.69418604651163
2021-10-25,"Punjabi Bagh, Delhi - DPCC",0.527,61.90909090909091
2021-10-25,"R K Puram, Delhi - DPCC",0.569,43.310344827586206
2021-10-25,"Rohini, Delhi - DPCC",0.558,66.42105263157895
2021-10-25,"Sanjay Nagar, Ghaziabad - UPPCB",0.522,69.225
2021-10-25,"Sector 11, Faridabad - HSPCB",0.7035,63.4025
2021-10-25,"Sector- 16A, Faridabad - HSPCB",0.656,53.851851851851855
2021-10-25,"Shyam Nagar, Palwal - HSPCB",0.6615,49.96351351351352
2021-10-25,"Sri Aurobindo Marg, Delhi - DPCC",0.544,41.7906976744186
2021-10-25,"Vasundhara, Ghaziabad - UPPCB",0.599,86.41379310344827
2021-10-25,"Vikas Sadan, Gurugram - HSPCB",0.629,20.00294117647059
2021-10-25,"Vivek Vihar, Delhi - DPCC",0.599,52.785714285714285
2021-10-26,"Alipur, Delhi - DPCC",0.49,91.37837837837837
2021-10-26,"Anand Vihar, Delhi - DPCC",0.585,84.52
2021-10-26,"Ashok Vihar, Delhi - DPCC",0.5235,52.0625
2021-10-26,"Bawana, Delhi - DPCC",0.5245,112.8048780487805
2021-10-26,"Burari Crossing, New Delhi - IMD",0.5505,98.59526315789473
2021-10-26,"Chandni Chowk, Delhi - IITM",0.518,70.83095238095238
2021-10-26,"Dwarka-Sector 8, Delhi - DPCC ",0.606,101.47826086956522
2021-10-26,"Ganga Nagar, Meerut - UPPCB",0.383,86.97297297297297
2021-10-26,"ITO, Delhi - CPCB",0.542,89.2
2021-10-26,"Indirapuram, Ghaziabad - UPPCB",0.557,102.04651162790698
2021-10-26,"Jai Bhim Nagar, Meerut - UPPCB",0.434,56.964285714285715
2021-10-26,"Knowledge Park - V, Greater Noida - UPPCB",0.548,89.6842105263158
2021-10-26,"MD University, Rohtak - HSPCB",0.734,93.22941176470589
2021-10-26,"Major Dhyan Chand National Stadium, Delhi - DPCC",0.547,76.21739130434783
2021-10-26,"Mandir Marg, New Delhi - DPCC",0.5265,79.95652173913044
2021-10-26,"Moti Doongri, Alwar - RSPCB",0.621,35.146206896551725
2021-10-26,"Najafgarh, Delhi - DPCC",0.536,57.42857142857143
2021-10-26,"Nehru Nagar, Delhi - DPCC",0.579,89.95238095238095
2021-10-26,"New Collectorate, Baghpat - UPPCB",0.447,75.04878048780488
2021-10-26,New Delhi,0.5785,73.625
2021-10-26,"North Campus, DU, Delhi - IMD",0.615,76.65758620689655
2021-10-26,"Okhla Phase-2, Delhi - DPCC",0.6145,81.15789473684211
2021-10-26,"Omex Eternity, Vrindavan - UPPCB",0.565,80.89926829268292
2021-10-26,"Punjabi Bagh, Delhi - DPCC",0.6005,87.96296296296296
2021-10-26,"R K Puram, Delhi - DPCC",0.6015,59.44444444444444
2021-10-26,"Rohini, Delhi - DPCC",0.4915,84.71428571428571
2021-10-26,"Sanjay Nagar, Ghaziabad - UPPCB",0.4845,99.0
2021-10-26,"Sector 11, Faridabad - HSPCB",0.517,111.22166666666666
2021-10-26,"Sector- 16A, Faridabad - HSPCB",0.5145,82.70731707317073
2021-10-26,"Shyam Nagar, Palwal - HSPCB",0.71,55.84297297297297
2021-10-26,"Sri Aurobindo Marg, Delhi - DPCC",0.5315,70.46153846153847
2021-10-26,"Vasundhara, Ghaziabad - UPPCB",0.562,102.09756097560975
2021-10-26,"Vikas Sadan, Gurugram - HSPCB",0.556,19.637931034482758
2021-10-26,"Vivek Vihar, Delhi - DPCC",0.5675,57.54545454545455
2021-10-27,"Alipur, Delhi - DPCC",1.0515,112.09677419354838
2021-10-27,"Anand Vihar, Delhi - DPCC",1.0745,125.88461538461539
2021-10-27,"Ashok Vihar, Delhi - DPCC",1.093,74.28571428571429
2021-10-27,"Bawana, Delhi - DPCC",1.1065,143.875
2021-10-27,"Burari Crossing, New Delhi - IMD",0.719,73.52829268292683
2021-10-27,"Chandni Chowk, Delhi - IITM",1.053,56.540909090909096
2021-10-27,"Dwarka-Sector 8, Delhi - DPCC ",1.095,117.29166666666667
2021-10-27,"Ganga Nagar, Meerut - UPPCB",0.6725,139.64285714285714
2021-10-27,"ITO, Delhi - CPCB",1.0255,133.14285714285714
2021-10-27,"Indirapuram, Ghaziabad - UPPCB",1.066,138.4878048780488
2021-10-27,"Jai Bhim Nagar, Meerut - UPPCB",0.75,137.96428571428572
2021-10-27,"Knowledge Park - V, Greater Noida - UPPCB",1.048,129.72340425531914
2021-10-27,"MD University, Rohtak - HSPCB",1.045,106.42139534883721
2021-10-27,"Major Dhyan Chand National Stadium, Delhi - DPCC",1.068,116.28
2021-10-27,"Mandir Marg, New Delhi - DPCC",1.056,120.4375
2021-10-27,"Moti Doongri, Alwar - RSPCB",0.537,51.64
2021-10-27,"Najafgarh, Delhi - DPCC",0.9975,88.47826086956522
2021-10-27,"Nehru Nagar, Delhi - DPCC",1.215,142.24
2021-10-27,"New Collectorate, Baghpat - UPPCB",0.769,129.77272727272728
2021-10-27,New Delhi,1.061,121.16666666666667
2021-10-27,"North Campus, DU, Delhi - IMD",1.122,115.58521739130435
2021-10-27,"Okhla Phase-2, Delhi - DPCC",1.0205,115.75
2021-10-27,"Omex Eternity, Vrindavan - UPPCB",1.01,131.24605263157895
2021-10-27,"Punjabi Bagh, Delhi - DPCC",1.154,136.72727272727272
2021-10-27,"R K Puram, Delhi - DPCC",0.9985,72.1
2021-10-27,"Rohini, Delhi - DPCC",1.153,128.77272727272728
2021-10-27,"Sanjay Nagar, Ghaziabad - UPPCB",1.102,142.48888888888888
2021-10-27,"Sector 11, Faridabad - HSPCB",1.0825,155.8951612903226
2021-10-27,"Sector- 16A, Faridabad - HSPCB",1.0545,110.2051282051282
2021-10-27,"Shyam Nagar, Palwal - HSPCB",0.856,34.80241379310345
2021-10-27,"Sri Aurobindo Marg, Delhi - DPCC",0.9725,100.19047619047619
2021-10-27,"Vasundhara, Ghaziabad - UPPCB",1.072,142.21428571428572
2021-10-27,"Vikas Sadan, Gurugram - HSPCB",1.065,21.87222222222222
2021-10-27,"Vivek Vihar, Delhi - DPCC",1.0955,68.0
2021-10-28,"Alipur, Delhi - DPCC",0.5195,140.74285714285713
2021-10-28,"Anand Vihar, Delhi - DPCC",0.699,135.20833333333334
2021-10-28,"Ashok Vihar, Delhi - DPCC",0.6875,71.5
2021-10-28,"Bawana, Delhi - DPCC",0.7165,169.1627906976744
2021-10-28,"Burari Crossing, New Delhi - IMD",0.682,49.58615384615384
2021-10-28,"Chandni Chowk, Delhi - IITM",0.7625,107.41190476190476
2021-10-28,"Dwarka-Sector 8, Delhi - DPCC ",0.857,139.56521739130434
2021-10-28,"Ganga Nagar, Meerut - UPPCB",0.5445,126.90697674418605
2021-10-28,"ITO, Delhi - CPCB",0.717,98.67647058823529
2021-10-28,"Indirapuram, Ghaziabad - UPPCB",0.6375,143.8409090909091
2021-10-28,"Jai Bhim Nagar, Meerut - UPPCB",0.5405,107.75
2021-10-28,"Knowledge Park - V, Greater Noida - UPPCB",0.719,135.4090909090909
2021-10-28,"MD University, Rohtak - HSPCB",0.8965,128.4858139534884
2021-10-28,"Major Dhyan Chand National Stadium, Delhi - DPCC",0.7125,119.22222222222223
2021-10-28,"Mandir Marg, New Delhi - DPCC",0.7175,122.90625
2021-10-28,"Moti Doongri, Alwar - RSPCB",0.631,51.170869565217394
2021-10-28,"Najafgarh, Delhi - DPCC",0.76,119.57142857142857
2021-10-28,"Nehru Nagar, Delhi - DPCC",0.7175,135.13636363636363
2021-10-28,"New Collectorate, Baghpat - UPPCB",0.513,135.97727272727272
2021-10-28,New Delhi,0.8025,123.66666666666667
2021-10-28,"North Campus, DU, Delhi - IMD",0.7465,113.94357142857143
2021-10-28,"Okhla Phase-2, Delhi - DPCC",0.7535,126.81481481481481
2021-10-28,"Omex Eternity, Vrindavan - UPPCB",0.9245,110.5375
2021-10-28,"Punjabi Bagh, Delhi - DPCC",0.763,154.93548387096774
2021-10-28,"R K Puram, Delhi - DPCC",0.8105,47.1764705882353
2021-10-28,"Rohini, Delhi - DPCC",0.691,141.95238095238096
2021-10-28,"Sanjay Nagar, Ghaziabad - UPPCB",0.56,162.97619047619048
2021-10-28,"Sector 11, Faridabad - HSPCB",0.7525,163.61925
2021-10-28,"Sector- 16A, Faridabad - HSPCB",0.7275,121.79545454545455
2021-10-28,"Shyam Nagar, Palwal - HSPCB",0.78,41.55676470588236
2021-10-28,"Sri Aurobindo Marg, Delhi - DPCC",0.7315,111.52631578947368
2021-10-28,"Vasundhara, Ghaziabad - UPPCB",0.657,148.2
2021-10-28,"Vikas Sadan, Gurugram - HSPCB",0.7735,88.5939393939394
2021-10-28,"Vivek Vihar, Delhi - DPCC",0.6455,67.0
2021-10-29,"Indirapuram, Ghaziabad - UPPCB",0.7495,207.0
2021-10-29,"Knowledge Park - V, Greater Noida - UPPCB",0.77,155.0
2021-10-29,"Moti Doongri, Alwar - RSPCB",0.78,53.94
2021-10-29,"New Collectorate, Baghpat - UPPCB",0.847,196.0
2021-10-29,New Delhi,0.864,156.0
2021-10-29,"North Campus, DU, Delhi - IMD",0.9895,192.82
2021-10-29,"Sanjay Nagar, Ghaziabad - UPPCB",0.8295,266.0
2021-10-29,"Sector- 16A, Faridabad - HSPCB",0.9355,167.0
2021-10-29,"Vasundhara, Ghaziabad - UPPCB",0.709,217.0
2021-10-30,"Alipur, Delhi - DPCC",0.374,154.58695652173913
2021-10-30,"Anand Vihar, Delhi - DPCC",0.4105,140.0
2021-10-30,"Ashok Vihar, Delhi - DPCC",0.3835,52.25
2021-10-30,"Bawana, Delhi - DPCC",0.345,153.25
2021-10-30,"Burari Crossing, New Delhi - IMD",0.358,50.809000000000005
2021-10-30,"Chandni Chowk, Delhi - IITM",0.4175,107.07209302325582
2021-10-30,"Dwarka-Sector 8, Delhi - DPCC ",0.5915,133.3913043478261
2021-10-30,"Ganga Nagar, Meerut - UPPCB",0.334,140.45454545454547
2021-10-30,"ITO, Delhi - CPCB",0.3905,129.57894736842104
2021-10-30,"Indirapuram, Ghaziabad - UPPCB",0.429,149.8780487804878
2021-10-30,"Jai Bhim Nagar, Meerut - UPPCB",0.3625,139.4
2021-10-30,"Knowledge Park - V, Greater Noida - UPPCB",0.451,141.95555555555555
2021-10-30,"MD University, Rohtak - HSPCB",0.547,124.9206976744186
2021-10-30,"Major Dhyan Chand National Stadium, Delhi - DPCC",0.4215,125.1304347826087
2021-10-30,"Mandir Marg, New Delhi - DPCC",0.413,128.94285714285715
2021-10-30,"Moti Doongri, Alwar - RSPCB",1.333,61.771875
2021-10-30,"Najafgarh, Delhi - DPCC",0.532,106.1590909090909
2021-10-30,"Nehru Nagar, Delhi - DPCC",0.4455,131.56
2021-10-30,"New Collectorate, Baghpat - UPPCB",0.3205,157.93478260869566
2021-10-30,New Delhi,0.436,122.78260869565217
2021-10-30,"North Campus, DU, Delhi - IMD",0.416,134.38666666666666
2021-10-30,"Okhla Phase-2, Delhi - DPCC",0.4985,120.28
2021-10-30,"Omex Eternity, Vrindavan - UPPCB",0.9095,137.83386363636362
2021-10-30,"Punjabi Bagh, Delhi - DPCC",0.4345,142.3
2021-10-30,"R K Puram, Delhi - DPCC",0.5015,36.85294117647059
2021-10-30,"Rohini, Delhi - DPCC",0.3995,114.61111111111111
2021-10-30,"Sanjay Nagar, Ghaziabad - UPPCB",0.3655,187.21951219512195
2021-10-30,"Sector 11, Faridabad - HSPCB",0.489,77.54894736842105
2021-10-30,"Sector- 16A, Faridabad - HSPCB",0.5,116.67441860465117
2021-10-30,"Shyam Nagar, Palwal - HSPCB",0.544,30.651612903225807
2021-10-30,"Sri Aurobindo Marg, Delhi - DPCC",0.4945,92.58064516129032
2021-10-30,"Vasundhara, Ghaziabad - UPPCB",0.458,150.3181818181818
2021-10-30,"Vikas Sadan, Gurugram - HSPCB",0.674,122.58285714285714
2021-10-31,"Alipur, Delhi - DPCC",0.782,155.275
2021-10-31,"Anand Vihar, Delhi - DPCC",0.8515,129.8695652173913
2021-10-31,"Ashok Vihar, Delhi - DPCC",0.806,76.375
2021-10-31,"Bawana, Delhi - DPCC",0.8145,150.26666666666668
2021-10-31,"Burari Crossing, New Delhi - IMD",0.922,91.20125
2021-10-31,"Chandni Chowk, Delhi - IITM",0.8075,57.82619047619047
2021-10-31,"Dwarka-Sector 8, Delhi - DPCC ",0.794,133.08
2021-10-31,"Ganga Nagar, Meerut - UPPCB",1.035,191.6
2021-10-31,"ITO, Delhi - CPCB",0.826,124.57894736842105
2021-10-31,"Indirapuram, Ghaziabad - UPPCB",0.8755,167.3181818181818
2021-10-31,"Jai Bhim Nagar, Meerut - UPPCB",1.0865,186.74418604651163
2021-10-31,"Knowledge Park - V, Greater Noida - UPPCB",0.858,161.86363636363637
2021-10-31,"MD University, Rohtak - HSPCB",0.794,113.8660465116279
2021-10-31,"Major Dhyan Chand National Stadium, Delhi - DPCC",0.801,120.47826086956522
2021-10-31,"Mandir Marg, New Delhi - DPCC",0.817,105.35483870967742
2021-10-31,"Moti Doongri, Alwar - RSPCB",0.5955,49.20885714285714
2021-10-31,"Najafgarh, Delhi - DPCC",0.684,90.51351351351352
2021-10-31,"Nehru Nagar, Delhi - DPCC",0.8315,162.07692307692307
2021-10-31,"New Collectorate, Baghpat - UPPCB",0.8385,156.9090909090909
2021-10-31,New Delhi,0.828,107.91666666666667
2021-10-31,"North Campus, DU, Delhi - IMD",0.8125,129.79586956521737
2021-10-31,"Okhla Phase-2, Delhi - DPCC",0.807,127.125
2021-10-31,"Omex Eternity, Vrindavan - UPPCB",1.011,144.26422222222223
2021-10-31,"Punjabi Bagh, Delhi - DPCC",0.8095,148.4516129032258
2021-10-31,"R K Puram, Delhi - DPCC",0.77,59.93333333333333
2021-10-31,"Rohini, Delhi - DPCC",0.8295,115.73333333333333
2021-10-31,"Sanjay Nagar, Ghaziabad - UPPCB",0.862,184.2093023255814
2021-10-31,"Sector- 16A, Faridabad - HSPCB",0.699,165.61904761904762
2021-10-31,"Shyam Nagar, Palwal - HSPCB",0.6535,28.823214285714283
2021-10-31,"Sri Aurobindo Marg, Delhi - DPCC",0.826,105.04545454545455
2021-10-31,"Vasundhara, Ghaziabad - UPPCB",0.9065,184.33333333333334
2021-10-31,"Vikas Sadan, Gurugram - HSPCB",0.7385,137.6921052631579
2021-10-31,"Vivek Vihar, Delhi - DPCC",0.928,99.5
2021-11-01,"Alipur, Delhi - DPCC",1.277,185.41304347826087
2021-11-01,"Anand Vihar, Delhi - DPCC",1.3035,116.03846153846153
2021-11-01,"Ashok Vihar, Delhi - DPCC",1.334,137.42307692307693
2021-11-01,"Bawana, Delhi - DPCC",1.0225,185.04651162790697
2021-11-01,"Burari Crossing, New Delhi - IMD",1.313,106.96113636363636
2021-11-01,"Chandni Chowk, Delhi - IITM",1.1575,55.88809523809524
2021-11-01,"Dwarka-Sector 8, Delhi - DPCC ",0.802,119.29166666666667
2021-11-01,"Ganga Nagar, Meerut - UPPCB",0.8935,153.21951219512195
2021-11-01,"ITO, Delhi - CPCB",1.1425,177.2608695652174
2021-11-01,"Indirapuram, Ghaziabad - UPPCB",1.3265,147.53488372093022
2021-11-01,"Jai Bhim Nagar, Meerut - UPPCB",0.9045,157.87179487179486
2021-11-01,"Knowledge Park - V, Greater Noida - UPPCB",1.389,150.33333333333334
2021-11-01,"MD University, Rohtak - HSPCB",0.8745,126.0495652173913
2021-11-01,"Major Dhyan Chand National Stadium, Delhi - DPCC",1.148,151.83333333333334
2021-11-01,"Mandir Marg, New Delhi - DPCC",1.126,131.8709677419355
2021-11-01,"Moti Doongri, Alwar - RSPCB",0.54,53.61363636363637
2021-11-01,"Najafgarh, Delhi - DPCC",0.68,117.93181818181819
2021-11-01,"Nehru Nagar, Delhi - DPCC",1.1105,167.1
2021-11-01,"New Collectorate, Baghpat - UPPCB",1.635,180.09302325581396
2021-11-01,New Delhi,1.168,123.875
2021-11-01,"North Campus, DU, Delhi - IMD",1.171,135.8009523809524
2021-11-01,"Okhla Phase-2, Delhi - DPCC",1.0155,150.2173913043478
2021-11-01,"Omex Eternity, Vrindavan - UPPCB",0.662,129.75333333333333
2021-11-01,"Punjabi Bagh, Delhi - DPCC",1.134,130.6451612903226
2021-11-01,"R K Puram, Delhi - DPCC",0.9205,150.65714285714284
2021-11-01,"Rohini, Delhi - DPCC",1.241,141.33333333333334
2021-11-01,"Sanjay Nagar, Ghaziabad - UPPCB",1.456,215.53658536585365
2021-11-01,"Sector 11, Faridabad - HSPCB",1.0185,173.74805555555557
2021-11-01,"Sector- 16A, Faridabad - HSPCB",1.003,166.27027027027026
2021-11-01,"Shyam Nagar, Palwal - HSPCB",0.8055,47.803617021276594
2021-11-01,"Sri Aurobindo Marg, Delhi - DPCC",0.822,121.04444444444445
2021-11-01,"Vasundhara, Ghaziabad - UPPCB",1.3655,136.38709677419354
2021-11-01,"Vikas Sadan, Gurugram - HSPCB",0.7245,123.83913043478262
2021-11-01,"Vivek Vihar, Delhi - DPCC",1.3365,152.08
2021-11-02,"Alipur, Delhi - DPCC",0.932,185.79310344827587
2021-11-02,"Anand Vihar, Delhi - DPCC",1.0715,130.04
2021-11-02,"Ashok Vihar, Delhi - DPCC",1.0455,145.22222222222223
2021-11-02,"Bawana, Delhi - DPCC",1.0335,177.4318181818182
2021-11-02,"Burari Crossing, New Delhi - IMD",0.9855,106.25049999999999
2021-11-02,"Chandni Chowk, Delhi - IITM",1.04,43.135714285714286
2021-11-02,"Dwarka-Sector 8, Delhi - DPCC ",1.0675,126.53846153846153
2021-11-02,"Ganga Nagar, Meerut - UPPCB",0.9895,135.5581395348837
2021-11-02,"ITO, Delhi - CPCB",1.0485,148.59259259259258
2021-11-02,"Indirapuram, Ghaziabad - UPPCB",1.0555,159.0
2021-11-02,"Jai Bhim Nagar, Meerut - UPPCB",0.9735,127.91891891891892
2021-11-02,"Knowledge Park - V, Greater Noida - UPPCB",1.083,137.76923076923077
2021-11-02,"MD University, Rohtak - HSPCB",1.13,118.38842105263159
2021-11-02,"Major Dhyan Chand National Stadium, Delhi - DPCC",1.0845,134.95833333333334
2021-11-02,"Mandir Marg, New Delhi - DPCC",1.069,123.0
2021-11-02,"Moti Doongri, Alwar - RSPCB",0.7975,55.26172413793103
2021-11-02,"Najafgarh, Delhi - DPCC",1.024,125.27777777777777
2021-11-02,"Nehru Nagar, Delhi - DPCC",1.0005,175.5
2021-11-02,"New Collectorate, Baghpat - UPPCB",1.0515,161.7948717948718
2021-11-02,New Delhi,1.0485,127.66666666666667
2021-11-02,"North Campus, DU, Delhi - IMD",1.054,127.31285714285715
2021-11-02,"Okhla Phase-2, Delhi - DPCC",1.017,136.7826086956522
2021-11-02,"Omex Eternity, Vrindavan - UPPCB",1.0285,133.15405405405406
2021-11-02,"Punjabi Bagh, Delhi - DPCC",1.046,131.80645161290323
2021-11-02,"R K Puram, Delhi - DPCC",1.037,136.275
2021-11-02,"Rohini, Delhi - DPCC",1.043,130.11764705882354
2021-11-02,"Sanjay Nagar, Ghaziabad - UPPCB",1.0865,176.6818181818182
2021-11-02,"Sector 11, Faridabad - HSPCB",0.9785,175.25225
2021-11-02,"Sector- 16A, Faridabad - HSPCB",0.9875,152.07894736842104
2021-11-02,"Shyam Nagar, Palwal - HSPCB",1.125,68.10511111111111
2021-11-02,"Sri Aurobindo Marg, Delhi - DPCC",0.9965,128.95348837209303
2021-11-02,"Vasundhara, Ghaziabad - UPPCB",1.0765,160.51111111111112
2021-11-02,"Vikas Sadan, Gurugram - HSPCB",1.03,132.9952380952381
2021-11-02,"Vivek Vihar, Delhi - DPCC",1.08,164.83333333333334
2021-11-03,"Ashok Vihar, Delhi - DPCC",1.318,204.59259259259258
2021-11-03,"Bawana, Delhi - DPCC",1.264,226.78571428571428
2021-11-03,"Chandni Chowk, Delhi - IITM",1.312,92.93170731707316
2021-11-03,"Dwarka-Sector 8, Delhi - DPCC ",1.214,174.125
2021-11-03,"Ganga Nagar, Meerut - UPPCB",0.978,184.35714285714286
2021-11-03,"ITO, Delhi - CPCB",1.305,186.0681818181818
2021-11-03,"Indirapuram, Ghaziabad - UPPCB",1.031,239.36111111111111
2021-11-03,"Jai Bhim Nagar, Meerut - UPPCB",1.0285,169.97619047619048
2021-11-03,"MD University, Rohtak - HSPCB",1.34,156.69704545454545
2021-11-03,"Major Dhyan Chand National Stadium, Delhi - DPCC",1.274,169.15384615384616
2021-11-03,"Mandir Marg, New Delhi - DPCC",1.265,157.9375
2021-11-03,"Moti Doongri, Alwar - RSPCB",0.837,71.18970588235294
2021-11-03,"Najafgarh, Delhi - DPCC",1.3205,153.9090909090909
2021-11-03,"Nehru Nagar, Delhi - DPCC",1.268,242.35
2021-11-03,"New Collectorate, Baghpat - UPPCB",1.222,215.14634146341464
2021-11-03,New Delhi,1.31,155.45833333333334
2021-11-03,"North Campus, DU, Delhi - IMD",1.295,163.57549999999998
2021-11-03,"Okhla Phase-2, Delhi - DPCC",1.287,198.21052631578948
2021-11-03,"Omex Eternity, Vrindavan - UPPCB",1.05,162.42756756756756
2021-11-03,"Punjabi Bagh, Delhi - DPCC",1.28,187.51612903225808
2021-11-03,"R K Puram, Delhi - DPCC",1.249,77.5111111111111
2021-11-03,"Rohini, Delhi - DPCC",1.4,149.0
2021-11-03,"Shyam Nagar, Palwal - HSPCB",1.1705,73.08025
2021-11-03,"Sri Aurobindo Marg, Delhi - DPCC",1.262,151.05
2021-11-03,"Vasundhara, Ghaziabad - UPPCB",1.071,210.61764705882354
2021-11-03,"Vikas Sadan, Gurugram - HSPCB",1.122,156.1159090909091
2021-11-04,"Alipur, Delhi - DPCC",2.513,347.5
2021-11-04,"Anand Vihar, Delhi - DPCC",2.415,296.61538461538464
2021-11-04,"Ashok Vihar, Delhi - DPCC",2.472,327.94444444444446
2021-11-04,"Bawana, Delhi - DPCC",2.552,370.42857142857144
2021-11-04,"Burari Crossing, New Delhi - IMD",2.347,256.83903225806455
2021-11-04,"Chandni Chowk, Delhi - IITM",2.377,147.47222222222223
2021-11-04,"Dwarka-Sector 8, Delhi - DPCC ",2.558,328.15384615384613
2021-11-04,"Ganga Nagar, Meerut - UPPCB",1.7745,174.24137931034483
2021-11-04,"ITO, Delhi - CPCB",2.4815,332.5
2021-11-04,"Indirapuram, Ghaziabad - UPPCB",2.1805,281.2857142857143
2021-11-04,"Jai Bhim Nagar, Meerut - UPPCB",1.5665,212.3125
2021-11-04,"Knowledge Park - V, Greater Noida - UPPCB",2.638,209.6
2021-11-04,"Major Dhyan Chand National Stadium, Delhi - DPCC",2.631,305.2105263157895
2021-11-04,"Mandir Marg, New Delhi - DPCC",2.747,328.57142857142856
2021-11-04,"Moti Doongri, Alwar - RSPCB",2.014,99.71971428571429
2021-11-04,"Najafgarh, Delhi - DPCC",2.462,285.3529411764706
2021-11-04,"Nehru Nagar, Delhi - DPCC",2.431,343.57142857142856
2021-11-04,"New Collectorate, Baghpat - UPPCB",2.167,274.3243243243243
2021-11-04,New Delhi,2.4775,292.7692307692308
2021-11-04,"North Campus, DU, Delhi - IMD",2.672,291.8688888888889
2021-11-04,"Okhla Phase-2, Delhi - DPCC",2.361,325.47058823529414
2021-11-04,"Omex Eternity, Vrindavan - UPPCB",2.273,216.3152380952381
2021-11-04,"Punjabi Bagh, Delhi - DPCC",2.472,345.95
2021-11-04,"R K Puram, Delhi - DPCC",2.537,164.76
2021-11-04,"Rohini, Delhi - DPCC",2.526,374.4
2021-11-04,"Sanjay Nagar, Ghaziabad - UPPCB",1.8435,267.8666666666667
2021-11-04,"Sector 11, Faridabad - HSPCB",2.2075,302.73310344827587
2021-11-04,"Sector- 16A, Faridabad - HSPCB",2.3055,294.55172413793105
2021-11-04,"Shyam Nagar, Palwal - HSPCB",1.98,108.88282608695651
2021-11-04,"Sri Aurobindo Marg, Delhi - DPCC",2.391,285.9583333333333
2021-11-04,"Vasundhara, Ghaziabad - UPPCB",2.1455,298.82758620689657
2021-11-04,"Vikas Sadan, Gurugram - HSPCB",2.306,271.98709677419356
2021-11-04,"Vivek Vihar, Delhi - DPCC",2.3565,335.5625
2021-11-05,"Alipur, Delhi - DPCC",3.018,372.30555555555554
2021-11-05,"Ashok Vihar, Delhi - DPCC",3.137,354.04545454545456
2021-11-05,"Bawana, Delhi - DPCC",3.12,353.0833333333333
2021-11-05,"Burari Crossing, New Delhi - IMD",3.008,252.76238095238097
2021-11-05,"MD University, Rohtak - HSPCB",3.307,246.29813953488372
2021-11-05,"Najafgarh, Delhi - DPCC",2.951,287.7241379310345
2021-11-05,"New Collectorate, Baghpat - UPPCB",3.075,348.390243902439
2021-11-05,"Punjabi Bagh, Delhi - DPCC",3.032,360.6521739130435
2021-11-05,"Rohini, Delhi - DPCC",3.007,383.2
2021-11-05,"Sanjay Nagar, Ghaziabad - UPPCB",2.723,331.73333333333335
2021-11-06,"Alipur, Delhi - DPCC",1.3295,317.64516129032256
2021-11-06,"Anand Vihar, Delhi - DPCC",1.7145,323.9
2021-11-06,"Ashok Vihar, Delhi - DPCC",1.64,345.8787878787879
2021-11-06,"Bawana, Delhi - DPCC",1.7405,346.5833333333333
2021-11-06,"Burari Crossing, New Delhi - IMD",1.6275,231.2707142857143
2021-11-06,"Chandni Chowk, Delhi - IITM",1.691,258.69375
2021-11-06,"Dwarka-Sector 8, Delhi - DPCC ",2.36,326.6363636363636
2021-11-06,"Ganga Nagar, Meerut - UPPCB",1.0575,187.38095238095238
2021-11-06,"ITO, Delhi - CPCB",1.8235,341.125
2021-11-06,"Indirapuram, Ghaziabad - UPPCB",1.713,328.97222222222223
2021-11-06,"Jai Bhim Nagar, Meerut - UPPCB",1.101,166.07142857142858
2021-11-06,"Knowledge Park - V, Greater Noida - UPPCB",1.6655,250.97560975609755
2021-11-06,"MD University, Rohtak - HSPCB",2.335,236.25521739130434
2021-11-06,"Major Dhyan Chand National Stadium, Delhi - DPCC",1.872,318.94444444444446
2021-11-06,"Mandir Marg, New Delhi - DPCC",1.862,346.56666666666666
2021-11-06,"Moti Doongri, Alwar - RSPCB",1.325,74.62060606060606
2021-11-06,"Najafgarh, Delhi - DPCC",2.5945,274.6
2021-11-06,"Nehru Nagar, Delhi - DPCC",2.023,356.63157894736844
2021-11-06,"New Collectorate, Baghpat - UPPCB",1.2145,260.68
2021-11-06,New Delhi,1.811,314.1111111111111
2021-11-06,"North Campus, DU, Delhi - IMD",1.9755,309.5005263157895
2021-11-06,"Okhla Phase-2, Delhi - DPCC",1.9865,347.46153846153845
2021-11-06,"Omex Eternity, Vrindavan - UPPCB",2.431,246.08133333333333
2021-11-06,"Punjabi Bagh, Delhi - DPCC",2.0605,357.7586206896552
2021-11-06,"R K Puram, Delhi - DPCC",2.2345,97.64516129032258
2021-11-06,"Rohini, Delhi - DPCC",1.713,356.5217391304348
2021-11-06,"Sanjay Nagar, Ghaziabad - UPPCB",1.382,282.4166666666667
2021-11-06,"Sector 11, Faridabad - HSPCB",2.454,341.7914285714286
2021-11-06,"Sector- 16A, Faridabad - HSPCB",2.208,341.48387096774195
2021-11-06,"Shyam Nagar, Palwal - HSPCB",2.3085,104.28266666666667
2021-11-06,"Sri Aurobindo Marg, Delhi - DPCC",2.0955,322.2142857142857
2021-11-06,"Vasundhara, Ghaziabad - UPPCB",1.7315,340.90909090909093
2021-11-06,"Vikas Sadan, Gurugram - HSPCB",2.4405,308.9769230769231
2021-11-06,"Vivek Vihar, Delhi - DPCC",1.687,348.42105263157896
2021-11-07,"Alipur, Delhi - DPCC",1.1755,271.48275862068965
2021-11-07,"Anand Vihar, Delhi - DPCC",1.6985,241.76
2021-11-07,"Ashok Vihar, Delhi - DPCC",1.514,281.57142857142856
2021-11-07,"Bawana, Delhi - DPCC",1.337,304.64
2021-11-07,"Burari Crossing, New Delhi - IMD",1.378,185.54795454545453
2021-11-07,"Chandni Chowk, Delhi - IITM",1.586,147.535
2021-11-07,"Dwarka-Sector 8, Delhi - DPCC ",1.215,231.03846153846155
2021-11-07,"Ganga Nagar, Meerut - UPPCB",1.2855,194.28571428571428
2021-11-07,"ITO, Delhi - CPCB",1.493,238.11111111111111
2021-11-07,"Indirapuram, Ghaziabad - UPPCB",1.762,291.675
2021-11-07,"Jai Bhim Nagar, Meerut - UPPCB",1.2435,239.8
2021-11-07,"Knowledge Park - V, Greater Noida - UPPCB",1.4985,186.47727272727272
2021-11-07,"MD University, Rohtak - HSPCB",1.486,181.10999999999999
2021-11-07,"Major Dhyan Chand National Stadium, Delhi - DPCC",1.471,237.875
2021-11-07,"Mandir Marg, New Delhi - DPCC",1.43,235.73529411764707
2021-11-07,"Moti Doongri, Alwar - RSPCB",0.639,89.66103448275862
2021-11-07,"Najafgarh, Delhi - DPCC",1.493,196.41379310344828
2021-11-07,"Nehru Nagar, Delhi - DPCC",1.446,233.5
2021-11-07,"New Collectorate, Baghpat - UPPCB",1.245,252.03030303030303
2021-11-07,New Delhi,1.495,220.08333333333334
2021-11-07,"North Campus, DU, Delhi - IMD",1.497,235.70189189189188
2021-11-07,"Okhla Phase-2, Delhi - DPCC",1.5915,236.04
2021-11-07,"Punjabi Bagh, Delhi - DPCC",1.548,268.85714285714283
2021-11-07,"R K Puram, Delhi - DPCC",1.106,170.125
2021-11-07,"Rohini, Delhi - DPCC",1.504,296.3333333333333
2021-11-07,"Sanjay Nagar, Ghaziabad - UPPCB",1.553,283.8918918918919
2021-11-07,"Sector 11, Faridabad - HSPCB",0.961,231.61599999999999
2021-11-07,"Sector- 16A, Faridabad - HSPCB",1.571,231.56410256410257
2021-11-07,"Sri Aurobindo Marg, Delhi - DPCC",1.5465,210.57142857142858
2021-11-07,"Vasundhara, Ghaziabad - UPPCB",1.783,285.0
2021-11-07,"Vikas Sadan, Gurugram - HSPCB",1.881,201.9341463414634
2021-11-07,"Vivek Vihar, Delhi - DPCC",1.782,303.625
2021-11-08,"Alipur, Delhi - DPCC",1.507,294.17857142857144
2021-11-08,"Anand Vihar, Delhi - DPCC",1.426,265.0
2021-11-08,"Ashok Vihar, Delhi - DPCC",1.659,303.5769230769231
2021-11-08,"Bawana, Delhi - DPCC",1.56,303.0416666666667
2021-11-08,"Burari Crossing, New Delhi - IMD",1.555,195.35048780487804
2021-11-08,"Chandni Chowk, Delhi - IITM",1.553,148.3128205128205
2021-11-08,"Dwarka-Sector 8, Delhi - DPCC ",1.4665,244.2
2021-11-08,"Ganga Nagar, Meerut - UPPCB",1.04,212.11111111111111
2021-11-08,"ITO, Delhi - CPCB",1.49,301.8863636363636
2021-11-08,"Indirapuram, Ghaziabad - UPPCB",1.455,296.35483870967744
2021-11-08,"Jai Bhim Nagar, Meerut - UPPCB",1.011,243.42857142857142
2021-11-08,"Knowledge Park - V, Greater Noida - UPPCB",1.532,279.6774193548387
2021-11-08,"MD University, Rohtak - HSPCB",1.511,179.44128205128206
2021-11-08,"Major Dhyan Chand National Stadium, Delhi - DPCC",1.5095,258.30434782608694
2021-11-08,"Mandir Marg, New Delhi - DPCC",1.583,262.0625
2021-11-08,"Moti Doongri, Alwar - RSPCB",1.375,77.10410256410256
2021-11-08,"Najafgarh, Delhi - DPCC",1.388,209.97058823529412
2021-11-08,"Nehru Nagar, Delhi - DPCC",1.545,259.77272727272725
2021-11-08,"New Collectorate, Baghpat - UPPCB",1.3925,285.1111111111111
2021-11-08,New Delhi,1.506,248.47826086956522
2021-11-08,"North Campus, DU, Delhi - IMD",1.537,278.28302325581393
2021-11-08,"Okhla Phase-2, Delhi - DPCC",1.657,267.72
2021-11-08,"Omex Eternity, Vrindavan - UPPCB",3.148,305.334
2021-11-08,"Punjabi Bagh, Delhi - DPCC",1.635,312.06451612903226
2021-11-08,"R K Puram, Delhi - DPCC",1.413,211.4
2021-11-08,"Rohini, Delhi - DPCC",1.77,310.95652173913044
2021-11-08,"Sanjay Nagar, Ghaziabad - UPPCB",1.432,272.3
2021-11-08,"Sector 11, Faridabad - HSPCB",1.698,271.1230769230769
2021-11-08,"Sector- 16A, Faridabad - HSPCB",1.489,280.04761904761904
2021-11-08,"Shyam Nagar, Palwal - HSPCB",2.607,70.50604651162791
2021-11-08,"Sri Aurobindo Marg, Delhi - DPCC",1.518,257.2413793103448
2021-11-08,"Vasundhara, Ghaziabad - UPPCB",1.499,267.0689655172414
2021-11-08,"Vikas Sadan, Gurugram - HSPCB",1.728,216.975
2021-11-08,"Vivek Vihar, Delhi - DPCC",1.63,325.08
2021-11-09,"Anand Vihar, Delhi - DPCC",2.34,253.4090909090909
2021-11-09,"Chandni Chowk, Delhi - IITM",2.398,161.11428571428573
2021-11-09,"Dwarka-Sector 8, Delhi - DPCC ",2.279,224.08695652173913
2021-11-09,"ITO, Delhi - CPCB",2.367,250.28205128205127
2021-11-09,"Indirapuram, Ghaziabad - UPPCB",2.225,283.05405405405406
2021-11-09,"Knowledge Park - V, Greater Noida - UPPCB",1.341,284.5625
2021-11-09,"Major Dhyan Chand National Stadium, Delhi - DPCC",2.284,223.1904761904762
2021-11-09,"Mandir Marg, New Delhi - DPCC",2.427,225.17142857142858
2021-11-09,"Moti Doongri, Alwar - RSPCB",1.967,84.98575757575759
2021-11-09,"Najafgarh, Delhi - DPCC",2.228,190.61111111111111
2021-11-09,"Nehru Nagar, Delhi - DPCC",2.201,242.05263157894737
2021-11-09,"New Collectorate, Baghpat - UPPCB",1.363,227.5
2021-11-09,New Delhi,2.405,225.2608695652174
2021-11-09,"North Campus, DU, Delhi - IMD",2.483,297.72736842105263
2021-11-09,"Omex Eternity, Vrindavan - UPPCB",1.405,232.27321428571426
2021-11-09,"Punjabi Bagh, Delhi - DPCC",2.553,260.375
2021-11-09,"R K Puram, Delhi - DPCC",2.13,204.21875
2021-11-09,"Sanjay Nagar, Ghaziabad - UPPCB",1.565,301.56666666666666
2021-11-09,"Sector 11, Faridabad - HSPCB",1.834,250.96428571428572
2021-11-09,"Sector- 16A, Faridabad - HSPCB",1.746,244.65
2021-11-09,"Shyam Nagar, Palwal - HSPCB",1.643,72.64795454545455
2021-11-09,"Sri Aurobindo Marg, Delhi - DPCC",1.886,208.63636363636363
2021-11-09,"Vasundhara, Ghaziabad - UPPCB",1.6315,279.76666666666665
2021-11-09,"Vikas Sadan, Gurugram - HSPCB",1.784,192.41282051282053
2021-11-09,"Vivek Vihar, Delhi - DPCC",2.309,280.1304347826087
2021-11-10,"Alipur, Delhi - DPCC",1.4085,270.8888888888889
2021-11-10,"Anand Vihar, Delhi - DPCC",1.1735,240.96296296296296
2021-11-10,"Ashok Vihar, Delhi - DPCC",1.2815,265.81481481481484
2021-11-10,"Bawana, Delhi - DPCC",1.573,263.0416666666667
2021-11-10,"Burari Crossing, New Delhi - IMD",1.512,186.3079069767442
2021-11-10,"Chandni Chowk, Delhi - IITM",1.1005,136.02380952380952
2021-11-10,"Dwarka-Sector 8, Delhi - DPCC ",2.04,275.6666666666667
2021-11-10,"Ganga Nagar, Meerut - UPPCB",0.696,211.47727272727272
2021-11-10,"ITO, Delhi - CPCB",1.461,234.14285714285714
2021-11-10,"Indirapuram, Ghaziabad - UPPCB",1.671,291.6
2021-11-10,"Jai Bhim Nagar, Meerut - UPPCB",0.721,216.02380952380952
2021-11-10,"Knowledge Park - V, Greater Noida - UPPCB",1.489,254.25806451612902
2021-11-10,"MD University, Rohtak - HSPCB",1.805,167.15837209302327
2021-11-10,"Major Dhyan Chand National Stadium, Delhi - DPCC",1.154,251.2608695652174
2021-11-10,"Mandir Marg, New Delhi - DPCC",1.539,234.20689655172413
2021-11-10,"Moti Doongri, Alwar - RSPCB",0.822,76.3854761904762
2021-11-10,"Najafgarh, Delhi - DPCC",2.206,230.0
2021-11-10,"Nehru Nagar, Delhi - DPCC",1.567,277.1
2021-11-10,"New Collectorate, Baghpat - UPPCB",1.642,322.0571428571429
2021-11-10,New Delhi,1.1045,238.04166666666666
2021-11-10,"North Campus, DU, Delhi - IMD",1.599,238.01704545454547
2021-11-10,"Okhla Phase-2, Delhi - DPCC",1.783,248.52173913043478
2021-11-10,"Omex Eternity, Vrindavan - UPPCB",3.318,214.63150000000002
2021-11-10,"Punjabi Bagh, Delhi - DPCC",1.4705,278.5483870967742
2021-11-10,"R K Puram, Delhi - DPCC",1.604,231.03225806451613
2021-11-10,"Rohini, Delhi - DPCC",1.747,259.4347826086956
2021-11-10,"Sanjay Nagar, Ghaziabad - UPPCB",1.598,306.425
2021-11-10,"Sector 11, Faridabad - HSPCB",1.733,271.3170731707317
2021-11-10,"Sector- 16A, Faridabad - HSPCB",1.448,217.92105263157896
2021-11-10,"Sri Aurobindo Marg, Delhi - DPCC",1.525,206.5
2021-11-10,"Vasundhara, Ghaziabad - UPPCB",1.716,304.0571428571429
2021-11-10,"Vikas Sadan, Gurugram - HSPCB",1.963,146.93703703703704
2021-11-10,"Vivek Vihar, Delhi - DPCC",1.238,288.625
2021-11-11,"Anand Vihar, Delhi - DPCC",3.253,299.1111111111111
2021-11-11,"Ashok Vihar, Delhi - DPCC",3.276,337.65
2021-11-11,"Bawana, Delhi - DPCC",3.73,380.0
2021-11-11,"Burari Crossing, New Delhi - IMD",3.498,234.9676923076923
2021-11-11,"Chandni Chowk, Delhi - IITM",3.504,152.11777777777777
2021-11-11,"Dwarka-Sector 8, Delhi - DPCC ",3.692,320.6
2021-11-11,"Ganga Nagar, Meerut - UPPCB",0.8675,198.25714285714287
2021-11-11,"ITO, Delhi - CPCB",3.605,366.04761904761904
2021-11-11,"Indirapuram, Ghaziabad - UPPCB",3.458,366.48
2021-11-11,"Jai Bhim Nagar, Meerut - UPPCB",0.922,261.75
2021-11-11,"Knowledge Park - V, Greater Noida - UPPCB",3.227,355.3243243243243
2021-11-11,"MD University, Rohtak - HSPCB",4.131,255.82652173913044
2021-11-11,"Major Dhyan Chand National Stadium, Delhi - DPCC",3.776,326.8181818181818
2021-11-11,"Mandir Marg, New Delhi - DPCC",3.722,325.25925925925924
2021-11-11,"Moti Doongri, Alwar - RSPCB",1.825,71.14733333333334
2021-11-11,"Najafgarh, Delhi - DPCC",3.544,252.3095238095238
2021-11-11,"Nehru Nagar, Delhi - DPCC",3.801,322.2
2021-11-11,"New Collectorate, Baghpat - UPPCB",1.713,317.1111111111111
2021-11-11,New Delhi,3.659,294.3636363636364
2021-11-11,"North Campus, DU, Delhi - IMD",3.833,318.37117647058824
2021-11-11,"Okhla Phase-2, Delhi - DPCC",3.513,303.35
2021-11-11,"Punjabi Bagh, Delhi - DPCC",3.673,364.64285714285717
2021-11-11,"R K Puram, Delhi - DPCC",3.759,262.48571428571427
2021-11-11,"Rohini, Delhi - DPCC",3.868,389.94444444444446
2021-11-11,"Sanjay Nagar, Ghaziabad - UPPCB",2.517,357.1764705882353
2021-11-11,"Sector 11, Faridabad - HSPCB",3.501,310.89032258064515
2021-11-11,"Sector- 16A, Faridabad - HSPCB",3.542,343.95238095238096
2021-11-11,"Shyam Nagar, Palwal - HSPCB",3.465,102.74581395348837
2021-11-11,"Sri Aurobindo Marg, Delhi - DPCC",3.675,266.3333333333333
2021-11-11,"Vasundhara, Ghaziabad - UPPCB",2.6685,378.23333333333335
2021-11-11,"Vikas Sadan, Gurugram - HSPCB",3.619,298.14444444444445
2021-11-11,"Vivek Vihar, Delhi - DPCC",3.459,406.9047619047619
2021-11-12,"Alipur, Delhi - DPCC",1.26,198.33333333333334
2021-11-12,"Anand Vihar, Delhi - DPCC",1.712,331.6842105263158
2021-11-12,"Ashok Vihar, Delhi - DPCC",1.866,351.7368421052632
2021-11-12,"Burari Crossing, New Delhi - IMD",1.653,206.92595238095237
2021-11-12,"Chandni Chowk, Delhi - IITM",1.808,170.28863636363636
2021-11-12,"Ganga Nagar, Meerut - UPPCB",0.875,175.6341463414634
2021-11-12,"ITO, Delhi - CPCB",1.647,309.81481481481484
2021-11-12,"Indirapuram, Ghaziabad - UPPCB",1.602,354.3888888888889
2021-11-12,"Jai Bhim Nagar, Meerut - UPPCB",0.9535,189.25
2021-11-12,"MD University, Rohtak - HSPCB",2.763,227.96599999999998
2021-11-12,"Major Dhyan Chand National Stadium, Delhi - DPCC",1.512,375.84615384615387
2021-11-12,"Mandir Marg, New Delhi - DPCC",1.599,357.6666666666667
2021-11-12,"Moti Doongri, Alwar - RSPCB",3.155,80.87810810810811
2021-11-12,"Nehru Nagar, Delhi - DPCC",1.616,386.52941176470586
2021-11-12,"New Collectorate, Baghpat - UPPCB",1.383,216.94444444444446
2021-11-12,New Delhi,1.66,356.0833333333333
2021-11-12,"North Campus, DU, Delhi - IMD",1.746,271.3892307692308
2021-11-12,"Okhla Phase-2, Delhi - DPCC",2.02,379.2142857142857
2021-11-12,"Punjabi Bagh, Delhi - DPCC",1.799,419.30434782608694
2021-11-12,"R K Puram, Delhi - DPCC",1.611,164.4857142857143
2021-11-12,"Rohini, Delhi - DPCC",2.056,340.52941176470586
2021-11-12,"Sector 11, Faridabad - HSPCB",2.476,359.87894736842105
2021-11-12,"Sector- 16A, Faridabad - HSPCB",2.374,364.80645161290323
2021-11-12,"Sri Aurobindo Marg, Delhi - DPCC",1.972,318.06666666666666
2021-11-12,"Vasundhara, Ghaziabad - UPPCB",1.588,371.0
2021-11-12,"Vivek Vihar, Delhi - DPCC",1.736,281.85714285714283
2021-11-13,"Alipur, Delhi - DPCC",1.0845,209.41176470588235
2021-11-13,"Anand Vihar, Delhi - DPCC",1.33,232.5
2021-11-13,"Ashok Vihar, Delhi - DPCC",1.133,237.92307692307693
2021-11-13,"Bawana, Delhi - DPCC",0.9135,274.3181818181818
2021-11-13,"Burari Crossing, New Delhi - IMD",1.217,150.52738095238095
2021-11-13,"Chandni Chowk, Delhi - IITM",1.197,130.86363636363637
2021-11-13,"Dwarka-Sector 8, Delhi - DPCC ",1.1305,205.25
2021-11-13,"Ganga Nagar, Meerut - UPPCB",0.6505,160.13636363636363
2021-11-13,"ITO, Delhi - CPCB",1.267,112.86666666666666
2021-11-13,"Indirapuram, Ghaziabad - UPPCB",1.251,248.3
2021-11-13,"Jai Bhim Nagar, Meerut - UPPCB",0.6675,167.78571428571428
2021-11-13,"Knowledge Park - V, Greater Noida - UPPCB",1.462,183.51063829787233
2021-11-13,"MD University, Rohtak - HSPCB",1.073,183.8596
2021-11-13,"Major Dhyan Chand National Stadium, Delhi - DPCC",1.204,165.38888888888889
2021-11-13,"Mandir Marg, New Delhi - DPCC",1.4455,212.42424242424244
2021-11-13,"Moti Doongri, Alwar - RSPCB",3.126,46.84813953488372
2021-11-13,"Najafgarh, Delhi - DPCC",0.8895,142.46666666666667
2021-11-13,"Nehru Nagar, Delhi - DPCC",1.178,205.20833333333334
2021-11-13,"New Collectorate, Baghpat - UPPCB",0.835,196.5609756097561
2021-11-13,New Delhi,1.152,173.52941176470588
2021-11-13,"North Campus, DU, Delhi - IMD",1.3825,217.7162857142857
2021-11-13,"Okhla Phase-2, Delhi - DPCC",1.097,204.44
2021-11-13,"Omex Eternity, Vrindavan - UPPCB",1.1495,141.6104347826087
2021-11-13,"Punjabi Bagh, Delhi - DPCC",1.031,260.06451612903226
2021-11-13,"R K Puram, Delhi - DPCC",1.103,120.03225806451613
2021-11-13,"Rohini, Delhi - DPCC",1.103,256.2173913043478
2021-11-13,"Sanjay Nagar, Ghaziabad - UPPCB",1.0365,221.06451612903226
2021-11-13,"Sector 11, Faridabad - HSPCB",0.803,210.98333333333332
2021-11-13,"Sector- 16A, Faridabad - HSPCB",0.816,226.89655172413794
2021-11-13,"Shyam Nagar, Palwal - HSPCB",1.12,69.31617021276595
2021-11-13,"Sri Aurobindo Marg, Delhi - DPCC",0.95,154.33333333333334
2021-11-13,"Vasundhara, Ghaziabad - UPPCB",1.205,231.25806451612902
2021-11-13,"Vikas Sadan, Gurugram - HSPCB",1.0075,167.57714285714286
2021-11-13,"Vivek Vihar, Delhi - DPCC",1.219,212.88888888888889
2021-11-14,"Alipur, Delhi - DPCC",1.401,255.34782608695653
2021-11-14,"Anand Vihar, Delhi - DPCC",1.088,182.23076923076923
2021-11-14,"Ashok Vihar, Delhi - DPCC",1.056,227.1153846153846
2021-11-14,"Burari Crossing, New Delhi - IMD",1.178,139.95942857142856
2021-11-14,"Chandni Chowk, Delhi - IITM",1.2035,117.87058823529412
2021-11-14,"Dwarka-Sector 8, Delhi - DPCC ",1.1675,183.12
2021-11-14,"Ganga Nagar, Meerut - UPPCB",0.966,207.3
2021-11-14,"ITO, Delhi - CPCB",1.0955,168.9189189189189
2021-11-14,"Indirapuram, Ghaziabad - UPPCB",1.1405,165.43589743589743
2021-11-14,"Jai Bhim Nagar, Meerut - UPPCB",1.017,295.82758620689657
2021-11-14,"Knowledge Park - V, Greater Noida - UPPCB",1.052,176.41666666666666
2021-11-14,"MD University, Rohtak - HSPCB",1.2215,152.37041666666667
2021-11-14,"Major Dhyan Chand National Stadium, Delhi - DPCC",1.078,173.2173913043478
2021-11-14,"Mandir Marg, New Delhi - DPCC",1.204,155.09677419354838
2021-11-14,"Najafgarh, Delhi - DPCC",1.1395,137.44827586206895
2021-11-14,"Nehru Nagar, Delhi - DPCC",1.105,196.8421052631579
2021-11-14,"New Collectorate, Baghpat - UPPCB",1.103,217.7
2021-11-14,New Delhi,1.1705,153.20833333333334
2021-11-14,"North Campus, DU, Delhi - IMD",1.295,215.40333333333334
2021-11-14,"Okhla Phase-2, Delhi - DPCC",1.028,194.56
2021-11-14,"Omex Eternity, Vrindavan - UPPCB",2.18,150.1897142857143
2021-11-14,"Punjabi Bagh, Delhi - DPCC",1.189,222.27586206896552
2021-11-14,"R K Puram, Delhi - DPCC",1.1775,139.03125
2021-11-14,"Rohini, Delhi - DPCC",1.171,230.77777777777777
2021-11-14,"Sanjay Nagar, Ghaziabad - UPPCB",1.14,196.53571428571428
2021-11-14,"Sector 11, Faridabad - HSPCB",1.0205,203.97931034482758
2021-11-14,"Shyam Nagar, Palwal - HSPCB",1.0605,59.59425
2021-11-14,"Sri Aurobindo Marg, Delhi - DPCC",0.965,153.27272727272728
2021-11-14,"Vasundhara, Ghaziabad - UPPCB",1.1665,173.775
2021-11-14,"Vikas Sadan, Gurugram - HSPCB",1.024,137.36
2021-11-14,"Vivek Vihar, Delhi - DPCC",1.1635,231.29166666666666
2021-11-15,"Alipur, Delhi - DPCC",1.6645,282.4347826086956
2021-11-15,"Anand Vihar, Delhi - DPCC",1.512,237.56521739130434
2021-11-15,"Ashok Vihar, Delhi - DPCC",1.5945,268.68
2021-11-15,"Bawana, Delhi - DPCC",1.72,288.4642857142857
2021-11-15,"Burari Crossing, New Delhi - IMD",1.538,149.251
2021-11-15,"Chandni Chowk, Delhi - IITM",1.4945,134.9322580645161
2021-11-15,"Dwarka-Sector 8, Delhi - DPCC ",1.69,270.75
2021-11-15,"Ganga Nagar, Meerut - UPPCB",0.7405,189.88888888888889
2021-11-15,"ITO, Delhi - CPCB",1.4145,243.11904761904762
2021-11-15,"Indirapuram, Ghaziabad - UPPCB",1.2985,204.97560975609755
2021-11-15,"Jai Bhim Nagar, Meerut - UPPCB",0.7575,157.26315789473685
2021-11-15,"Knowledge Park - V, Greater Noida - UPPCB",1.216,258.0
2021-11-15,"Major Dhyan Chand National Stadium, Delhi - DPCC",1.428,237.92592592592592
2021-11-15,"Mandir Marg, New Delhi - DPCC",1.5865,234.06896551724137
2021-11-15,"Moti Doongri, Alwar - RSPCB",2.0195,69.69151515151516
2021-11-15,"Najafgarh, Delhi - DPCC",1.5515,205.84848484848484
2021-11-15,"Nehru Nagar, Delhi - DPCC",1.3275,241.66666666666666
2021-11-15,"New Collectorate, Baghpat - UPPCB",1.4615,245.7659574468085
2021-11-15,New Delhi,1.493,226.41666666666666
2021-11-15,"North Campus, DU, Delhi - IMD",1.7065,220.23704545454547
2021-11-15,"Okhla Phase-2, Delhi - DPCC",1.3505,227.91666666666666
2021-11-15,"Omex Eternity, Vrindavan - UPPCB",1.7955,119.24525000000001
2021-11-15,"Punjabi Bagh, Delhi - DPCC",1.788,242.61290322580646
2021-11-15,"R K Puram, Delhi - DPCC",1.5595,186.8
2021-11-15,"Rohini, Delhi - DPCC",1.712,283.4761904761905
2021-11-15,"Sanjay Nagar, Ghaziabad - UPPCB",1.0335,170.87878787878788
2021-11-15,"Sector 11, Faridabad - HSPCB",1.1395,200.7774193548387
2021-11-15,"Shyam Nagar, Palwal - HSPCB",1.1265,51.85547619047619
2021-11-15,"Sri Aurobindo Marg, Delhi - DPCC",1.4505,202.83333333333334
2021-11-15,"Vasundhara, Ghaziabad - UPPCB",1.26,198.275
2021-11-15,"Vikas Sadan, Gurugram - HSPCB",1.521,200.84864864864863
2021-11-15,"Vivek Vihar, Delhi - DPCC",1.4645,303.90909090909093
2021-11-16,"Alipur, Delhi - DPCC",1.114,301.32
2021-11-16,"Anand Vihar, Delhi - DPCC",1.0955,240.7037037037037
2021-11-16,"Ashok Vihar, Delhi - DPCC",1.034,273.3333333333333
2021-11-16,"Bawana, Delhi - DPCC",1.3215,285.23809523809524
2021-11-16,"Burari Crossing, New Delhi - IMD",1.013,173.83599999999998
2021-11-16,"Chandni Chowk, Delhi - IITM",0.953,109.17857142857143
2021-11-16,"Dwarka-Sector 8, Delhi - DPCC ",1.3075,244.5
2021-11-16,"Ganga Nagar, Meerut - UPPCB",0.853,210.0888888888889
2021-11-16,"ITO, Delhi - CPCB",1.001,258.8157894736842
2021-11-16,"Indirapuram, Ghaziabad - UPPCB",1.157,201.53333333333333
2021-11-16,"Jai Bhim Nagar, Meerut - UPPCB",0.808,184.64864864864865
2021-11-16,"Knowledge Park - V, Greater Noida - UPPCB",0.883,206.8372093023256
2021-11-16,"Major Dhyan Chand National Stadium, Delhi - DPCC",1.1525,252.70833333333334
2021-11-16,"Mandir Marg, New Delhi - DPCC",1.228,247.0857142857143
2021-11-16,"Moti Doongri, Alwar - RSPCB",1.694,76.76666666666667
2021-11-16,"Najafgarh, Delhi - DPCC",1.314,198.125
2021-11-16,"Nehru Nagar, Delhi - DPCC",1.0295,212.5909090909091
2021-11-16,"New Collectorate, Baghpat - UPPCB",1.009,201.925
2021-11-16,New Delhi,1.015,243.58333333333334
2021-11-16,"North Campus, DU, Delhi - IMD",1.338,256.5112820512821
2021-11-16,"Okhla Phase-2, Delhi - DPCC",0.93,246.1851851851852
2021-11-16,"Omex Eternity, Vrindavan - UPPCB",1.4645,121.2351282051282
2021-11-16,"Punjabi Bagh, Delhi - DPCC",1.143,272.7096774193548
2021-11-16,"R K Puram, Delhi - DPCC",1.1005,247.82142857142858
2021-11-16,"Rohini, Delhi - DPCC",1.075,310.7916666666667
2021-11-16,"Sanjay Nagar, Ghaziabad - UPPCB",0.885,185.09302325581396
2021-11-16,"Sector 11, Faridabad - HSPCB",0.93,217.78275862068966
2021-11-16,"Sri Aurobindo Marg, Delhi - DPCC",0.892,208.52173913043478
2021-11-16,"Vasundhara, Ghaziabad - UPPCB",1.1625,199.875
2021-11-16,"Vikas Sadan, Gurugram - HSPCB",1.011,152.03939393939393
2021-11-16,"Vivek Vihar, Delhi - DPCC",1.092,243.56521739130434
2021-11-17,"Alipur, Delhi - DPCC",0.81,217.8181818181818
2021-11-17,"Anand Vihar, Delhi - DPCC",0.909,212.7826086956522
2021-11-17,"Ashok Vihar, Delhi - DPCC",0.804,248.4
2021-11-17,"Bawana, Delhi - DPCC",1.022,242.0
2021-11-17,"Burari Crossing, New Delhi - IMD",0.897,123.78682926829269
2021-11-17,"Chandni Chowk, Delhi - IITM",1.0075,130.58372093023257
2021-11-17,"Dwarka-Sector 8, Delhi - DPCC ",1.076,201.5
2021-11-17,"Ganga Nagar, Meerut - UPPCB",0.713,158.5897435897436
2021-11-17,"ITO, Delhi - CPCB",1.0615,207.33333333333334
2021-11-17,"Indirapuram, Ghaziabad - UPPCB",0.8445,246.05405405405406
2021-11-17,"Jai Bhim Nagar, Meerut - UPPCB",0.6585,137.6904761904762
2021-11-17,"Knowledge Park - V, Greater Noida - UPPCB",0.8715,171.0731707317073
2021-11-17,"MD University, Rohtak - HSPCB",1.1315,204.73239999999998
2021-11-17,"Major Dhyan Chand National Stadium, Delhi - DPCC",1.471,196.75
2021-11-17,"Mandir Marg, New Delhi - DPCC",1.004,163.72222222222223
2021-11-17,"Moti Doongri, Alwar - RSPCB",1.0,67.93432432432432
2021-11-17,"Najafgarh, Delhi - DPCC",0.894,153.84615384615384
2021-11-17,"Nehru Nagar, Delhi - DPCC",0.9985,203.85714285714286
2021-11-17,"New Collectorate, Baghpat - UPPCB",0.7485,182.25
2021-11-17,New Delhi,1.039,159.5
2021-11-17,"North Campus, DU, Delhi - IMD",0.9515,193.96363636363637
2021-11-17,"Okhla Phase-2, Delhi - DPCC",0.8725,218.12
2021-11-17,"Omex Eternity, Vrindavan - UPPCB",0.991,142.62657894736844
2021-11-17,"Punjabi Bagh, Delhi - DPCC",0.94,237.08823529411765
2021-11-17,"R K Puram, Delhi - DPCC",0.93,208.0909090909091
2021-11-17,"Rohini, Delhi - DPCC",1.012,239.6086956521739
2021-11-17,"Sanjay Nagar, Ghaziabad - UPPCB",0.761,187.04545454545453
2021-11-17,"Sector 11, Faridabad - HSPCB",0.969,189.61111111111111
2021-11-17,"Sector- 16A, Faridabad - HSPCB",0.8995,176.03225806451613
2021-11-17,"Shyam Nagar, Palwal - HSPCB",0.972,52.09086956521739
2021-11-17,"Sri Aurobindo Marg, Delhi - DPCC",0.814,164.66666666666666
2021-11-17,"Vasundhara, Ghaziabad - UPPCB",0.869,212.22727272727272
2021-11-17,"Vikas Sadan, Gurugram - HSPCB",0.8385,170.25428571428571
2021-11-17,"Vivek Vihar, Delhi - DPCC",0.8155,251.88235294117646
2021-11-18,"Alipur, Delhi - DPCC",0.8795,255.41666666666666
2021-11-18,"Anand Vihar, Delhi - DPCC",1.0805,262.35
2021-11-18,"Ashok Vihar, Delhi - DPCC",1.037,252.66666666666666
2021-11-18,"Bawana, Delhi - DPCC",1.61,289.17021276595744
2021-11-18,"Burari Crossing, New Delhi - IMD",0.9835,139.7266666666667
2021-11-18,"Chandni Chowk, Delhi - IITM",1.03,153.63333333333333
2021-11-18,"Dwarka-Sector 8, Delhi - DPCC ",1.212,237.34782608695653
2021-11-18,"Ganga Nagar, Meerut - UPPCB",0.6505,177.33333333333334
2021-11-18,"ITO, Delhi - CPCB",1.066,216.64444444444445
2021-11-18,"Indirapuram, Ghaziabad - UPPCB",0.939,201.06521739130434
2021-11-18,"Jai Bhim Nagar, Meerut - UPPCB",0.6655,172.0
2021-11-18,"Knowledge Park - V, Greater Noida - UPPCB",0.9245,207.8372093023256
2021-11-18,"MD University, Rohtak - HSPCB",1.141,171.51166666666666
2021-11-18,"Major Dhyan Chand National Stadium, Delhi - DPCC",1.069,207.72
2021-11-18,"Mandir Marg, New Delhi - DPCC",1.173,201.72222222222223
2021-11-18,"Moti Doongri, Alwar - RSPCB",1.075,61.3746511627907
2021-11-18,"Najafgarh, Delhi - DPCC",1.028,175.73170731707316
2021-11-18,"Nehru Nagar, Delhi - DPCC",0.998,184.4
2021-11-18,"New Collectorate, Baghpat - UPPCB",0.985,196.02173913043478
2021-11-18,New Delhi,1.072,185.47826086956522
2021-11-18,"North Campus, DU, Delhi - IMD",1.19,200.88565217391303
2021-11-18,"Okhla Phase-2, Delhi - DPCC",0.987,220.58333333333334
2021-11-18,"Punjabi Bagh, Delhi - DPCC",1.283,275.52941176470586
2021-11-18,"R K Puram, Delhi - DPCC",1.1475,244.34375
2021-11-18,"Rohini, Delhi - DPCC",1.1345,286.625
2021-11-18,"Sanjay Nagar, Ghaziabad - UPPCB",0.832,206.13636363636363
2021-11-18,"Sector 11, Faridabad - HSPCB",0.931,189.67560975609754
2021-11-18,"Sector- 16A, Faridabad - HSPCB",0.959,185.22727272727272
2021-11-18,"Sri Aurobindo Marg, Delhi - DPCC",1.138,171.70833333333334
2021-11-18,"Vasundhara, Ghaziabad - UPPCB",0.9425,193.2325581395349
2021-11-18,"Vikas Sadan, Gurugram - HSPCB",1.132,188.99428571428572
2021-11-18,"Vivek Vihar, Delhi - DPCC",1.006,275.625
2021-11-19,"Alipur, Delhi - DPCC",1.227,260.1521739130435
2021-11-19,"Anand Vihar, Delhi - DPCC",1.736,232.54166666666666
2021-11-19,"Burari Crossing, New Delhi - IMD",1.567,170.0763043478261
2021-11-19,"Chandni Chowk, Delhi - IITM",1.602,157.24347826086955
2021-11-19,"Dwarka-Sector 8, Delhi - DPCC ",1.568,260.9259259259259
2021-11-19,"Ganga Nagar, Meerut - UPPCB",1.044,177.6888888888889
2021-11-19,"ITO, Delhi - CPCB",1.546,225.32558139534885
2021-11-19,"Jai Bhim Nagar, Meerut - UPPCB",1.06,197.0
2021-11-19,"Knowledge Park - V, Greater Noida - UPPCB",1.555,181.825
2021-11-19,"Major Dhyan Chand National Stadium, Delhi - DPCC",1.62,239.92592592592592
2021-11-19,"Mandir Marg, New Delhi - DPCC",1.617,228.43243243243242
2021-11-19,"Najafgarh, Delhi - DPCC",1.396,179.84615384615384
2021-11-19,"Nehru Nagar, Delhi - DPCC",1.431,201.48
2021-11-19,"New Collectorate, Baghpat - UPPCB",1.061,189.9787234042553
2021-11-19,New Delhi,1.591,217.75
2021-11-19,"North Campus, DU, Delhi - IMD",1.72,232.25099999999998
2021-11-19,"Okhla Phase-2, Delhi - DPCC",1.338,237.8846153846154
2021-11-19,"R K Puram, Delhi - DPCC",1.392,245.05714285714285
2021-11-19,"Rohini, Delhi - DPCC",1.467,276.6666666666667
2021-11-19,"Sanjay Nagar, Ghaziabad - UPPCB",1.526,189.88636363636363
2021-11-19,"Sector 11, Faridabad - HSPCB",1.362,241.18571428571425
2021-11-19,"Sector- 16A, Faridabad - HSPCB",1.311,193.38235294117646
2021-11-19,"Shyam Nagar, Palwal - HSPCB",1.475,55.25617021276596
2021-11-19,"Sri Aurobindo Marg, Delhi - DPCC",1.274,193.125
2021-11-19,"Vasundhara, Ghaziabad - UPPCB",1.716,152.89743589743588
2021-11-19,"Vikas Sadan, Gurugram - HSPCB",1.472,200.22903225806454
2021-11-19,"Vivek Vihar, Delhi - DPCC",1.8,280.1923076923077
2021-11-20,"Alipur, Delhi - DPCC",0.937,262.5
2021-11-20,"Anand Vihar, Delhi - DPCC",1.049,224.26923076923077
2021-11-20,"Bawana, Delhi - DPCC",1.067,256.35714285714283
2021-11-20,"Burari Crossing, New Delhi - IMD",1.314,166.74567567567567
2021-11-20,"Dwarka-Sector 8, Delhi - DPCC ",1.1385,251.79166666666666
2021-11-20,"Ganga Nagar, Meerut - UPPCB",0.615,149.45454545454547
2021-11-20,"Indirapuram, Ghaziabad - UPPCB",1.165,182.2325581395349
2021-11-20,"Jai Bhim Nagar, Meerut - UPPCB",0.607,193.2
2021-11-20,"MD University, Rohtak - HSPCB",1.143,162.9212
2021-11-20,"Moti Doongri, Alwar - RSPCB",1.256,59.590526315789475
2021-11-20,"Najafgarh, Delhi - DPCC",0.852,201.17948717948718
2021-11-20,"New Collectorate, Baghpat - UPPCB",0.9915,201.2439024390244
2021-11-20,"Okhla Phase-2, Delhi - DPCC",1.389,240.75
2021-11-20,"Punjabi Bagh, Delhi - DPCC",1.418,241.51612903225808
2021-11-20,"R K Puram, Delhi - DPCC",1.2945,253.0909090909091
2021-11-20,"Rohini, Delhi - DPCC",1.134,267.8333333333333
2021-11-20,"Sanjay Nagar, Ghaziabad - UPPCB",1.155,160.69565217391303
2021-11-20,"Sri Aurobindo Marg, Delhi - DPCC",1.1735,193.25
2021-11-20,"Vasundhara, Ghaziabad - UPPCB",1.136,207.6153846153846
2021-11-20,"Vikas Sadan, Gurugram - HSPCB",0.994,218.66206896551722
2021-11-20,"Vivek Vihar, Delhi - DPCC",1.018,279.24
2021-11-21,"Alipur, Delhi - DPCC",0.4855,162.52631578947367
2021-11-21,"Anand Vihar, Delhi - DPCC",0.4695,159.6875
2021-11-21,"Ashok Vihar, Delhi - DPCC",0.505,193.10526315789474
2021-11-21,"Bawana, Delhi - DPCC",0.517,209.67441860465115
2021-11-21,"Burari Crossing, New Delhi - IMD",0.504,131.72390243902439
2021-11-21,"Chandni Chowk, Delhi - IITM",0.476,124.47666666666667
2021-11-21,"Dwarka-Sector 8, Delhi - DPCC ",0.477,191.9375
2021-11-21,"Ganga Nagar, Meerut - UPPCB",0.3815,124.28888888888889
2021-11-21,"ITO, Delhi - CPCB",0.481,179.4
2021-11-21,"Indirapuram, Ghaziabad - UPPCB",0.479,119.69047619047619
2021-11-21,"Jai Bhim Nagar, Meerut - UPPCB",0.362,119.62162162162163
2021-11-21,"Knowledge Park - V, Greater Noida - UPPCB",0.457,108.92682926829268
2021-11-21,"MD University, Rohtak - HSPCB",0.916,137.20083333333335
2021-11-21,"Major Dhyan Chand National Stadium, Delhi - DPCC",0.468,183.52380952380952
2021-11-21,"Mandir Marg, New Delhi - DPCC",0.5115,170.53125
2021-11-21,"Moti Doongri, Alwar - RSPCB",0.858,61.050769230769234
2021-11-21,"Najafgarh, Delhi - DPCC",0.5345,182.63636363636363
2021-11-21,"Nehru Nagar, Delhi - DPCC",0.4785,144.625
2021-11-21,"New Collectorate, Baghpat - UPPCB",0.4525,170.09756097560975
2021-11-21,New Delhi,0.496,188.91666666666666
2021-11-21,"Okhla Phase-2, Delhi - DPCC",0.488,169.93333333333334
2021-11-21,"Punjabi Bagh, Delhi - DPCC",0.5675,187.84
2021-11-21,"R K Puram, Delhi - DPCC",0.4405,192.85185185185185
2021-11-21,"Rohini, Delhi - DPCC",0.5505,205.58333333333334
2021-11-21,"Sector 11, Faridabad - HSPCB",0.605,159.60555555555555
2021-11-21,"Sector- 16A, Faridabad - HSPCB",0.5905,151.91666666666666
2021-11-21,"Shyam Nagar, Palwal - HSPCB",0.526,77.60818181818182
2021-11-21,"Sri Aurobindo Marg, Delhi - DPCC",0.429,173.29166666666666
2021-11-21,"Vasundhara, Ghaziabad - UPPCB",0.489,135.80555555555554
2021-11-21,"Vikas Sadan, Gurugram - HSPCB",0.623,170.17142857142858
2021-11-21,"Vivek Vihar, Delhi - DPCC",0.5075,229.8
2021-11-22,"Alipur, Delhi - DPCC",0.3755,139.59459459459458
2021-11-22,"Anand Vihar, Delhi - DPCC",0.407,123.41666666666667
2021-11-22,"Ashok Vihar, Delhi - DPCC",0.4275,126.8
2021-11-22,"Bawana, Delhi - DPCC",0.396,155.425
2021-11-22,"Burari Crossing, New Delhi - IMD",0.4185,107.40219512195121
2021-11-22,"Chandni Chowk, Delhi - IITM",0.381,97.42121212121212
2021-11-22,"Dwarka-Sector 8, Delhi - DPCC ",0.4755,132.04347826086956
2021-11-22,"Ganga Nagar, Meerut - UPPCB",0.356,87.0
2021-11-22,"ITO, Delhi - CPCB",0.4045,119.425
2021-11-22,"Indirapuram, Ghaziabad - UPPCB",0.3845,86.75
2021-11-22,"Jai Bhim Nagar, Meerut - UPPCB",0.381,92.13157894736842
2021-11-22,"Knowledge Park - V, Greater Noida - UPPCB",0.3865,91.13513513513513
2021-11-22,"MD University, Rohtak - HSPCB",0.5575,118.7292
2021-11-22,"Major Dhyan Chand National Stadium, Delhi - DPCC",0.4005,129.30434782608697
2021-11-22,"Mandir Marg, New Delhi - DPCC",0.4035,119.625
2021-11-22,"Moti Doongri, Alwar - RSPCB",0.2925,37.11767441860465
2021-11-22,"Najafgarh, Delhi - DPCC",0.436,116.0
2021-11-22,"Nehru Nagar, Delhi - DPCC",0.4025,102.80952380952381
2021-11-22,"New Collectorate, Baghpat - UPPCB",0.429,102.85
2021-11-22,New Delhi,0.3615,133.91666666666666
2021-11-22,"North Campus, DU, Delhi - IMD",0.421,116.91
2021-11-22,"Okhla Phase-2, Delhi - DPCC",0.418,124.29166666666667
2021-11-22,"Omex Eternity, Vrindavan - UPPCB",0.445,58.4715625
2021-11-22,"Punjabi Bagh, Delhi - DPCC",0.4475,146.25
2021-11-22,"R K Puram, Delhi - DPCC",0.4055,153.86666666666667
2021-11-22,"Rohini, Delhi - DPCC",0.4325,141.75
2021-11-22,"Sanjay Nagar, Ghaziabad - UPPCB",0.3675,97.56818181818181
2021-11-22,"Sector 11, Faridabad - HSPCB",0.3545,145.12972972972975
2021-11-22,"Sector- 16A, Faridabad - HSPCB",0.3415,103.34146341463415
2021-11-22,"Shyam Nagar, Palwal - HSPCB",0.355,74.2260975609756
2021-11-22,"Sri Aurobindo Marg, Delhi - DPCC",0.3995,127.125
2021-11-22,"Vasundhara, Ghaziabad - UPPCB",0.419,99.8
2021-11-22,"Vikas Sadan, Gurugram - HSPCB",0.396,96.72758620689655
2021-11-22,"Vivek Vihar, Delhi - DPCC",0.41,159.70833333333334
2021-11-23,"Alipur, Delhi - DPCC",0.8815,219.6764705882353
2021-11-23,"Anand Vihar, Delhi - DPCC",0.7755,193.5
2021-11-23,"Ashok Vihar, Delhi - DPCC",0.849,232.57142857142858
2021-11-23,"Bawana, Delhi - DPCC",0.8075,210.92
2021-11-23,"Burari Crossing, New Delhi - IMD",0.8705,155.5625641025641
2021-11-23,"Chandni Chowk, Delhi - IITM",0.7845,192.76000000000002
2021-11-23,"Dwarka-Sector 8, Delhi - DPCC ",0.7205,197.1
2021-11-23,"Ganga Nagar, Meerut - UPPCB",0.808,183.34285714285716
2021-11-23,"ITO, Delhi - CPCB",0.7805,164.48648648648648
2021-11-23,"Indirapuram, Ghaziabad - UPPCB",0.7935,200.75
2021-11-23,"Jai Bhim Nagar, Meerut - UPPCB",0.7795,185.46875
2021-11-23,"Knowledge Park - V, Greater Noida - UPPCB",0.6755,176.35135135135135
2021-11-23,"MD University, Rohtak - HSPCB",0.869,153.7816129032258
2021-11-23,"Major Dhyan Chand National Stadium, Delhi - DPCC",0.722,174.0952380952381
2021-11-23,"Mandir Marg, New Delhi - DPCC",0.782,151.88888888888889
2021-11-23,"Moti Doongri, Alwar - RSPCB",0.313,32.60931034482759
2021-11-23,"Najafgarh, Delhi - DPCC",0.6555,119.76470588235294
2021-11-23,"Nehru Nagar, Delhi - DPCC",0.6925,201.6315789473684
2021-11-23,"New Collectorate, Baghpat - UPPCB",0.977,159.05882352941177
2021-11-23,New Delhi,0.787,148.79166666666666
2021-11-23,"North Campus, DU, Delhi - IMD",0.7955,189.07973684210526
2021-11-23,"Okhla Phase-2, Delhi - DPCC",0.703,194.42105263157896
2021-11-23,"Omex Eternity, Vrindavan - UPPCB",0.425,87.34148148148148
2021-11-23,"Punjabi Bagh, Delhi - DPCC",0.8355,268.7368421052632
2021-11-23,"R K Puram, Delhi - DPCC",0.6715,201.53846153846155
2021-11-23,"Rohini, Delhi - DPCC",0.8425,196.125
2021-11-23,"Sanjay Nagar, Ghaziabad - UPPCB",0.861,168.16666666666666
2021-11-23,"Sector 11, Faridabad - HSPCB",0.699,194.46451612903223
2021-11-23,"Sector- 16A, Faridabad - HSPCB",0.6325,203.16666666666666
2021-11-23,"Shyam Nagar, Palwal - HSPCB",0.5905,67.17967741935485
2021-11-23,"Sri Aurobindo Marg, Delhi - DPCC",0.651,131.52631578947367
2021-11-23,"Vasundhara, Ghaziabad - UPPCB",0.8015,158.35555555555555
2021-11-23,"Vikas Sadan, Gurugram - HSPCB",0.6685,69.74166666666666
2021-11-23,"Vivek Vihar, Delhi - DPCC",0.7915,202.6
2021-11-24,"Alipur, Delhi - DPCC",0.8955,231.5897435897436
2021-11-24,"Anand Vihar, Delhi - DPCC",1.0455,313.18518518518516
2021-11-24,"Ashok Vihar, Delhi - DPCC",0.738,298.5833333333333
2021-11-24,"Bawana, Delhi - DPCC",0.7765,269.1304347826087
2021-11-24,"Burari Crossing, New Delhi - IMD",1.0705,221.8585
2021-11-24,"Chandni Chowk, Delhi - IITM",0.791,221.04999999999998
2021-11-24,"Dwarka-Sector 8, Delhi - DPCC ",0.604,222.375
2021-11-24,"Ganga Nagar, Meerut - UPPCB",0.807,105.0
2021-11-24,"ITO, Delhi - CPCB",0.7825,260.8
2021-11-24,"Indirapuram, Ghaziabad - UPPCB",1.1255,155.0
2021-11-24,"Jai Bhim Nagar, Meerut - UPPCB",0.824,155.61904761904762
2021-11-24,"Knowledge Park - V, Greater Noida - UPPCB",0.905,151.675
2021-11-24,"MD University, Rohtak - HSPCB",0.6545,146.45279069767443
2021-11-24,"Major Dhyan Chand National Stadium, Delhi - DPCC",0.7855,264.875
2021-11-24,"Mandir Marg, New Delhi - DPCC",0.6925,230.3030303030303
2021-11-24,"Moti Doongri, Alwar - RSPCB",0.2945,49.97682926829269
2021-11-24,"Najafgarh, Delhi - DPCC",0.5755,179.47619047619048
2021-11-24,"Nehru Nagar, Delhi - DPCC",0.822,199.08695652173913
2021-11-24,"New Collectorate, Baghpat - UPPCB",0.7235,102.11627906976744
2021-11-24,New Delhi,0.6885,214.0
2021-11-24,"North Campus, DU, Delhi - IMD",0.7025,259.1574418604651
2021-11-24,"Okhla Phase-2, Delhi - DPCC",0.98,249.60714285714286
2021-11-24,"Omex Eternity, Vrindavan - UPPCB",0.6375,133.35633333333334
2021-11-24,"Punjabi Bagh, Delhi - DPCC",0.755,259.0357142857143
2021-11-24,"R K Puram, Delhi - DPCC",0.671,256.92857142857144
2021-11-24,"Rohini, Delhi - DPCC",0.92,318.3
2021-11-24,"Sanjay Nagar, Ghaziabad - UPPCB",1.149,184.02439024390245
2021-11-24,"Sector 11, Faridabad - HSPCB",0.6025,193.55853658536586
2021-11-24,"Sector- 16A, Faridabad - HSPCB",0.677,228.71428571428572
2021-11-24,"Shyam Nagar, Palwal - HSPCB",0.4905,55.87433333333333
2021-11-24,"Sri Aurobindo Marg, Delhi - DPCC",0.656,172.0
2021-11-24,"Vasundhara, Ghaziabad - UPPCB",1.0775,192.58536585365854
2021-11-24,"Vikas Sadan, Gurugram - HSPCB",0.4085,156.04347826086956
2021-11-24,"Vivek Vihar, Delhi - DPCC",1.127,341.6666666666667
2021-11-25,"Alipur, Delhi - DPCC",1.3915,277.82758620689657
2021-11-25,"Anand Vihar, Delhi - DPCC",1.1695,340.037037037037
2021-11-25,"Bawana, Delhi - DPCC",1.215,315.88
2021-11-25,"Chandni Chowk, Delhi - IITM",1.227,181.1081081081081
2021-11-25,"Dwarka-Sector 8, Delhi - DPCC ",0.8585,216.07407407407408
2021-11-25,"Ganga Nagar, Meerut - UPPCB",1.496,222.16666666666666
2021-11-25,"ITO, Delhi - CPCB",1.253,287.3076923076923
2021-11-25,"Indirapuram, Ghaziabad - UPPCB",1.1585,175.64864864864865
2021-11-25,"Jai Bhim Nagar, Meerut - UPPCB",1.415,191.925
2021-11-25,"Knowledge Park - V, Greater Noida - UPPCB",1.158,288.9714285714286
2021-11-25,"MD University, Rohtak - HSPCB",1.0295,193.09815789473683
2021-11-25,"Major Dhyan Chand National Stadium, Delhi - DPCC",1.2585,278.36
2021-11-25,"Mandir Marg, New Delhi - DPCC",1.133,256.93939393939394
2021-11-25,"Moti Doongri, Alwar - RSPCB",0.554,45.877857142857145
2021-11-25,"Najafgarh, Delhi - DPCC",0.85,174.41666666666666
2021-11-25,"Nehru Nagar, Delhi - DPCC",1.2305,188.31578947368422
2021-11-25,"New Collectorate, Baghpat - UPPCB",1.145,220.9142857142857
2021-11-25,New Delhi,1.25,247.04166666666666
2021-11-25,"North Campus, DU, Delhi - IMD",1.1745,276.4455813953488
2021-11-25,"Omex Eternity, Vrindavan - UPPCB",1.135,164.39857142857142
2021-11-25,"Punjabi Bagh, Delhi - DPCC",1.158,381.9375
2021-11-25,"R K Puram, Delhi - DPCC",1.1695,301.1578947368421
2021-11-25,"Sanjay Nagar, Ghaziabad - UPPCB",1.337,174.11764705882354
2021-11-25,"Sector 11, Faridabad - HSPCB",1.048,291.4194444444445
2021-11-25,"Sector- 16A, Faridabad - HSPCB",1.14,262.96875
2021-11-25,"Shyam Nagar, Palwal - HSPCB",0.879,92.1375
2021-11-25,"Vasundhara, Ghaziabad - UPPCB",1.2175,203.9047619047619
2021-11-25,"Vikas Sadan, Gurugram - HSPCB",0.882,203.8692307692308
2021-11-25,"Vivek Vihar, Delhi - DPCC",1.2315,315.4583333333333
2021-11-26,"Alipur, Delhi - DPCC",0.834,243.3235294117647
2021-11-26,"Anand Vihar, Delhi - DPCC",1.185,356.85714285714283
2021-11-26,"Ashok Vihar, Delhi - DPCC",0.9735,338.0
2021-11-26,"Bawana, Delhi - DPCC",0.898,269.2083333333333
2021-11-26,"Burari Crossing, New Delhi - IMD",0.981,201.715
2021-11-26,"Chandni Chowk, Delhi - IITM",1.18,168.7741935483871
2021-11-26,"Dwarka-Sector 8, Delhi - DPCC ",1.0515,279.03846153846155
2021-11-26,"Ganga Nagar, Meerut - UPPCB",0.783,131.07142857142858
2021-11-26,"ITO, Delhi - CPCB",1.2435,310.8478260869565
2021-11-26,"Indirapuram, Ghaziabad - UPPCB",1.2485,225.88888888888889
2021-11-26,"Jai Bhim Nagar, Meerut - UPPCB",0.832,167.26315789473685
2021-11-26,"Knowledge Park - V, Greater Noida - UPPCB",1.1275,208.25
2021-11-26,"MD University, Rohtak - HSPCB",0.885,150.71054054054053
2021-11-26,"Major Dhyan Chand National Stadium, Delhi - DPCC",1.254,281.30434782608694
2021-11-26,"Mandir Marg, New Delhi - DPCC",0.9985,264.48387096774195
2021-11-26,"Moti Doongri, Alwar - RSPCB",0.6275,60.9374358974359
2021-11-26,"Najafgarh, Delhi - DPCC",1.082,203.5
2021-11-26,"Nehru Nagar, Delhi - DPCC",1.252,217.25
2021-11-26,"New Collectorate, Baghpat - UPPCB",0.7125,169.35897435897436
2021-11-26,New Delhi,1.062,242.69565217391303
2021-11-26,"North Campus, DU, Delhi - IMD",1.0015,245.95714285714286
2021-11-26,"Okhla Phase-2, Delhi - DPCC",1.424,313.8636363636364
2021-11-26,"Omex Eternity, Vrindavan - UPPCB",0.9435,139.8075
2021-11-26,"Punjabi Bagh, Delhi - DPCC",0.9985,333.7692307692308
2021-11-26,"Rohini, Delhi - DPCC",0.922,330.27272727272725
2021-11-26,"Sanjay Nagar, Ghaziabad - UPPCB",1.2025,177.54545454545453
2021-11-26,"Sector 11, Faridabad - HSPCB",1.1255,260.51724137931035
2021-11-26,"Sector- 16A, Faridabad - HSPCB",1.0605,308.80645161290323
2021-11-26,"Shyam Nagar, Palwal - HSPCB",0.995,55.471034482758625
2021-11-26,"Sri Aurobindo Marg, Delhi - DPCC",1.2875,216.63636363636363
2021-11-26,"Vasundhara, Ghaziabad - UPPCB",1.0905,234.42105263157896
2021-11-26,"Vikas Sadan, Gurugram - HSPCB",1.1065,244.05185185185184
2021-11-26,"Vivek Vihar, Delhi - DPCC",1.0925,320.23809523809524
2021-11-27,"Alipur, Delhi - DPCC",1.0585,228.625
2021-11-27,"Anand Vihar, Delhi - DPCC",1.2315,304.65384615384613
2021-11-27,"Ashok Vihar, Delhi - DPCC",1.2985,288.7096774193548
2021-11-27,"Bawana, Delhi - DPCC",1.2585,317.64
2021-11-27,"Burari Crossing, New Delhi - IMD",1.3315,201.58399999999997
2021-11-27,"Chandni Chowk, Delhi - IITM",1.257,152.25365853658536
2021-11-27,"Dwarka-Sector 8, Delhi - DPCC ",1.2035,243.5
2021-11-27,"Ganga Nagar, Meerut - UPPCB",1.266,139.5
2021-11-27,"ITO, Delhi - CPCB",1.2185,287.609756097561
2021-11-27,"Indirapuram, Ghaziabad - UPPCB",1.208,162.61764705882354
2021-11-27,"Jai Bhim Nagar, Meerut - UPPCB",1.223,241.05
2021-11-27,"Knowledge Park - V, Greater Noida - UPPCB",1.2205,174.34146341463415
2021-11-27,"MD University, Rohtak - HSPCB",1.213,173.67525
2021-11-27,"Major Dhyan Chand National Stadium, Delhi - DPCC",1.1895,269.8
2021-11-27,"Mandir Marg, New Delhi - DPCC",1.176,236.8
2021-11-27,"Moti Doongri, Alwar - RSPCB",1.0045,68.88692307692308
2021-11-27,"Najafgarh, Delhi - DPCC",1.058,225.65217391304347
2021-11-27,"New Collectorate, Baghpat - UPPCB",1.1295,226.86046511627907
2021-11-27,New Delhi,1.1925,228.0
2021-11-27,"North Campus, DU, Delhi - IMD",1.244,251.49729729729728
2021-11-27,"Okhla Phase-2, Delhi - DPCC",1.2175,283.48
2021-11-27,"Omex Eternity, Vrindavan - UPPCB",1.167,112.27588235294118
2021-11-27,"Punjabi Bagh, Delhi - DPCC",1.2905,287.1111111111111
2021-11-27,"Rohini, Delhi - DPCC",1.38,352.60869565217394
2021-11-27,"Sanjay Nagar, Ghaziabad - UPPCB",1.2235,156.1219512195122
2021-11-27,"Sector 11, Faridabad - HSPCB",1.4775,48.830303030303035
2021-11-27,"Sector- 16A, Faridabad - HSPCB",1.171,245.63333333333333
2021-11-27,"Shyam Nagar, Palwal - HSPCB",1.336,35.91111111111111
2021-11-27,"Sri Aurobindo Marg, Delhi - DPCC",1.183,187.04347826086956
2021-11-27,"Vasundhara, Ghaziabad - UPPCB",1.208,186.23684210526315
2021-11-27,"Vikas Sadan, Gurugram - HSPCB",1.167,206.60666666666665
2021-11-27,"Vivek Vihar, Delhi - DPCC",1.211,289.8181818181818
2021-11-28,"Knowledge Park - V, Greater Noida - UPPCB",1.6985,240.0
2021-11-28,"Moti Doongri, Alwar - RSPCB",1.219,55.38
2021-11-28,New Delhi,1.4815,354.0
2021-11-28,"Rohini, Delhi - DPCC",1.444,334.0
2021-11-28,"Sanjay Nagar, Ghaziabad - UPPCB",1.609,150.0
2021-11-28,"Sector- 16A, Faridabad - HSPCB",1.5415,285.0
2021-11-28,"Vasundhara, Ghaziabad - UPPCB",1.5785,219.0
2021-11-28,"Vikas Sadan, Gurugram - HSPCB",1.3065,184.6
2021-11-29,"Alipur, Delhi - DPCC",0.4475,183.51351351351352
2021-11-29,"Anand Vihar, Delhi - DPCC",0.6695,226.45833333333334
2021-11-29,"Ashok Vihar, Delhi - DPCC",0.599,187.6
2021-11-29,"Bawana, Delhi - DPCC",0.5175,204.2608695652174
2021-11-29,"Burari Crossing, New Delhi - IMD",0.6385,134.2519512195122
2021-11-29,"Chandni Chowk, Delhi - IITM",0.63,124.27575757575758
2021-11-29,"Dwarka-Sector 8, Delhi - DPCC ",0.801,218.0
2021-11-29,"Ganga Nagar, Meerut - UPPCB",0.4625,100.93333333333334
2021-11-29,"ITO, Delhi - CPCB",0.6225,197.5952380952381
2021-11-29,"Indirapuram, Ghaziabad - UPPCB",0.689,148.87878787878788
2021-11-29,"Jai Bhim Nagar, Meerut - UPPCB",0.514,107.3225806451613
2021-11-29,"Knowledge Park - V, Greater Noida - UPPCB",0.7725,130.85714285714286
2021-11-29,"MD University, Rohtak - HSPCB",0.754,115.32478260869566
2021-11-29,"Major Dhyan Chand National Stadium, Delhi - DPCC",0.6265,209.76
2021-11-29,"Mandir Marg, New Delhi - DPCC",0.5835,185.48387096774192
2021-11-29,"Najafgarh, Delhi - DPCC",0.73,151.64
2021-11-29,"Nehru Nagar, Delhi - DPCC",0.7395,210.7
2021-11-29,"New Collectorate, Baghpat - UPPCB",0.464,121.13157894736842
2021-11-29,New Delhi,0.5935,201.6086956521739
2021-11-29,"North Campus, DU, Delhi - IMD",0.617,164.65410256410257
2021-11-29,"Okhla Phase-2, Delhi - DPCC",0.853,201.57692307692307
2021-11-29,"Omex Eternity, Vrindavan - UPPCB",1.36,99.53772727272727
2021-11-29,"R K Puram, Delhi - DPCC",0.8095,223.03333333333333
2021-11-29,"Rohini, Delhi - DPCC",0.5845,208.08333333333334
2021-11-29,"Sanjay Nagar, Ghaziabad - UPPCB",0.6265,138.59459459459458
2021-11-29,"Sector 11, Faridabad - HSPCB",0.983,41.37241379310345
2021-11-29,"Sector- 16A, Faridabad - HSPCB",0.724,190.91176470588235
2021-11-29,"Shyam Nagar, Palwal - HSPCB",0.854,33.620370370370374
2021-11-29,"Sri Aurobindo Marg, Delhi - DPCC",0.706,164.76
2021-11-29,"Vasundhara, Ghaziabad - UPPCB",0.6985,137.95348837209303
2021-11-29,"Vikas Sadan, Gurugram - HSPCB",0.6665,168.50357142857143
2021-11-29,"Vivek Vihar, Delhi - DPCC",0.6675,195.1904761904762
2021-11-30,"Alipur, Delhi - DPCC",0.69,213.05555555555554
2021-11-30,"Anand Vihar, Delhi - DPCC",1.024,235.54166666666666
2021-11-30,"Bawana, Delhi - DPCC",0.759,233.0
2021-11-30,"Chandni Chowk, Delhi - IITM",0.961,168.06511627906977
2021-11-30,"Dwarka-Sector 8, Delhi - DPCC ",1.131,219.76
2021-11-30,"Ganga Nagar, Meerut - UPPCB",0.682,143.3658536585366
2021-11-30,"ITO, Delhi - CPCB",1.0265,183.3953488372093
2021-11-30,"Indirapuram, Ghaziabad - UPPCB",0.892,192.4
2021-11-30,"Jai Bhim Nagar, Meerut - UPPCB",0.704,131.63636363636363
2021-11-30,"Knowledge Park - V, Greater Noida - UPPCB",0.904,131.35135135135135
2021-11-30,"MD University, Rohtak - HSPCB",0.962,119.21627906976745
2021-11-30,"Major Dhyan Chand National Stadium, Delhi - DPCC",1.021,189.04
2021-11-30,"Mandir Marg, New Delhi - DPCC",0.873,173.55172413793105
2021-11-30,"Najafgarh, Delhi - DPCC",1.0295,159.30434782608697
2021-11-30,"Nehru Nagar, Delhi - DPCC",1.073,224.24
2021-11-30,New Delhi,1.009,180.25
2021-11-30,"North Campus, DU, Delhi - IMD",0.834,165.43969696969697
2021-11-30,"Okhla Phase-2, Delhi - DPCC",1.046,197.72
2021-11-30,"Punjabi Bagh, Delhi - DPCC",1.028,242.93333333333334
2021-11-30,"R K Puram, Delhi - DPCC",0.963,203.0
2021-11-30,"Rohini, Delhi - DPCC",1.236,234.66666666666666
2021-11-30,"Sanjay Nagar, Ghaziabad - UPPCB",0.887,167.2
2021-11-30,"Sector 11, Faridabad - HSPCB",0.644,198.38285714285712
2021-11-30,"Sector- 16A, Faridabad - HSPCB",0.668,178.11111111111111
2021-11-30,"Vasundhara, Ghaziabad - UPPCB",0.87,184.46153846153845
2021-11-30,"Vikas Sadan, Gurugram - HSPCB",0.733,98.99444444444445
2021-12-04,"Alipur, Delhi - DPCC",0.608,183.72727272727272
2021-12-04,"Anand Vihar, Delhi - DPCC",0.5715,205.9090909090909
2021-12-04,"Ashok Vihar, Delhi - DPCC",0.599,203.57142857142858
2021-12-04,"Bawana, Delhi - DPCC",0.601,202.6153846153846
2021-12-04,"Burari Crossing, New Delhi - IMD",0.614,136.45833333333334
2021-12-04,"Chandni Chowk, Delhi - IITM",0.647,116.92285714285715
2021-12-04,"Dwarka-Sector 8, Delhi - DPCC ",0.5505,163.72
2021-12-04,"Ganga Nagar, Meerut - UPPCB",0.5055,111.22222222222223
2021-12-04,"ITO, Delhi - CPCB",0.7325,177.3793103448276
2021-12-04,"Indirapuram, Ghaziabad - UPPCB",0.7335,149.05555555555554
2021-12-04,"Jai Bhim Nagar, Meerut - UPPCB",0.457,110.43243243243244
2021-12-04,"Knowledge Park - V, Greater Noida - UPPCB",0.612,142.1891891891892
2021-12-04,"MD University, Rohtak - HSPCB",0.622,104.23199999999999
2021-12-04,"Major Dhyan Chand National Stadium, Delhi - DPCC",0.704,166.24
2021-12-04,"Mandir Marg, New Delhi - DPCC",0.645,123.80645161290323
2021-12-04,"Moti Doongri, Alwar - RSPCB",0.422,44.26425
2021-12-04,"Najafgarh, Delhi - DPCC",0.554,113.73076923076923
2021-12-04,"Nehru Nagar, Delhi - DPCC",0.6385,217.63636363636363
2021-12-04,"New Collectorate, Baghpat - UPPCB",0.4835,104.0909090909091
2021-12-04,New Delhi,0.703,139.58333333333334
2021-12-04,"North Campus, DU, Delhi - IMD",0.6875,189.45294117647057
2021-12-04,"Okhla Phase-2, Delhi - DPCC",0.5935,172.27272727272728
2021-12-04,"Omex Eternity, Vrindavan - UPPCB",0.5205,70.72666666666667
2021-12-04,"Punjabi Bagh, Delhi - DPCC",0.7005,214.0
2021-12-04,"R K Puram, Delhi - DPCC",0.587,173.0
2021-12-04,"Rohini, Delhi - DPCC",0.623,216.11111111111111
2021-12-04,"Sanjay Nagar, Ghaziabad - UPPCB",0.569,140.6
2021-12-04,"Sector 11, Faridabad - HSPCB",0.568,146.7391304347826
2021-12-04,"Sector- 16A, Faridabad - HSPCB",0.547,179.33333333333334
2021-12-04,"Shyam Nagar, Palwal - HSPCB",0.4705,16.263157894736842
2021-12-04,"Sri Aurobindo Marg, Delhi - DPCC",0.5375,115.8695652173913
2021-12-04,"Vasundhara, Ghaziabad - UPPCB",0.661,121.37209302325581
2021-12-04,"Vikas Sadan, Gurugram - HSPCB",0.507,150.0
2021-12-04,"Vivek Vihar, Delhi - DPCC",0.6365,167.20833333333334
2021-12-05,"Alipur, Delhi - DPCC",0.884,181.2173913043478
2021-12-05,"Anand Vihar, Delhi - DPCC",1.124,224.0
2021-12-05,"Ashok Vihar, Delhi - DPCC",1.002,207.41666666666666
2021-12-05,"Bawana, Delhi - DPCC",1.005,208.68
2021-12-05,"Burari Crossing, New Delhi - IMD",1.033,129.32102564102564
2021-12-05,"Chandni Chowk, Delhi - IITM",0.98,130.9581395348837
2021-12-05,"Ganga Nagar, Meerut - UPPCB",0.732,113.64285714285714
2021-12-05,"Jai Bhim Nagar, Meerut - UPPCB",0.781,119.44827586206897
2021-12-05,"MD University, Rohtak - HSPCB",0.793,84.49342105263158
2021-12-05,"New Collectorate, Baghpat - UPPCB",0.778,114.0
2021-12-05,New Delhi,0.938,179.875
2021-12-05,"Punjabi Bagh, Delhi - DPCC",0.986,235.66666666666666
2021-12-05,"Rohini, Delhi - DPCC",0.989,224.79166666666666
2021-12-05,"Sanjay Nagar, Ghaziabad - UPPCB",0.94,124.51219512195122
2021-12-05,"Shyam Nagar, Palwal - HSPCB",1.559,19.274782608695652
2021-12-05,"Vasundhara, Ghaziabad - UPPCB",1.043,142.72972972972974
2021-12-05,"Vivek Vihar, Delhi - DPCC",1.103,218.5
2021-12-06,"Alipur, Delhi - DPCC",0.973,101.9090909090909
2021-12-06,"Anand Vihar, Delhi - DPCC",1.2725,151.6818181818182
2021-12-06,"Ashok Vihar, Delhi - DPCC",1.2515,128.17391304347825
2021-12-06,"Bawana, Delhi - DPCC",1.0925,115.23809523809524
2021-12-06,"Burari Crossing, New Delhi - IMD",1.187,78.36243902439024
2021-12-06,"Chandni Chowk, Delhi - IITM",1.339,83.31764705882354
2021-12-06,"Dwarka-Sector 8, Delhi - DPCC ",1.2445,145.80769230769232
2021-12-06,"Ganga Nagar, Meerut - UPPCB",0.754,98.22222222222223
2021-12-06,"ITO, Delhi - CPCB",1.231,73.04761904761905
2021-12-06,"Indirapuram, Ghaziabad - UPPCB",1.2385,127.28571428571429
2021-12-06,"Jai Bhim Nagar, Meerut - UPPCB",1.287,78.92
2021-12-06,"Knowledge Park - V, Greater Noida - UPPCB",1.4895,106.78947368421052
2021-12-06,"MD University, Rohtak - HSPCB",1.253,62.388837209302324
2021-12-06,"Major Dhyan Chand National Stadium, Delhi - DPCC",1.2245,134.58333333333334
2021-12-06,"Mandir Marg, New Delhi - DPCC",1.1675,114.34375
2021-12-06,"Najafgarh, Delhi - DPCC",0.9185,111.95454545454545
2021-12-06,"Nehru Nagar, Delhi - DPCC",1.3075,212.34782608695653
2021-12-06,"New Collectorate, Baghpat - UPPCB",0.8485,76.10526315789474
2021-12-06,New Delhi,1.1835,135.625
2021-12-06,"North Campus, DU, Delhi - IMD",1.178,102.99181818181819
2021-12-06,"Okhla Phase-2, Delhi - DPCC",1.336,144.7037037037037
2021-12-06,"Omex Eternity, Vrindavan - UPPCB",1.919,107.79928571428572
2021-12-06,"Punjabi Bagh, Delhi - DPCC",1.2525,155.88888888888889
2021-12-06,"R K Puram, Delhi - DPCC",1.241,175.38709677419354
2021-12-06,"Rohini, Delhi - DPCC",1.239,144.70833333333334
2021-12-06,"Sanjay Nagar, Ghaziabad - UPPCB",1.179,123.6470588235294
2021-12-06,"Sector 11, Faridabad - HSPCB",1.197,102.72692307692309
2021-12-06,"Sector- 16A, Faridabad - HSPCB",1.306,147.29032258064515
2021-12-06,"Shyam Nagar, Palwal - HSPCB",1.518,16.9525
2021-12-06,"Sri Aurobindo Marg, Delhi - DPCC",1.252,118.64102564102564
2021-12-06,"Vasundhara, Ghaziabad - UPPCB",1.2825,136.6216216216216
2021-12-06,"Vikas Sadan, Gurugram - HSPCB",0.8865,121.09565217391304
2021-12-06,"Vivek Vihar, Delhi - DPCC",1.233,112.875
2021-12-07,"Alipur, Delhi - DPCC",0.37,65.6875
2021-12-07,"Anand Vihar, Delhi - DPCC",0.4905,99.58823529411765
2021-12-07,"Ashok Vihar, Delhi - DPCC",0.4785,97.3529411764706
2021-12-07,"Bawana, Delhi - DPCC",0.4395,97.41176470588235
2021-12-07,"Burari Crossing, New Delhi - IMD",0.474,60.0588
2021-12-07,"Chandni Chowk, Delhi - IITM",0.494,89.66190476190476
2021-12-07,"Dwarka-Sector 8, Delhi - DPCC ",0.66,107.23529411764706
2021-12-07,"Ganga Nagar, Meerut - UPPCB",0.284,41.8235294117647
2021-12-07,"ITO, Delhi - CPCB",0.499,42.46153846153846
2021-12-07,"Indirapuram, Ghaziabad - UPPCB",0.465,79.66666666666667
2021-12-07,"Jai Bhim Nagar, Meerut - UPPCB",0.2815,72.79166666666667
2021-12-07,"Knowledge Park - V, Greater Noida - UPPCB",0.372,72.31818181818181
2021-12-07,"MD University, Rohtak - HSPCB",0.588,63.0508695652174
2021-12-07,"Major Dhyan Chand National Stadium, Delhi - DPCC",0.491,92.58823529411765
2021-12-07,"Mandir Marg, New Delhi - DPCC",0.5225,82.26315789473684
2021-12-07,"Moti Doongri, Alwar - RSPCB",0.634,45.8172
2021-12-07,"Najafgarh, Delhi - DPCC",0.559,86.07142857142857
2021-12-07,"Nehru Nagar, Delhi - DPCC",0.4895,152.13333333333333
2021-12-07,"New Collectorate, Baghpat - UPPCB",0.3105,66.48148148148148
2021-12-07,New Delhi,0.5265,118.91666666666667
2021-12-07,"North Campus, DU, Delhi - IMD",0.5525,71.05931034482758
2021-12-07,"Okhla Phase-2, Delhi - DPCC",0.461,105.92857142857143
2021-12-07,"Omex Eternity, Vrindavan - UPPCB",0.384,65.86470588235295
2021-12-07,"Punjabi Bagh, Delhi - DPCC",0.578,105.55555555555556
2021-12-07,"R K Puram, Delhi - DPCC",0.4925,122.88888888888889
2021-12-07,"Rohini, Delhi - DPCC",0.4665,105.2
2021-12-07,"Sanjay Nagar, Ghaziabad - UPPCB",0.422,64.5
2021-12-07,"Sector 11, Faridabad - HSPCB",0.4385,72.49374999999999
2021-12-07,"Sector- 16A, Faridabad - HSPCB",0.4315,89.64
2021-12-07,"Shyam Nagar, Palwal - HSPCB",0.404,16.04285714285714
2021-12-07,"Sri Aurobindo Marg, Delhi - DPCC",0.4485,85.56521739130434
2021-12-07,"Vasundhara, Ghaziabad - UPPCB",0.4465,70.96
2021-12-07,"Vikas Sadan, Gurugram - HSPCB",0.5015,60.833333333333336
2021-12-07,"Vivek Vihar, Delhi - DPCC",0.449,102.22222222222223
2021-12-08,"Alipur, Delhi - DPCC",0.4065,127.08333333333333
2021-12-08,"Anand Vihar, Delhi - DPCC",0.4945,158.10714285714286
2021-12-08,"Ashok Vihar, Delhi - DPCC",0.5035,133.62962962962962
2021-12-08,"Bawana, Delhi - DPCC",0.446,168.8846153846154
2021-12-08,"Burari Crossing, New Delhi - IMD",0.4445,87.85714285714286
2021-12-08,"Chandni Chowk, Delhi - IITM",0.5035,133.79393939393938
2021-12-08,"Dwarka-Sector 8, Delhi - DPCC ",0.5595,139.19230769230768
2021-12-08,"Ganga Nagar, Meerut - UPPCB",0.576,61.27272727272727
2021-12-08,"ITO, Delhi - CPCB",0.491,65.6
2021-12-08,"Indirapuram, Ghaziabad - UPPCB",0.448,129.85714285714286
2021-12-08,"Jai Bhim Nagar, Meerut - UPPCB",0.5435,136.5
2021-12-08,"Knowledge Park - V, Greater Noida - UPPCB",0.514,123.5
2021-12-08,"MD University, Rohtak - HSPCB",0.5475,92.70315789473683
2021-12-08,"Major Dhyan Chand National Stadium, Delhi - DPCC",0.487,130.16666666666666
2021-12-08,"Mandir Marg, New Delhi - DPCC",0.4495,114.06666666666666
2021-12-08,"Moti Doongri, Alwar - RSPCB",0.5095,33.034285714285716
2021-12-08,"Najafgarh, Delhi - DPCC",0.465,91.04761904761905
2021-12-08,"Nehru Nagar, Delhi - DPCC",0.496,160.42105263157896
2021-12-08,"New Collectorate, Baghpat - UPPCB",0.3845,75.64516129032258
2021-12-08,New Delhi,0.44,118.125
2021-12-08,"North Campus, DU, Delhi - IMD",0.4635,111.32950000000001
2021-12-08,"Okhla Phase-2, Delhi - DPCC",0.471,117.4
2021-12-08,"Omex Eternity, Vrindavan - UPPCB",0.5645,64.3008695652174
2021-12-08,"Punjabi Bagh, Delhi - DPCC",0.44,169.8846153846154
2021-12-08,"R K Puram, Delhi - DPCC",0.4505,127.89285714285714
2021-12-08,"Rohini, Delhi - DPCC",0.4685,159.25
2021-12-08,"Sanjay Nagar, Ghaziabad - UPPCB",0.4295,138.90625
2021-12-08,"Sector 11, Faridabad - HSPCB",0.4385,85.77333333333333
2021-12-08,"Sector- 16A, Faridabad - HSPCB",0.436,110.29411764705883
2021-12-08,"Shyam Nagar, Palwal - HSPCB",0.428,11.805882352941175
2021-12-08,"Sri Aurobindo Marg, Delhi - DPCC",0.493,101.0
2021-12-08,"Vasundhara, Ghaziabad - UPPCB",0.445,93.47368421052632
2021-12-08,"Vikas Sadan, Gurugram - HSPCB",0.437,99.36857142857143
2021-12-08,"Vivek Vihar, Delhi - DPCC",0.474,146.03846153846155
2021-12-09,"Alipur, Delhi - DPCC",1.401,147.6
2021-12-09,"Anand Vihar, Delhi - DPCC",1.407,208.6086956521739
2021-12-09,"Ashok Vihar, Delhi - DPCC",1.3085,178.78571428571428
2021-12-09,"Bawana, Delhi - DPCC",1.2385,171.23076923076923
2021-12-09,"Burari Crossing, New Delhi - IMD",1.328,108.81300000000002
2021-12-09,"Chandni Chowk, Delhi - IITM",1.2735,135.81666666666666
2021-12-09,"Dwarka-Sector 8, Delhi - DPCC ",1.126,166.84
2021-12-09,"Ganga Nagar, Meerut - UPPCB",1.241,120.08823529411765
2021-12-09,"ITO, Delhi - CPCB",1.221,81.07317073170732
2021-12-09,"Indirapuram, Ghaziabad - UPPCB",1.472,138.07142857142858
2021-12-09,"Jai Bhim Nagar, Meerut - UPPCB",1.262,166.19444444444446
2021-12-09,"Knowledge Park - V, Greater Noida - UPPCB",1.514,138.1627906976744
2021-12-09,"MD University, Rohtak - HSPCB",1.057,88.2406976744186
2021-12-09,"Major Dhyan Chand National Stadium, Delhi - DPCC",1.2575,168.375
2021-12-09,"Mandir Marg, New Delhi - DPCC",1.3515,138.05714285714285
2021-12-09,"Moti Doongri, Alwar - RSPCB",0.572,51.48342105263158
2021-12-09,"Najafgarh, Delhi - DPCC",1.0765,116.6086956521739
2021-12-09,"Nehru Nagar, Delhi - DPCC",1.1375,212.89473684210526
2021-12-09,"New Collectorate, Baghpat - UPPCB",1.3535,123.21052631578948
2021-12-09,New Delhi,1.246,155.95833333333334
2021-12-09,"North Campus, DU, Delhi - IMD",1.101,141.3039534883721
2021-12-09,"Okhla Phase-2, Delhi - DPCC",1.129,151.22222222222223
2021-12-09,"Omex Eternity, Vrindavan - UPPCB",1.18,80.62035714285715
2021-12-09,"Punjabi Bagh, Delhi - DPCC",1.235,176.07407407407408
2021-12-09,"R K Puram, Delhi - DPCC",1.091,179.85714285714286
2021-12-09,"Rohini, Delhi - DPCC",1.2545,196.25
2021-12-09,"Sector 11, Faridabad - HSPCB",1.2645,96.03529411764706
2021-12-09,"Sector- 16A, Faridabad - HSPCB",1.212,132.3125
2021-12-09,"Shyam Nagar, Palwal - HSPCB",1.113,17.309047619047618
2021-12-09,"Sri Aurobindo Marg, Delhi - DPCC",1.035,132.21951219512195
2021-12-09,"Vasundhara, Ghaziabad - UPPCB",1.538,148.72972972972974
2021-12-09,"Vikas Sadan, Gurugram - HSPCB",1.054,120.3780487804878
2021-12-09,"Vivek Vihar, Delhi - DPCC",1.542,207.5
2021-12-10,"Alipur, Delhi - DPCC",0.757,129.25925925925927
2021-12-10,"Anand Vihar, Delhi - DPCC",0.9225,180.96
2021-12-10,"Ashok Vihar, Delhi - DPCC",0.875,151.4814814814815
2021-12-10,"Bawana, Delhi - DPCC",0.918,160.82142857142858
2021-12-10,"Burari Crossing, New Delhi - IMD",0.921,98.62899999999999
2021-12-10,"Chandni Chowk, Delhi - IITM",0.8405,162.89761904761903
2021-12-10,"Dwarka-Sector 8, Delhi - DPCC ",0.8455,158.84
2021-12-10,"Ganga Nagar, Meerut - UPPCB",0.5605,106.3170731707317
2021-12-10,"ITO, Delhi - CPCB",0.8425,70.1891891891892
2021-12-10,"Indirapuram, Ghaziabad - UPPCB",0.9165,112.575
2021-12-10,"Jai Bhim Nagar, Meerut - UPPCB",0.5945,94.41025641025641
2021-12-10,"Knowledge Park - V, Greater Noida - UPPCB",0.988,94.46341463414635
2021-12-10,"MD University, Rohtak - HSPCB",0.925,97.35780487804878
2021-12-10,"Major Dhyan Chand National Stadium, Delhi - DPCC",0.8545,154.33333333333334
2021-12-10,"Mandir Marg, New Delhi - DPCC",0.803,136.34285714285716
2021-12-10,"Moti Doongri, Alwar - RSPCB",0.874,58.473
2021-12-10,"Najafgarh, Delhi - DPCC",0.8255,115.72
2021-12-10,"Nehru Nagar, Delhi - DPCC",0.873,189.33333333333334
2021-12-10,"New Collectorate, Baghpat - UPPCB",0.598,86.38461538461539
2021-12-10,New Delhi,0.8025,149.875
2021-12-10,"North Campus, DU, Delhi - IMD",0.8235,122.57612903225807
2021-12-10,"Okhla Phase-2, Delhi - DPCC",0.884,147.0
2021-12-10,"Omex Eternity, Vrindavan - UPPCB",1.0235,82.82410256410256
2021-12-10,"Punjabi Bagh, Delhi - DPCC",0.8725,169.96296296296296
2021-12-10,"R K Puram, Delhi - DPCC",0.8815,149.27272727272728
2021-12-10,"Rohini, Delhi - DPCC",0.8965,169.69230769230768
2021-12-10,"Sanjay Nagar, Ghaziabad - UPPCB",0.8185,124.68571428571428
2021-12-10,"Sector 11, Faridabad - HSPCB",0.8435,97.82333333333332
2021-12-10,"Sector- 16A, Faridabad - HSPCB",0.791,124.7741935483871
2021-12-10,"Shyam Nagar, Palwal - HSPCB",0.885,18.980384615384615
2021-12-10,"Sri Aurobindo Marg, Delhi - DPCC",0.813,129.1
2021-12-10,"Vasundhara, Ghaziabad - UPPCB",0.944,110.31818181818181
2021-12-10,"Vikas Sadan, Gurugram - HSPCB",0.833,83.21935483870968
2021-12-10,"Vivek Vihar, Delhi - DPCC",0.9055,161.72727272727272
2021-12-11,"Alipur, Delhi - DPCC",0.689,148.68
2021-12-11,"Anand Vihar, Delhi - DPCC",0.6405,145.0344827586207
2021-12-11,"Ashok Vihar, Delhi - DPCC",0.6225,168.61111111111111
2021-12-11,"Bawana, Delhi - DPCC",0.661,144.28
2021-12-11,"Burari Crossing, New Delhi - IMD",0.669,83.22384615384615
2021-12-11,"Chandni Chowk, Delhi - IITM",0.596,114.4560975609756
2021-12-11,"Dwarka-Sector 8, Delhi - DPCC ",0.526,148.85185185185185
2021-12-11,"Ganga Nagar, Meerut - UPPCB",0.674,135.21428571428572
2021-12-11,"ITO, Delhi - CPCB",0.614,40.21621621621622
2021-12-11,"Indirapuram, Ghaziabad - UPPCB",0.667,119.13888888888889
2021-12-11,"Jai Bhim Nagar, Meerut - UPPCB",0.6805,148.72093023255815
2021-12-11,"Knowledge Park - V, Greater Noida - UPPCB",0.556,75.45238095238095
2021-12-11,"MD University, Rohtak - HSPCB",0.56,78.73785714285715
2021-12-11,"Major Dhyan Chand National Stadium, Delhi - DPCC",0.565,117.66666666666667
2021-12-11,"Mandir Marg, New Delhi - DPCC",0.6175,96.54054054054055
2021-12-11,"Moti Doongri, Alwar - RSPCB",0.418,48.8935
2021-12-11,"Najafgarh, Delhi - DPCC",0.4895,83.5
2021-12-11,"Nehru Nagar, Delhi - DPCC",0.4995,155.9
2021-12-11,"New Collectorate, Baghpat - UPPCB",0.57,100.04545454545455
2021-12-11,New Delhi,0.65,107.875
2021-12-11,"North Campus, DU, Delhi - IMD",0.611,108.18666666666667
2021-12-11,"Okhla Phase-2, Delhi - DPCC",0.498,124.62962962962963
2021-12-11,"Omex Eternity, Vrindavan - UPPCB",0.6735,78.56078947368421
2021-12-11,"Punjabi Bagh, Delhi - DPCC",0.609,157.7741935483871
2021-12-11,"R K Puram, Delhi - DPCC",0.454,138.4375
2021-12-11,"Rohini, Delhi - DPCC",0.6635,155.0
2021-12-11,"Sanjay Nagar, Ghaziabad - UPPCB",0.649,125.43589743589743
2021-12-11,"Sector 11, Faridabad - HSPCB",0.5045,94.59285714285714
2021-12-11,"Sector- 16A, Faridabad - HSPCB",0.4995,96.03333333333333
2021-12-11,"Shyam Nagar, Palwal - HSPCB",0.496,18.060526315789474
2021-12-11,"Sri Aurobindo Marg, Delhi - DPCC",0.457,135.38095238095238
2021-12-11,"Vasundhara, Ghaziabad - UPPCB",0.652,96.4047619047619
2021-12-11,"Vikas Sadan, Gurugram - HSPCB",0.4805,97.45135135135135
2021-12-11,"Vivek Vihar, Delhi - DPCC",0.692,120.76470588235294
2021-12-12,"Alipur, Delhi - DPCC",0.655,181.03571428571428
2021-12-12,"Anand Vihar, Delhi - DPCC",0.678,239.28
2021-12-12,"Ashok Vihar, Delhi - DPCC",0.596,227.53571428571428
2021-12-12,"Bawana, Delhi - DPCC",0.608,229.0
2021-12-12,"Burari Crossing, New Delhi - IMD",0.673,121.09813953488373
2021-12-12,"Chandni Chowk, Delhi - IITM",0.5335,138.4413043478261
2021-12-12,"Ganga Nagar, Meerut - UPPCB",0.877,144.6153846153846
2021-12-12,"ITO, Delhi - CPCB",0.699,66.72093023255815
2021-12-12,"Indirapuram, Ghaziabad - UPPCB",0.751,184.6904761904762
2021-12-12,"Jai Bhim Nagar, Meerut - UPPCB",0.968,163.9
2021-12-12,"Knowledge Park - V, Greater Noida - UPPCB",0.825,100.69767441860465
2021-12-12,"MD University, Rohtak - HSPCB",0.595,89.3755
2021-12-12,"Major Dhyan Chand National Stadium, Delhi - DPCC",0.5375,170.1153846153846
2021-12-12,"Mandir Marg, New Delhi - DPCC",0.53,129.93103448275863
2021-12-12,"Moti Doongri, Alwar - RSPCB",0.409,50.03536585365853
2021-12-12,"Nehru Nagar, Delhi - DPCC",0.714,249.92
2021-12-12,"New Collectorate, Baghpat - UPPCB",0.706,125.52380952380952
2021-12-12,New Delhi,0.554,126.08333333333333
2021-12-12,"North Campus, DU, Delhi - IMD",0.435,148.095
2021-12-12,"Okhla Phase-2, Delhi - DPCC",0.878,177.66666666666666
2021-12-12,"Omex Eternity, Vrindavan - UPPCB",0.7075,96.45216216216217
2021-12-12,"Punjabi Bagh, Delhi - DPCC",0.564,200.0
2021-12-12,"R K Puram, Delhi - DPCC",0.691,192.68965517241378
2021-12-12,"Rohini, Delhi - DPCC",0.66,230.32
2021-12-12,"Sanjay Nagar, Ghaziabad - UPPCB",0.8725,131.1951219512195
2021-12-12,"Sector 11, Faridabad - HSPCB",0.6905,171.868
2021-12-12,"Sector- 16A, Faridabad - HSPCB",0.7775,159.33333333333334
2021-12-12,"Shyam Nagar, Palwal - HSPCB",0.65,19.363
2021-12-12,"Sri Aurobindo Marg, Delhi - DPCC",0.69,135.3846153846154
2021-12-12,"Vasundhara, Ghaziabad - UPPCB",0.6795,190.9
2021-12-12,"Vikas Sadan, Gurugram - HSPCB",0.777,135.5764705882353
2021-12-12,"Vivek Vihar, Delhi - DPCC",0.7015,153.125
2021-12-13,"New Collectorate, Baghpat - UPPCB",1.585,187.84615384615384
2021-12-14,"Alipur, Delhi - DPCC",1.996,224.3181818181818
2021-12-14,"Anand Vihar, Delhi - DPCC",1.949,272.9130434782609
2021-12-14,"Ashok Vihar, Delhi - DPCC",1.912,242.04166666666666
2021-12-14,"Bawana, Delhi - DPCC",2.031,242.25
2021-12-14,"Burari Crossing, New Delhi - IMD",1.953,140.89181818181817
2021-12-14,"Chandni Chowk, Delhi - IITM",1.994,54.0578947368421
2021-12-14,"Dwarka-Sector 8, Delhi - DPCC ",2.112,233.41666666666666
2021-12-14,"Ganga Nagar, Meerut - UPPCB",1.6995,132.12121212121212
2021-12-14,"ITO, Delhi - CPCB",1.979,208.2888888888889
2021-12-14,"Indirapuram, Ghaziabad - UPPCB",1.9025,189.5
2021-12-14,"Jai Bhim Nagar, Meerut - UPPCB",1.7,107.60606060606061
2021-12-14,"Knowledge Park - V, Greater Noida - UPPCB",1.99,150.2258064516129
2021-12-14,"MD University, Rohtak - HSPCB",2.197,189.17323529411766
2021-12-14,"Major Dhyan Chand National Stadium, Delhi - DPCC",1.9265,250.95652173913044
2021-12-14,"Mandir Marg, New Delhi - DPCC",1.928,180.63333333333333
2021-12-14,"Najafgarh, Delhi - DPCC",2.0465,197.20689655172413
2021-12-14,"Nehru Nagar, Delhi - DPCC",1.921,273.9
2021-12-14,"New Collectorate, Baghpat - UPPCB",1.8105,120.69444444444444
2021-12-14,New Delhi,2.0235,221.33333333333334
2021-12-14,"North Campus, DU, Delhi - IMD",1.972,197.87341463414634
2021-12-14,"Okhla Phase-2, Delhi - DPCC",2.0795,276.59090909090907
2021-12-14,"Punjabi Bagh, Delhi - DPCC",2.103,276.81481481481484
2021-12-14,"R K Puram, Delhi - DPCC",1.921,261.5806451612903
2021-12-14,"Rohini, Delhi - DPCC",2.0675,246.66666666666666
2021-12-14,"Sanjay Nagar, Ghaziabad - UPPCB",1.8815,172.54285714285714
2021-12-14,"Sector 11, Faridabad - HSPCB",2.417,155.43030303030304
2021-12-14,"Sector- 16A, Faridabad - HSPCB",2.462,230.4814814814815
2021-12-14,"Sri Aurobindo Marg, Delhi - DPCC",1.9565,199.23684210526315
2021-12-14,"Vasundhara, Ghaziabad - UPPCB",1.989,175.0731707317073
2021-12-14,"Vikas Sadan, Gurugram - HSPCB",2.058,213.6848484848485
2021-12-14,"Vivek Vihar, Delhi - DPCC",2.003,297.0
2021-12-15,"Alipur, Delhi - DPCC",0.7065,202.2173913043478
2021-12-15,"Anand Vihar, Delhi - DPCC",1.037,256.1363636363636
2021-12-15,"Ashok Vihar, Delhi - DPCC",0.9205,256.84615384615387
2021-12-15,"Bawana, Delhi - DPCC",0.792,224.58064516129033
2021-12-15,"Burari Crossing, New Delhi - IMD",0.827,132.06333333333333
2021-12-15,"Chandni Chowk, Delhi - IITM",0.953,89.63928571428572
2021-12-15,"Dwarka-Sector 8, Delhi - DPCC ",1.247,215.3684210526316
2021-12-15,"Ganga Nagar, Meerut - UPPCB",0.514,134.03225806451613
2021-12-15,"ITO, Delhi - CPCB",1.005,215.11111111111111
2021-12-15,"Indirapuram, Ghaziabad - UPPCB",1.0035,127.4074074074074
2021-12-15,"Jai Bhim Nagar, Meerut - UPPCB",0.515,107.66666666666667
2021-12-15,"Knowledge Park - V, Greater Noida - UPPCB",1.297,135.5
2021-12-15,"MD University, Rohtak - HSPCB",0.763,139.97594594594594
2021-12-15,"Major Dhyan Chand National Stadium, Delhi - DPCC",1.02,212.0
2021-12-15,"Mandir Marg, New Delhi - DPCC",0.9275,165.59259259259258
2021-12-15,"Najafgarh, Delhi - DPCC",1.301,156.6086956521739
2021-12-15,"Nehru Nagar, Delhi - DPCC",1.122,249.53333333333333
2021-12-15,"New Collectorate, Baghpat - UPPCB",0.505,98.19354838709677
2021-12-15,New Delhi,0.9755,179.33333333333334
2021-12-15,"North Campus, DU, Delhi - IMD",0.941,156.22864864864866
2021-12-15,"Okhla Phase-2, Delhi - DPCC",1.4155,212.43478260869566
2021-12-15,"Omex Eternity, Vrindavan - UPPCB",1.908,145.63545454545454
2021-12-15,"Punjabi Bagh, Delhi - DPCC",0.9255,241.3913043478261
2021-12-15,"R K Puram, Delhi - DPCC",1.203,240.10714285714286
2021-12-15,"Rohini, Delhi - DPCC",0.8705,239.57142857142858
2021-12-15,"Sanjay Nagar, Ghaziabad - UPPCB",0.865,113.81818181818181
2021-12-15,"Sector 11, Faridabad - HSPCB",1.5475,150.8625
2021-12-15,"Sector- 16A, Faridabad - HSPCB",1.5615,222.6451612903226
2021-12-15,"Shyam Nagar, Palwal - HSPCB",1.752,44.10285714285715
2021-12-15,"Sri Aurobindo Marg, Delhi - DPCC",1.251,149.72413793103448
2021-12-15,"Vasundhara, Ghaziabad - UPPCB",0.981,133.6
2021-12-15,"Vikas Sadan, Gurugram - HSPCB",1.4615,194.75
2021-12-15,"Vivek Vihar, Delhi - DPCC",1.0115,233.4
2021-12-16,"Alipur, Delhi - DPCC",1.976,198.62857142857143
2021-12-16,"Burari Crossing, New Delhi - IMD",2.624,127.67666666666668
2021-12-16,"Chandni Chowk, Delhi - IITM",2.671,58.671428571428564
2021-12-16,"Dwarka-Sector 8, Delhi - DPCC ",2.861,216.89473684210526
2021-12-16,"Ganga Nagar, Meerut - UPPCB",1.86,124.73333333333333
2021-12-16,"ITO, Delhi - CPCB",2.695,224.625
2021-12-16,"Jai Bhim Nagar, Meerut - UPPCB",1.906,165.02702702702703
2021-12-16,"Major Dhyan Chand National Stadium, Delhi - DPCC",2.62,232.83333333333334
2021-12-16,"Mandir Marg, New Delhi - DPCC",2.709,197.5625
2021-12-16,"Nehru Nagar, Delhi - DPCC",2.634,258.5
2021-12-16,New Delhi,2.702,205.70833333333334
2021-12-16,"North Campus, DU, Delhi - IMD",2.695,188.2118181818182
2021-12-16,"Okhla Phase-2, Delhi - DPCC",2.356,213.375
2021-12-16,"Punjabi Bagh, Delhi - DPCC",2.827,238.53333333333333
2021-12-16,"R K Puram, Delhi - DPCC",2.564,224.16129032258064
2021-12-16,"Rohini, Delhi - DPCC",2.694,226.27272727272728
2021-12-16,"Sector 11, Faridabad - HSPCB",2.057,113.10833333333333
2021-12-16,"Sector- 16A, Faridabad - HSPCB",1.999,198.45945945945945
2021-12-16,"Shyam Nagar, Palwal - HSPCB",2.076,26.91128205128205
2021-12-17,"Alipur, Delhi - DPCC",0.455,137.56521739130434
2021-12-17,"Anand Vihar, Delhi - DPCC",0.487,147.9090909090909
2021-12-17,"Ashok Vihar, Delhi - DPCC",0.511,147.6875
2021-12-17,"Bawana, Delhi - DPCC",0.4995,152.5
2021-12-17,"Burari Crossing, New Delhi - IMD",0.457,104.50975609756097
2021-12-17,"Chandni Chowk, Delhi - IITM",0.4905,46.44615384615384
2021-12-17,"Dwarka-Sector 8, Delhi - DPCC ",0.54,174.5
2021-12-17,"Ganga Nagar, Meerut - UPPCB",0.3045,73.94736842105263
2021-12-17,"ITO, Delhi - CPCB",0.487,166.24324324324326
2021-12-17,"Indirapuram, Ghaziabad - UPPCB",0.4475,113.97142857142858
2021-12-17,"Jai Bhim Nagar, Meerut - UPPCB",0.312,132.27586206896552
2021-12-17,"Knowledge Park - V, Greater Noida - UPPCB",0.454,80.3
2021-12-17,"MD University, Rohtak - HSPCB",0.839,142.558
2021-12-17,"Major Dhyan Chand National Stadium, Delhi - DPCC",0.4795,129.3125
2021-12-17,"Mandir Marg, New Delhi - DPCC",0.4985,137.03703703703704
2021-12-17,"Moti Doongri, Alwar - RSPCB",0.303,44.99463414634146
2021-12-17,"Najafgarh, Delhi - DPCC",0.592,142.71428571428572
2021-12-17,"Nehru Nagar, Delhi - DPCC",0.4525,158.44444444444446
2021-12-17,"New Collectorate, Baghpat - UPPCB",0.4215,83.6470588235294
2021-12-17,New Delhi,0.487,163.45833333333334
2021-12-17,"North Campus, DU, Delhi - IMD",0.493,127.87465116279068
2021-12-17,"Okhla Phase-2, Delhi - DPCC",0.471,123.42857142857143
2021-12-17,"Omex Eternity, Vrindavan - UPPCB",0.7035,87.96999999999998
2021-12-17,"Punjabi Bagh, Delhi - DPCC",0.526,182.92857142857142
2021-12-17,"R K Puram, Delhi - DPCC",0.49,159.36
2021-12-17,"Rohini, Delhi - DPCC",0.5355,181.0
2021-12-17,"Sanjay Nagar, Ghaziabad - UPPCB",0.3825,95.55882352941177
2021-12-17,"Sector 11, Faridabad - HSPCB",0.437,110.93703703703704
2021-12-17,"Sector- 16A, Faridabad - HSPCB",0.4465,153.75862068965517
2021-12-17,"Shyam Nagar, Palwal - HSPCB",0.316,22.995
2021-12-17,"Sri Aurobindo Marg, Delhi - DPCC",0.504,145.31578947368422
2021-12-17,"Vasundhara, Ghaziabad - UPPCB",0.452,90.61538461538461
2021-12-17,"Vikas Sadan, Gurugram - HSPCB",0.6185,129.22121212121212
2021-12-17,"Vivek Vihar, Delhi - DPCC",0.49,150.96153846153845
2021-12-18,"Alipur, Delhi - DPCC",0.965,123.13793103448276
2021-12-18,"Anand Vihar, Delhi - DPCC",0.983,167.1818181818182
2021-12-18,"Ashok Vihar, Delhi - DPCC",1.2125,165.85714285714286
2021-12-18,"Bawana, Delhi - DPCC",0.916,131.96875
2021-12-18,"Burari Crossing, New Delhi - IMD",0.954,95.17511627906975
2021-12-18,"Chandni Chowk, Delhi - IITM",1.19,75.22142857142856
2021-12-18,"Dwarka-Sector 8, Delhi - DPCC ",0.876,134.8181818181818
2021-12-18,"ITO, Delhi - CPCB",1.154,153.86666666666667
2021-12-18,"Indirapuram, Ghaziabad - UPPCB",0.982,103.35714285714286
2021-12-18,"Knowledge Park - V, Greater Noida - UPPCB",1.1775,86.04
2021-12-18,"MD University, Rohtak - HSPCB",1.029,97.1470731707317
2021-12-18,"Major Dhyan Chand National Stadium, Delhi - DPCC",1.156,151.33333333333334
2021-12-18,"Mandir Marg, New Delhi - DPCC",1.1345,128.5897435897436
2021-12-18,"Moti Doongri, Alwar - RSPCB",0.4395,45.019473684210524
2021-12-18,"Najafgarh, Delhi - DPCC",0.649,95.07692307692308
2021-12-18,"Nehru Nagar, Delhi - DPCC",1.096,173.6153846153846
2021-12-18,"New Collectorate, Baghpat - UPPCB",1.208,64.45454545454545
2021-12-18,New Delhi,1.1655,143.04166666666666
2021-12-18,"North Campus, DU, Delhi - IMD",1.182,106.77822222222223
2021-12-18,"Okhla Phase-2, Delhi - DPCC",1.019,136.0909090909091
2021-12-18,"Omex Eternity, Vrindavan - UPPCB",0.8145,58.81888888888889
2021-12-18,"Punjabi Bagh, Delhi - DPCC",1.2,136.65217391304347
2021-12-18,"R K Puram, Delhi - DPCC",1.058,135.78571428571428
2021-12-18,"Rohini, Delhi - DPCC",1.3035,140.95652173913044
2021-12-18,"Sanjay Nagar, Ghaziabad - UPPCB",1.113,95.46875
2021-12-18,"Sector 11, Faridabad - HSPCB",0.8575,120.43928571428572
2021-12-18,"Sector- 16A, Faridabad - HSPCB",0.92,116.52941176470588
2021-12-18,"Shyam Nagar, Palwal - HSPCB",0.883,22.80548387096774
2021-12-18,"Sri Aurobindo Marg, Delhi - DPCC",0.952,120.27027027027027
2021-12-18,"Vasundhara, Ghaziabad - UPPCB",1.002,109.6046511627907
2021-12-18,"Vikas Sadan, Gurugram - HSPCB",0.729,70.13214285714285
2021-12-18,"Vivek Vihar, Delhi - DPCC",1.012,157.05
2021-12-19,"Alipur, Delhi - DPCC",0.6705,163.05405405405406
2021-12-19,"Anand Vihar, Delhi - DPCC",0.7065,182.22222222222223
2021-12-19,"Ashok Vihar, Delhi - DPCC",0.6805,182.04347826086956
2021-12-19,"Bawana, Delhi - DPCC",0.748,173.575
2021-12-19,"Burari Crossing, New Delhi - IMD",0.6735,118.60227272727273
2021-12-19,"Chandni Chowk, Delhi - IITM",0.639,23.745
2021-12-19,"Dwarka-Sector 8, Delhi - DPCC ",0.7225,182.91666666666666
2021-12-19,"Ganga Nagar, Meerut - UPPCB",0.7835,91.43333333333334
2021-12-19,"ITO, Delhi - CPCB",0.6435,176.6818181818182
2021-12-19,"Indirapuram, Ghaziabad - UPPCB",0.713,138.93548387096774
2021-12-19,"Jai Bhim Nagar, Meerut - UPPCB",0.7665,105.81818181818181
2021-12-19,"Knowledge Park - V, Greater Noida - UPPCB",0.675,105.17142857142858
2021-12-19,"MD University, Rohtak - HSPCB",0.872,109.05297872340425
2021-12-19,"Major Dhyan Chand National Stadium, Delhi - DPCC",0.6795,201.23809523809524
2021-12-19,"Mandir Marg, New Delhi - DPCC",0.6315,148.6046511627907
2021-12-19,"Moti Doongri, Alwar - RSPCB",0.561,51.63583333333334
2021-12-19,"Najafgarh, Delhi - DPCC",0.64,116.03703703703704
2021-12-19,"Nehru Nagar, Delhi - DPCC",0.6905,193.8846153846154
2021-12-19,"New Collectorate, Baghpat - UPPCB",0.642,106.44117647058823
2021-12-19,New Delhi,0.6535,172.375
2021-12-19,"North Campus, DU, Delhi - IMD",0.6555,137.26809523809524
2021-12-19,"Okhla Phase-2, Delhi - DPCC",0.654,173.29166666666666
2021-12-19,"Omex Eternity, Vrindavan - UPPCB",0.5645,63.25555555555555
2021-12-19,"Punjabi Bagh, Delhi - DPCC",0.6825,166.47619047619048
2021-12-19,"R K Puram, Delhi - DPCC",0.668,171.09677419354838
2021-12-19,"Rohini, Delhi - DPCC",0.6755,182.68
2021-12-19,"Sanjay Nagar, Ghaziabad - UPPCB",0.6765,134.42857142857142
2021-12-19,"Sector 11, Faridabad - HSPCB",0.565,128.79642857142858
2021-12-19,"Sector- 16A, Faridabad - HSPCB",0.588,157.9375
2021-12-19,"Shyam Nagar, Palwal - HSPCB",0.621,19.91378378378378
2021-12-19,"Sri Aurobindo Marg, Delhi - DPCC",0.698,145.13888888888889
2021-12-19,"Vasundhara, Ghaziabad - UPPCB",0.682,142.83333333333334
2021-12-19,"Vikas Sadan, Gurugram - HSPCB",0.607,74.0
2021-12-19,"Vivek Vihar, Delhi - DPCC",0.7005,128.5
2021-12-20,"Alipur, Delhi - DPCC",0.6835,190.0625
2021-12-20,"Anand Vihar, Delhi - DPCC",0.6995,188.125
2021-12-20,"Ashok Vihar, Delhi - DPCC",0.6455,178.44444444444446
2021-12-20,"Bawana, Delhi - DPCC",0.691,181.25
2021-12-20,"Burari Crossing, New Delhi - IMD",0.6775,114.46666666666667
2021-12-20,"Chandni Chowk, Delhi - IITM",0.585,41.8125
2021-12-20,"Dwarka-Sector 8, Delhi - DPCC ",0.5315,134.8
2021-12-20,"Ganga Nagar, Meerut - UPPCB",0.775,96.66666666666667
2021-12-20,"ITO, Delhi - CPCB",0.5955,174.375
2021-12-20,"Indirapuram, Ghaziabad - UPPCB",0.6825,110.6875
2021-12-20,"Jai Bhim Nagar, Meerut - UPPCB",0.74,128.54545454545453
2021-12-20,"Knowledge Park - V, Greater Noida - UPPCB",0.605,111.46666666666667
2021-12-20,"MD University, Rohtak - HSPCB",0.565,111.41157894736843
2021-12-20,"Major Dhyan Chand National Stadium, Delhi - DPCC",0.567,158.5
2021-12-20,"Mandir Marg, New Delhi - DPCC",0.599,140.8235294117647
2021-12-20,"Moti Doongri, Alwar - RSPCB",0.273,63.352
2021-12-20,"Najafgarh, Delhi - DPCC",0.4485,103.21428571428571
2021-12-20,"Nehru Nagar, Delhi - DPCC",0.5435,165.6153846153846
2021-12-20,"New Collectorate, Baghpat - UPPCB",0.664,117.52631578947368
2021-12-20,New Delhi,0.6125,177.04166666666666
2021-12-20,"North Campus, DU, Delhi - IMD",0.572,140.4895
2021-12-20,"Okhla Phase-2, Delhi - DPCC",0.488,152.6
2021-12-20,"Omex Eternity, Vrindavan - UPPCB",0.333,44.339999999999996
2021-12-20,"Punjabi Bagh, Delhi - DPCC",0.6105,176.5
2021-12-20,"R K Puram, Delhi - DPCC",0.5095,141.64285714285714
2021-12-20,"Rohini, Delhi - DPCC",0.658,188.0
2021-12-20,"Sanjay Nagar, Ghaziabad - UPPCB",0.684,164.7
2021-12-20,"Sector 11, Faridabad - HSPCB",0.4275,119.27499999999999
2021-12-20,"Sector- 16A, Faridabad - HSPCB",0.4555,122.33333333333333
2021-12-20,"Shyam Nagar, Palwal - HSPCB",0.461,28.905625
2021-12-20,"Sri Aurobindo Marg, Delhi - DPCC",0.452,127.25
2021-12-20,"Vasundhara, Ghaziabad - UPPCB",0.702,145.89473684210526
2021-12-20,"Vikas Sadan, Gurugram - HSPCB",0.424,112.58571428571429
2021-12-20,"Vivek Vihar, Delhi - DPCC",0.6675,176.44444444444446
2021-12-21,"Alipur, Delhi - DPCC",0.988,210.0
2021-12-21,"Anand Vihar, Delhi - DPCC",0.792,326.0
2021-12-21,"Chandni Chowk, Delhi - IITM",0.762,164.6
2021-12-21,"Ganga Nagar, Meerut - UPPCB",1.1,223.0
2021-12-21,"ITO, Delhi - CPCB",0.758,0.0
2021-12-21,"Indirapuram, Ghaziabad - UPPCB",0.839,174.0
2021-12-21,"Jai Bhim Nagar, Meerut - UPPCB",1.3205,272.0
2021-12-21,"Knowledge Park - V, Greater Noida - UPPCB",0.9645,155.0
2021-12-21,"MD University, Rohtak - HSPCB",0.878,103.58
2021-12-21,"Major Dhyan Chand National Stadium, Delhi - DPCC",0.7465,212.0
2021-12-21,"Moti Doongri, Alwar - RSPCB",0.4975,47.34
2021-12-21,"New Collectorate, Baghpat - UPPCB",0.89,175.0
2021-12-21,New Delhi,0.728,228.72727272727272
2021-12-21,"Okhla Phase-2, Delhi - DPCC",0.806,224.0
2021-12-21,"Omex Eternity, Vrindavan - UPPCB",0.572,75.06
2021-12-21,"R K Puram, Delhi - DPCC",0.6805,255.0
2021-12-21,"Sanjay Nagar, Ghaziabad - UPPCB",0.894,154.0
2021-12-21,"Sector 11, Faridabad - HSPCB",0.9215,120.6
2021-12-21,"Sector- 16A, Faridabad - HSPCB",0.924,238.0
2021-12-21,"Shyam Nagar, Palwal - HSPCB",0.6695,41.58
2021-12-21,"Sri Aurobindo Marg, Delhi - DPCC",0.657,263.0
2021-12-21,"Vasundhara, Ghaziabad - UPPCB",1.062,175.0
2021-12-22,"Alipur, Delhi - DPCC",0.8145,264.3333333333333
2021-12-22,"Anand Vihar, Delhi - DPCC",1.0555,424.0
2021-12-22,"Ashok Vihar, Delhi - DPCC",0.935,329.5
2021-12-22,"Bawana, Delhi - DPCC",0.92,374.8
2021-12-22,"Burari Crossing, New Delhi - IMD",0.925,280.825
2021-12-22,"Chandni Chowk, Delhi - IITM",0.9725,82.2
2021-12-22,"Dwarka-Sector 8, Delhi - DPCC ",0.706,346.6666666666667
2021-12-22,"Ganga Nagar, Meerut - UPPCB",0.7225,296.2
2021-12-22,"Indirapuram, Ghaziabad - UPPCB",1.088,310.0
2021-12-22,"Jai Bhim Nagar, Meerut - UPPCB",1.016,242.66666666666666
2021-12-22,"Knowledge Park - V, Greater Noida - UPPCB",1.008,264.75
2021-12-22,"MD University, Rohtak - HSPCB",0.782,154.68
2021-12-22,"Major Dhyan Chand National Stadium, Delhi - DPCC",0.7595,259.0
2021-12-22,"Mandir Marg, New Delhi - DPCC",0.639,265.0
2021-12-22,"Moti Doongri, Alwar - RSPCB",0.453,49.05857142857143
2021-12-22,"Najafgarh, Delhi - DPCC",0.624,248.0
2021-12-22,"New Collectorate, Baghpat - UPPCB",0.7365,288.1666666666667
2021-12-22,New Delhi,0.916,248.47368421052633
2021-12-22,"North Campus, DU, Delhi - IMD",0.7895,397.9166666666667
2021-12-22,"Okhla Phase-2, Delhi - DPCC",0.9865,362.5
2021-12-22,"Omex Eternity, Vrindavan - UPPCB",0.627,149.798
2021-12-22,"Punjabi Bagh, Delhi - DPCC",0.8655,151.0
2021-12-22,"R K Puram, Delhi - DPCC",0.764,289.0
2021-12-22,"Rohini, Delhi - DPCC",0.9755,353.3333333333333
2021-12-22,"Sanjay Nagar, Ghaziabad - UPPCB",0.761,263.8333333333333
2021-12-22,"Sector 11, Faridabad - HSPCB",0.895,300.1
2021-12-22,"Sector- 16A, Faridabad - HSPCB",1.0,356.3333333333333
2021-12-22,"Shyam Nagar, Palwal - HSPCB",0.784,42.12833333333334
2021-12-22,"Sri Aurobindo Marg, Delhi - DPCC",0.7625,239.0
2021-12-22,"Vasundhara, Ghaziabad - UPPCB",1.185,310.0
2021-12-22,"Vikas Sadan, Gurugram - HSPCB",0.649,245.85
2021-12-22,"Vivek Vihar, Delhi - DPCC",1.1765,451.25
2021-12-23,"Alipur, Delhi - DPCC",1.6065,267.75
2021-12-23,"Anand Vihar, Delhi - DPCC",1.534,379.0
2021-12-23,"Bawana, Delhi - DPCC",1.748,190.0
2021-12-23,"Burari Crossing, New Delhi - IMD",1.198,289.97714285714284
2021-12-23,"Chandni Chowk, Delhi - IITM",1.514,114.64285714285714
2021-12-23,"Dwarka-Sector 8, Delhi - DPCC ",1.188,267.4
2021-12-23,"Ganga Nagar, Meerut - UPPCB",0.881,194.625
2021-12-23,"ITO, Delhi - CPCB",1.515,383.8
2021-12-23,"Indirapuram, Ghaziabad - UPPCB",1.573,254.5
2021-12-23,"Knowledge Park - V, Greater Noida - UPPCB",1.472,214.5
2021-12-23,"MD University, Rohtak - HSPCB",1.429,183.54500000000002
2021-12-23,"Major Dhyan Chand National Stadium, Delhi - DPCC",1.55,296.0
2021-12-23,"Mandir Marg, New Delhi - DPCC",1.512,274.2857142857143
2021-12-23,"Nehru Nagar, Delhi - DPCC",1.531,324.0
2021-12-23,New Delhi,1.519,272.0
2021-12-23,"North Campus, DU, Delhi - IMD",1.431,278.635
2021-12-23,"Okhla Phase-2, Delhi - DPCC",1.034,324.5
2021-12-23,"Omex Eternity, Vrindavan - UPPCB",0.756,115.82875
2021-12-23,"Punjabi Bagh, Delhi - DPCC",1.47,338.42857142857144
2021-12-23,"R K Puram, Delhi - DPCC",1.2195,303.25
2021-12-23,"Sanjay Nagar, Ghaziabad - UPPCB",1.4225,274.4
2021-12-23,"Sector 11, Faridabad - HSPCB",1.221,248.74
2021-12-23,"Sector- 16A, Faridabad - HSPCB",1.254,345.75
2021-12-23,"Sri Aurobindo Marg, Delhi - DPCC",1.097,219.71428571428572
2021-12-23,"Vasundhara, Ghaziabad - UPPCB",1.469,206.3846153846154
2021-12-23,"Vivek Vihar, Delhi - DPCC",1.4485,408.0
2021-12-24,"Alipur, Delhi - DPCC",1.3595,280.0
2021-12-24,"Anand Vihar, Delhi - DPCC",1.212,294.5
2021-12-24,"Ashok Vihar, Delhi - DPCC",1.0225,251.2
2021-12-24,"Bawana, Delhi - DPCC",1.533,427.8333333333333
2021-12-24,"Burari Crossing, New Delhi - IMD",1.2165,230.87
2021-12-24,"Chandni Chowk, Delhi - IITM",0.9795,134.05555555555554
2021-12-24,"Dwarka-Sector 8, Delhi - DPCC ",0.9865,216.9
2021-12-24,"Ganga Nagar, Meerut - UPPCB",1.2665,144.0
2021-12-24,"ITO, Delhi - CPCB",0.998,352.75
2021-12-24,"Indirapuram, Ghaziabad - UPPCB",1.212,210.0
2021-12-24,"Jai Bhim Nagar, Meerut - UPPCB",1.3055,196.83333333333334
2021-12-24,"Knowledge Park - V, Greater Noida - UPPCB",1.281,226.4
2021-12-24,"MD University, Rohtak - HSPCB",1.231,175.53428571428572
2021-12-24,"Major Dhyan Chand National Stadium, Delhi - DPCC",1.0345,210.0
2021-12-24,"Mandir Marg, New Delhi - DPCC",0.9995,191.2
2021-12-24,"Moti Doongri, Alwar - RSPCB",0.915,68.21875
2021-12-24,"Najafgarh, Delhi - DPCC",0.961,199.0
2021-12-24,"Nehru Nagar, Delhi - DPCC",1.1155,331.5
2021-12-24,"New Collectorate, Baghpat - UPPCB",1.0285,133.5
2021-12-24,New Delhi,0.9645,277.4166666666667
2021-12-24,"North Campus, DU, Delhi - IMD",1.125,259.22499999999997
2021-12-24,"Okhla Phase-2, Delhi - DPCC",1.164,258.0
2021-12-24,"Omex Eternity, Vrindavan - UPPCB",1.0625,139.25333333333333
2021-12-24,"Punjabi Bagh, Delhi - DPCC",1.182,308.3333333333333
2021-12-24,"R K Puram, Delhi - DPCC",1.2925,248.83333333333334
2021-12-24,"Rohini, Delhi - DPCC",1.245,271.2857142857143
2021-12-24,"Sanjay Nagar, Ghaziabad - UPPCB",1.151,279.25
2021-12-24,"Sector 11, Faridabad - HSPCB",1.232,262.26
2021-12-24,"Sector- 16A, Faridabad - HSPCB",1.205,246.0
2021-12-24,"Shyam Nagar, Palwal - HSPCB",1.371,39.078333333333326
2021-12-24,"Sri Aurobindo Marg, Delhi - DPCC",1.09,233.66666666666666
2021-12-24,"Vasundhara, Ghaziabad - UPPCB",1.237,240.28571428571428
2021-12-24,"Vikas Sadan, Gurugram - HSPCB",0.972,154.2
2021-12-24,"Vivek Vihar, Delhi - DPCC",1.2265,305.3333333333333
2021-12-25,"Alipur, Delhi - DPCC",1.983,305.0
2021-12-25,"Anand Vihar, Delhi - DPCC",1.577,377.0
2021-12-25,"Ashok Vihar, Delhi - DPCC",1.578,361.5
2021-12-25,"Bawana, Delhi - DPCC",1.896,449.0
2021-12-25,"Chandni Chowk, Delhi - IITM",1.5395,127.67999999999999
2021-12-25,"Dwarka-Sector 8, Delhi - DPCC ",1.4125,363.0
2021-12-25,"Ganga Nagar, Meerut - UPPCB",1.593,237.33333333333334
2021-12-25,"ITO, Delhi - CPCB",1.4745,348.5
2021-12-25,"Indirapuram, Ghaziabad - UPPCB",1.5835,226.33333333333334
2021-12-25,"Jai Bhim Nagar, Meerut - UPPCB",1.549,187.66666666666666
2021-12-25,"Knowledge Park - V, Greater Noida - UPPCB",1.559,232.66666666666666
2021-12-25,"MD University, Rohtak - HSPCB",1.702,193.32000000000002
2021-12-25,"Major Dhyan Chand National Stadium, Delhi - DPCC",1.5395,318.0
2021-12-25,"Mandir Marg, New Delhi - DPCC",1.393,373.0
2021-12-25,"Moti Doongri, Alwar - RSPCB",1.2965,87.83
2021-12-25,"Najafgarh, Delhi - DPCC",1.4485,270.0
2021-12-25,"Nehru Nagar, Delhi - DPCC",1.482,389.0
2021-12-25,"New Collectorate, Baghpat - UPPCB",1.8355,165.0
2021-12-25,New Delhi,1.5205,302.5
2021-12-25,"North Campus, DU, Delhi - IMD",1.308,313.43
2021-12-25,"Okhla Phase-2, Delhi - DPCC",1.372,375.0
2021-12-25,"Omex Eternity, Vrindavan - UPPCB",1.648,185.04749999999999
2021-12-25,"Punjabi Bagh, Delhi - DPCC",1.442,351.3333333333333
2021-12-25,"R K Puram, Delhi - DPCC",1.308,406.6666666666667
2021-12-25,"Rohini, Delhi - DPCC",1.762,427.5
2021-12-25,"Sanjay Nagar, Ghaziabad - UPPCB",1.57,293.3333333333333
2021-12-25,"Sector 11, Faridabad - HSPCB",1.507,218.64999999999998
2021-12-25,"Sector- 16A, Faridabad - HSPCB",1.506,462.0
2021-12-25,"Shyam Nagar, Palwal - HSPCB",1.588,44.106
2021-12-25,"Sri Aurobindo Marg, Delhi - DPCC",1.252,320.0
2021-12-25,"Vasundhara, Ghaziabad - UPPCB",1.706,224.33333333333334
2021-12-25,"Vikas Sadan, Gurugram - HSPCB",1.2035,232.4125
2021-12-25,"Vivek Vihar, Delhi - DPCC",1.796,356.5
2021-12-27,"Anand Vihar, Delhi - DPCC",0.8925,122.8
2021-12-27,"Ashok Vihar, Delhi - DPCC",0.9335,97.0
2021-12-27,"Burari Crossing, New Delhi - IMD",0.8335,75.64333333333333
2021-12-27,"Chandni Chowk, Delhi - IITM",1.0045,89.05
2021-12-27,"Dwarka-Sector 8, Delhi - DPCC ",1.3655,115.0
2021-12-27,"Ganga Nagar, Meerut - UPPCB",0.486,88.5
2021-12-27,"ITO, Delhi - CPCB",0.926,135.88888888888889
2021-12-27,"Indirapuram, Ghaziabad - UPPCB",0.8865,66.0
2021-12-27,"Jai Bhim Nagar, Meerut - UPPCB",0.482,90.5
2021-12-27,"Knowledge Park - V, Greater Noida - UPPCB",0.702,92.33333333333333
2021-12-27,"Major Dhyan Chand National Stadium, Delhi - DPCC",0.935,112.8
2021-12-27,"Mandir Marg, New Delhi - DPCC",1.021,83.5
2021-12-27,"Nehru Nagar, Delhi - DPCC",1.068,163.57142857142858
2021-12-27,"New Collectorate, Baghpat - UPPCB",0.575,65.66666666666667
2021-12-27,New Delhi,1.0535,102.66666666666667
2021-12-27,"North Campus, DU, Delhi - IMD",1.066,95.02714285714286
2021-12-27,"Okhla Phase-2, Delhi - DPCC",1.167,121.6
2021-12-27,"Omex Eternity, Vrindavan - UPPCB",0.685,72.798
2021-12-27,"Punjabi Bagh, Delhi - DPCC",1.0425,146.75
2021-12-27,"R K Puram, Delhi - DPCC",1.086,116.75
2021-12-27,"Rohini, Delhi - DPCC",0.9175,106.2
2021-12-27,"Sanjay Nagar, Ghaziabad - UPPCB",0.7025,87.2
2021-12-27,"Sector 11, Faridabad - HSPCB",0.931,144.1
2021-12-27,"Sector- 16A, Faridabad - HSPCB",1.0135,96.66666666666667
2021-12-27,"Shyam Nagar, Palwal - HSPCB",0.892,32.72
2021-12-27,"Sri Aurobindo Marg, Delhi - DPCC",1.0265,115.42857142857143
2021-12-27,"Vasundhara, Ghaziabad - UPPCB",0.848,57.75
2021-12-27,"Vivek Vihar, Delhi - DPCC",0.938,75.0
2021-12-29,"Alipur, Delhi - DPCC",0.47,115.5
2021-12-29,"Anand Vihar, Delhi - DPCC",0.6525,290.8333333333333
2021-12-29,"Ashok Vihar, Delhi - DPCC",0.5175,306.5
2021-12-29,"Bawana, Delhi - DPCC",0.548,146.25
2021-12-29,"Burari Crossing, New Delhi - IMD",0.525,138.455
2021-12-29,"Chandni Chowk, Delhi - IITM",0.5935,179.51666666666665
2021-12-29,"Dwarka-Sector 8, Delhi - DPCC ",0.712,222.0
2021-12-29,"Ganga Nagar, Meerut - UPPCB",0.898,109.0
2021-12-29,"ITO, Delhi - CPCB",0.6515,150.66666666666666
2021-12-29,"Indirapuram, Ghaziabad - UPPCB",0.6695,83.8
2021-12-29,"Jai Bhim Nagar, Meerut - UPPCB",1.033,123.25
2021-12-29,"Knowledge Park - V, Greater Noida - UPPCB",0.9175,97.4
2021-12-29,"MD University, Rohtak - HSPCB",0.4655,105.20333333333333
2021-12-29,"Major Dhyan Chand National Stadium, Delhi - DPCC",0.7225,160.33333333333334
2021-12-29,"Mandir Marg, New Delhi - DPCC",0.507,121.0
2021-12-29,"Moti Doongri, Alwar - RSPCB",0.3665,43.2025
2021-12-29,"Najafgarh, Delhi - DPCC",0.651,105.4
2021-12-29,"Nehru Nagar, Delhi - DPCC",0.8715,234.4
2021-12-29,"New Collectorate, Baghpat - UPPCB",0.507,92.5
2021-12-29,New Delhi,0.6405,142.6086956521739
2021-12-29,"North Campus, DU, Delhi - IMD",0.5745,177.53
2021-12-29,"Okhla Phase-2, Delhi - DPCC",0.7605,147.1
2021-12-29,"Omex Eternity, Vrindavan - UPPCB",1.137,90.67
2021-12-29,"Punjabi Bagh, Delhi - DPCC",0.5665,195.0
2021-12-29,"R K Puram, Delhi - DPCC",0.877,221.0
2021-12-29,"Rohini, Delhi - DPCC",0.488,208.0
2021-12-29,"Sanjay Nagar, Ghaziabad - UPPCB",0.798,87.0
2021-12-29,"Sector 11, Faridabad - HSPCB",0.7455,129.25
2021-12-29,"Sector- 16A, Faridabad - HSPCB",0.767,141.25
2021-12-29,"Shyam Nagar, Palwal - HSPCB",1.448,36.6
2021-12-29,"Sri Aurobindo Marg, Delhi - DPCC",0.745,168.25
2021-12-29,"Vasundhara, Ghaziabad - UPPCB",0.6355,109.28571428571429
2021-12-29,"Vikas Sadan, Gurugram - HSPCB",0.661,138.03333333333333
2021-12-29,"Vivek Vihar, Delhi - DPCC",0.67,134.66666666666666
2021-12-30,"Alipur, Delhi - DPCC",0.572,115.5
2021-12-30,"Bawana, Delhi - DPCC",0.551,169.0
2021-12-30,"Burari Crossing, New Delhi - IMD",0.59,106.72125
2021-12-30,"Dwarka-Sector 8, Delhi - DPCC ",0.614,227.66666666666666
2021-12-30,"Ganga Nagar, Meerut - UPPCB",0.793,115.0
2021-12-30,"MD University, Rohtak - HSPCB",0.551,81.40625
2021-12-30,"Najafgarh, Delhi - DPCC",0.378,65.5
2021-12-30,"North Campus, DU, Delhi - IMD",0.65,142.77333333333334
2021-12-30,"Punjabi Bagh, Delhi - DPCC",0.73,191.0
2021-12-30,"Rohini, Delhi - DPCC",0.509,154.6
2021-12-31,"Anand Vihar, Delhi - DPCC",0.841,332.5
2021-12-31,"Ashok Vihar, Delhi - DPCC",0.547,334.0
2021-12-31,"Bawana, Delhi - DPCC",0.5115,276.0
2021-12-31,"Burari Crossing, New Delhi - IMD",0.573,197.8775
2021-12-31,"Chandni Chowk, Delhi - IITM",0.499,83.96666666666667
2021-12-31,"Ganga Nagar, Meerut - UPPCB",0.6315,207.0
2021-12-31,"ITO, Delhi - CPCB",0.543,253.75
2021-12-31,"Indirapuram, Ghaziabad - UPPCB",0.692,138.0
2021-12-31,"Jai Bhim Nagar, Meerut - UPPCB",0.604,146.25
2021-12-31,"Knowledge Park - V, Greater Noida - UPPCB",0.901,141.0
2021-12-31,"MD University, Rohtak - HSPCB",0.669,113.11142857142856
2021-12-31,"Major Dhyan Chand National Stadium, Delhi - DPCC",0.563,291.5
2021-12-31,"Mandir Marg, New Delhi - DPCC",0.633,245.0
2021-12-31,"Nehru Nagar, Delhi - DPCC",0.619,320.4
2021-12-31,New Delhi,0.564,202.1818181818182
2021-12-31,"North Campus, DU, Delhi - IMD",0.658,290.915
2021-12-31,"Okhla Phase-2, Delhi - DPCC",0.501,302.25
2021-12-31,"Punjabi Bagh, Delhi - DPCC",0.628,254.0
2021-12-31,"R K Puram, Delhi - DPCC",0.489,329.0
2021-12-31,"Rohini, Delhi - DPCC",0.587,295.5
2021-12-31,"Sri Aurobindo Marg, Delhi - DPCC",0.509,146.0
2021-12-31,"Vasundhara, Ghaziabad - UPPCB",0.628,172.16666666666666
2021-12-31,"Vivek Vihar, Delhi - DPCC",0.625,316.3333333333333
2022-01-01,"Alipur, Delhi - DPCC",1.479,199.0
2022-01-01,"Anand Vihar, Delhi - DPCC",1.554,352.0
2022-01-01,"Ashok Vihar, Delhi - DPCC",1.3205,356.5
2022-01-01,"Bawana, Delhi - DPCC",1.521,276.4
2022-01-01,"Burari Crossing, New Delhi - IMD",1.372,222.1490909090909
2022-01-01,"Chandni Chowk, Delhi - IITM",1.406,142.27777777777777
2022-01-01,"Dwarka-Sector 8, Delhi - DPCC ",1.551,333.85714285714283
2022-01-01,"Ganga Nagar, Meerut - UPPCB",1.07,170.0
2022-01-01,"ITO, Delhi - CPCB",1.385,248.35714285714286
2022-01-01,"Jai Bhim Nagar, Meerut - UPPCB",1.297,126.0
2022-01-01,"Knowledge Park - V, Greater Noida - UPPCB",1.434,127.0
2022-01-01,"MD University, Rohtak - HSPCB",1.495,175.986
2022-01-01,"Major Dhyan Chand National Stadium, Delhi - DPCC",1.342,309.7142857142857
2022-01-01,"Mandir Marg, New Delhi - DPCC",1.337,285.8181818181818
2022-01-01,"Moti Doongri, Alwar - RSPCB",1.596,59.96142857142858
2022-01-01,"Najafgarh, Delhi - DPCC",1.53,188.25
2022-01-01,"Nehru Nagar, Delhi - DPCC",1.349,298.3333333333333
2022-01-01,"New Collectorate, Baghpat - UPPCB",1.126,212.66666666666666
2022-01-01,New Delhi,1.419,243.70833333333334
2022-01-01,"North Campus, DU, Delhi - IMD",1.454,150.844
2022-01-01,"Okhla Phase-2, Delhi - DPCC",1.4325,303.3333333333333
2022-01-01,"Omex Eternity, Vrindavan - UPPCB",1.196,132.435
2022-01-01,"Punjabi Bagh, Delhi - DPCC",1.373,304.0
2022-01-01,"R K Puram, Delhi - DPCC",1.334,293.90909090909093
2022-01-01,"Rohini, Delhi - DPCC",1.3885,294.1
2022-01-01,"Sanjay Nagar, Ghaziabad - UPPCB",1.139,197.0
2022-01-01,"Sector 11, Faridabad - HSPCB",1.825,166.56666666666666
2022-01-01,"Sector- 16A, Faridabad - HSPCB",1.72,263.42857142857144
2022-01-01,"Shyam Nagar, Palwal - HSPCB",1.781,43.8075
2022-01-01,"Sri Aurobindo Marg, Delhi - DPCC",1.261,215.5
2022-01-01,"Vasundhara, Ghaziabad - UPPCB",1.667,211.92307692307693
2022-01-01,"Vikas Sadan, Gurugram - HSPCB",1.559,246.3166666666667
2022-01-01,"Vivek Vihar, Delhi - DPCC",1.593,207.25
2022-01-02,"Alipur, Delhi - DPCC",1.1595,218.33333333333334
2022-01-02,"Anand Vihar, Delhi - DPCC",0.695,339.5833333333333
2022-01-02,"Ashok Vihar, Delhi - DPCC",0.808,256.0
2022-01-02,"Bawana, Delhi - DPCC",1.112,245.53846153846155
2022-01-02,"Burari Crossing, New Delhi - IMD",0.85,178.82222222222222
2022-01-02,"Ganga Nagar, Meerut - UPPCB",0.99,177.25
2022-01-02,"Indirapuram, Ghaziabad - UPPCB",1.999,170.4
2022-01-02,"Jai Bhim Nagar, Meerut - UPPCB",0.888,181.14285714285714
2022-01-02,"Knowledge Park - V, Greater Noida - UPPCB",1.346,146.6
2022-01-02,"MD University, Rohtak - HSPCB",0.9145,136.655
2022-01-02,"Moti Doongri, Alwar - RSPCB",1.259,68.47444444444444
2022-01-02,"Najafgarh, Delhi - DPCC",1.106,147.3846153846154
2022-01-02,"Nehru Nagar, Delhi - DPCC",1.247,292.64285714285717
2022-01-02,"New Collectorate, Baghpat - UPPCB",0.918,182.33333333333334
2022-01-02,"Okhla Phase-2, Delhi - DPCC",0.993,269.2352941176471
2022-01-02,"R K Puram, Delhi - DPCC",1.116,277.05882352941177
2022-01-02,"Sanjay Nagar, Ghaziabad - UPPCB",1.169,222.4
2022-01-02,"Sri Aurobindo Marg, Delhi - DPCC",0.98,222.33333333333334
2022-01-02,"Vasundhara, Ghaziabad - UPPCB",1.4185,171.77777777777777
2022-01-02,"Vikas Sadan, Gurugram - HSPCB",1.327,181.0764705882353
2022-01-02,"Vivek Vihar, Delhi - DPCC",1.894,284.6
2022-01-03,"Alipur, Delhi - DPCC",0.862,260.6666666666667
2022-01-03,"Anand Vihar, Delhi - DPCC",0.9005,341.88235294117646
2022-01-03,"Ashok Vihar, Delhi - DPCC",0.9085,282.61538461538464
2022-01-03,"Bawana, Delhi - DPCC",0.996,279.2
2022-01-03,"Burari Crossing, New Delhi - IMD",1.128,205.95777777777778
2022-01-03,"Dwarka-Sector 8, Delhi - DPCC ",1.0,259.14285714285717
2022-01-03,"ITO, Delhi - CPCB",0.9275,210.0
2022-01-03,"MD University, Rohtak - HSPCB",0.8935,186.31666666666666
2022-01-03,"Major Dhyan Chand National Stadium, Delhi - DPCC",0.8055,258.3636363636364
2022-01-03,"Mandir Marg, New Delhi - DPCC",0.836,236.61111111111111
2022-01-03,"Moti Doongri, Alwar - RSPCB",0.847,75.84631578947368
2022-01-03,"Najafgarh, Delhi - DPCC",0.883,143.8
2022-01-03,"Nehru Nagar, Delhi - DPCC",0.8075,269.6666666666667
2022-01-03,"New Collectorate, Baghpat - UPPCB",0.721,192.57142857142858
2022-01-03,New Delhi,0.9375,233.375
2022-01-03,"North Campus, DU, Delhi - IMD",0.9245,267.65470588235297
2022-01-03,"Okhla Phase-2, Delhi - DPCC",0.792,231.92857142857142
2022-01-03,"Punjabi Bagh, Delhi - DPCC",0.9765,321.7
2022-01-03,"R K Puram, Delhi - DPCC",0.764,245.9375
2022-01-03,"Rohini, Delhi - DPCC",0.9165,320.0
2022-01-03,"Sector- 16A, Faridabad - HSPCB",0.954,310.90909090909093
2022-01-03,"Sri Aurobindo Marg, Delhi - DPCC",0.6935,194.85714285714286
2022-01-03,"Vasundhara, Ghaziabad - UPPCB",0.938,184.8
2022-01-03,"Vikas Sadan, Gurugram - HSPCB",1.085,127.48181818181818
2022-01-03,"Vivek Vihar, Delhi - DPCC",0.978,323.375
2022-01-04,"MD University, Rohtak - HSPCB",0.53,128.5964705882353
2022-01-04,"Moti Doongri, Alwar - RSPCB",0.826,76.58470588235295
2022-01-11,"Alipur, Delhi - DPCC",0.664,62.75
2022-01-11,"Anand Vihar, Delhi - DPCC",0.673,150.15
2022-01-11,"Ashok Vihar, Delhi - DPCC",0.6845,98.38461538461539
2022-01-11,"Bawana, Delhi - DPCC",0.794,67.66666666666667
2022-01-11,"Burari Crossing, New Delhi - IMD",0.666,56.24136363636364
2022-01-11,"ITO, Delhi - CPCB",0.6525,57.69565217391305
2022-01-11,"Major Dhyan Chand National Stadium, Delhi - DPCC",0.589,101.07142857142857
2022-01-11,"Mandir Marg, New Delhi - DPCC",0.6165,100.63636363636364
2022-01-11,"Moti Doongri, Alwar - RSPCB",0.6215,35.95105263157895
2022-01-11,"Nehru Nagar, Delhi - DPCC",0.683,122.07692307692308
2022-01-11,New Delhi,0.655,104.375
2022-01-11,"North Campus, DU, Delhi - IMD",0.694,53.61944444444444
2022-01-11,"Okhla Phase-2, Delhi - DPCC",0.729,101.52941176470588
2022-01-11,"Punjabi Bagh, Delhi - DPCC",0.6705,107.63157894736842
2022-01-11,"R K Puram, Delhi - DPCC",0.69,93.77777777777777
2022-01-11,"Rohini, Delhi - DPCC",0.803,76.46153846153847
2022-01-11,"Sector- 16A, Faridabad - HSPCB",0.6425,87.63157894736842
2022-01-11,"Shyam Nagar, Palwal - HSPCB",0.713,9.8
2022-01-11,"Sri Aurobindo Marg, Delhi - DPCC",0.646,75.2
2022-01-11,"Vasundhara, Ghaziabad - UPPCB",0.7295,72.8
2022-01-11,"Vivek Vihar, Delhi - DPCC",0.735,99.0
2022-01-12,"ITO, Delhi - CPCB",1.47,107.9
2022-01-12,"Major Dhyan Chand National Stadium, Delhi - DPCC",1.402,181.5
2022-01-12,"Mandir Marg, New Delhi - DPCC",1.479,115.05263157894737
2022-01-12,"Moti Doongri, Alwar - RSPCB",0.655,37.540625
2022-01-12,"Nehru Nagar, Delhi - DPCC",1.382,186.11111111111111
2022-01-12,New Delhi,1.543,155.875
2022-01-12,"Omex Eternity, Vrindavan - UPPCB",2.22,109.8
2022-01-12,"R K Puram, Delhi - DPCC",1.215,188.05882352941177
2022-01-12,"Rohini, Delhi - DPCC",1.385,131.9
2022-01-12,"Shyam Nagar, Palwal - HSPCB",1.172,24.87
2022-01-12,"Sri Aurobindo Marg, Delhi - DPCC",1.052,134.0
2022-01-16,"ITO, Delhi - CPCB",1.32,225.66666666666666
2022-01-16,"Major Dhyan Chand National Stadium, Delhi - DPCC",1.172,201.33333333333334
2022-01-16,"Moti Doongri, Alwar - RSPCB",0.753,46.943
2022-01-16,"Nehru Nagar, Delhi - DPCC",1.223,214.78947368421052
2022-01-16,New Delhi,1.484,193.41666666666666
2022-01-16,"Okhla Phase-2, Delhi - DPCC",1.358,196.95238095238096
2022-01-16,"R K Puram, Delhi - DPCC",1.175,166.5909090909091
2022-01-16,"Sri Aurobindo Marg, Delhi - DPCC",1.123,153.1
2022-01-18,"Anand Vihar, Delhi - DPCC",1.222,325.4
2022-01-18,"Ashok Vihar, Delhi - DPCC",1.401,168.15384615384616
2022-01-18,"ITO, Delhi - CPCB",1.194,181.38095238095238
2022-01-18,"Major Dhyan Chand National Stadium, Delhi - DPCC",1.19,198.68421052631578
2022-01-18,"Mandir Marg, New Delhi - DPCC",1.053,188.76190476190476
2022-01-18,"Moti Doongri, Alwar - RSPCB",0.552,40.4855
2022-01-18,"Nehru Nagar, Delhi - DPCC",1.437,192.1
2022-01-18,New Delhi,1.187,210.04166666666666
2022-01-18,"North Campus, DU, Delhi - IMD",1.219,160.7588888888889
2022-01-18,"Okhla Phase-2, Delhi - DPCC",1.551,217.73684210526315
2022-01-18,"Punjabi Bagh, Delhi - DPCC",1.449,214.8
2022-01-18,"R K Puram, Delhi - DPCC",1.393,206.42105263157896
2022-01-18,"Sector- 16A, Faridabad - HSPCB",1.7495,171.73684210526315
2022-01-18,"Sri Aurobindo Marg, Delhi - DPCC",1.431,211.66666666666666
2022-01-18,"Vasundhara, Ghaziabad - UPPCB",1.298,159.88235294117646
2022-01-18,"Vivek Vihar, Delhi - DPCC",1.222,207.4
2022-01-19,"Anand Vihar, Delhi - DPCC",1.455,261.3333333333333
2022-01-19,"Ashok Vihar, Delhi - DPCC",1.478,157.5
2022-01-19,"Burari Crossing, New Delhi - IMD",1.464,154.165
2022-01-19,"ITO, Delhi - CPCB",1.372,182.15384615384616
2022-01-19,"Major Dhyan Chand National Stadium, Delhi - DPCC",1.334,182.0
2022-01-19,"Mandir Marg, New Delhi - DPCC",1.306,207.0
2022-01-19,"Nehru Nagar, Delhi - DPCC",1.07,193.0
2022-01-19,New Delhi,1.403,226.75
2022-01-19,"North Campus, DU, Delhi - IMD",1.445,196.07583333333332
2022-01-19,"Okhla Phase-2, Delhi - DPCC",1.107,200.0
2022-01-19,"Punjabi Bagh, Delhi - DPCC",1.363,262.7142857142857
2022-01-19,"R K Puram, Delhi - DPCC",1.107,235.28571428571428
2022-01-19,"Sector- 16A, Faridabad - HSPCB",1.547,168.33333333333334
2022-01-27,New Delhi,1.008,120.0
2022-01-28,"Alipur, Delhi - DPCC",0.442,144.0
2022-01-28,"Anand Vihar, Delhi - DPCC",0.5245,318.0
2022-01-28,"Ashok Vihar, Delhi - DPCC",0.419,175.5
2022-01-28,"Bawana, Delhi - DPCC",0.502,181.5
2022-01-28,"Burari Crossing, New Delhi - IMD",0.516,125.52333333333333
2022-01-28,"Chandni Chowk, Delhi - IITM",0.4945,83.39999999999999
2022-01-28,"Dwarka-Sector 8, Delhi - DPCC ",0.569,144.33333333333334
2022-01-28,"Ganga Nagar, Meerut - UPPCB",0.569,93.0
2022-01-28,"ITO, Delhi - CPCB",0.451,220.4
2022-01-28,"Indirapuram, Ghaziabad - UPPCB",0.615,61.0
2022-01-28,"Jai Bhim Nagar, Meerut - UPPCB",0.554,56.5
2022-01-28,"Knowledge Park - V, Greater Noida - UPPCB",0.5985,72.66666666666667
2022-01-28,"MD University, Rohtak - HSPCB",0.4335,80.172
2022-01-28,"Major Dhyan Chand National Stadium, Delhi - DPCC",0.415,187.0
2022-01-28,"Mandir Marg, New Delhi - DPCC",0.4095,133.5
2022-01-28,"Moti Doongri, Alwar - RSPCB",0.3275,31.711666666666662
2022-01-28,"Najafgarh, Delhi - DPCC",0.4825,90.25
2022-01-28,"Nehru Nagar, Delhi - DPCC",0.454,170.25
2022-01-28,"New Collectorate, Baghpat - UPPCB",0.4435,54.5
2022-01-28,New Delhi,0.4655,118.8695652173913
2022-01-28,"North Campus, DU, Delhi - IMD",0.4545,127.364
2022-01-28,"Okhla Phase-2, Delhi - DPCC",0.4315,113.0
2022-01-28,"Omex Eternity, Vrindavan - UPPCB",0.429,9.89
2022-01-28,"Punjabi Bagh, Delhi - DPCC",0.4535,117.5
2022-01-28,"R K Puram, Delhi - DPCC",0.32,142.0
2022-01-28,"Rohini, Delhi - DPCC",0.409,34.0
2022-01-28,"Sanjay Nagar, Ghaziabad - UPPCB",0.505,139.33333333333334
2022-01-28,"Sector 11, Faridabad - HSPCB",0.467,190.65
2022-01-28,"Sector- 16A, Faridabad - HSPCB",0.462,156.33333333333334
2022-01-28,"Shyam Nagar, Palwal - HSPCB",0.439,46.045
2022-01-28,"Sri Aurobindo Marg, Delhi - DPCC",0.3155,134.0
2022-01-28,"Vasundhara, Ghaziabad - UPPCB",0.5545,99.16666666666667
2022-01-28,"Vikas Sadan, Gurugram - HSPCB",0.608,97.25999999999999
2022-01-28,"Vivek Vihar, Delhi - DPCC",0.5465,144.0
2022-01-29,"Alipur, Delhi - DPCC",0.644,118.9090909090909
2022-01-29,"Anand Vihar, Delhi - DPCC",0.6285,231.23076923076923
2022-01-29,"Ashok Vihar, Delhi - DPCC",0.5145,152.07692307692307
2022-01-29,"Bawana, Delhi - DPCC",0.5945,164.9
2022-01-29,"Burari Crossing, New Delhi - IMD",0.501,101.38133333333333
2022-01-29,"Chandni Chowk, Delhi - IITM",0.5285,115.10714285714286
2022-01-29,"Dwarka-Sector 8, Delhi - DPCC ",0.469,181.36363636363637
2022-01-29,"Ganga Nagar, Meerut - UPPCB",0.8105,120.83333333333333
2022-01-29,"ITO, Delhi - CPCB",0.428,242.6
2022-01-29,"Indirapuram, Ghaziabad - UPPCB",0.6835,108.1
2022-01-29,"Jai Bhim Nagar, Meerut - UPPCB",0.809,135.5
2022-01-29,"Knowledge Park - V, Greater Noida - UPPCB",0.6395,106.66666666666667
2022-01-29,"MD University, Rohtak - HSPCB",0.467,128.79933333333332
2022-01-29,"Major Dhyan Chand National Stadium, Delhi - DPCC",0.443,142.46153846153845
2022-01-29,"Mandir Marg, New Delhi - DPCC",0.448,108.66666666666667
2022-01-29,"Moti Doongri, Alwar - RSPCB",0.3415,34.098125
2022-01-29,"Najafgarh, Delhi - DPCC",0.4185,90.1
2022-01-29,"Nehru Nagar, Delhi - DPCC",0.376,161.1818181818182
2022-01-29,"New Collectorate, Baghpat - UPPCB",0.646,106.84615384615384
2022-01-29,New Delhi,0.4405,124.66666666666667
2022-01-29,"North Campus, DU, Delhi - IMD",0.506,98.08875
2022-01-29,"Okhla Phase-2, Delhi - DPCC",0.492,152.5
2022-01-29,"Omex Eternity, Vrindavan - UPPCB",0.376,60.57857142857143
2022-01-29,"Punjabi Bagh, Delhi - DPCC",0.461,147.14285714285714
2022-01-29,"R K Puram, Delhi - DPCC",0.427,192.66666666666666
2022-01-29,"Rohini, Delhi - DPCC",0.4845,188.77777777777777
2022-01-29,"Sanjay Nagar, Ghaziabad - UPPCB",0.645,108.41666666666667
2022-01-29,"Sector 11, Faridabad - HSPCB",0.499,213.63846153846154
2022-01-29,"Sector- 16A, Faridabad - HSPCB",0.453,156.42857142857142
2022-01-29,"Shyam Nagar, Palwal - HSPCB",0.4845,39.07416666666666
2022-01-29,"Sri Aurobindo Marg, Delhi - DPCC",0.3605,121.46153846153847
2022-01-29,"Vasundhara, Ghaziabad - UPPCB",0.607,108.0
2022-01-29,"Vikas Sadan, Gurugram - HSPCB",0.503,169.1357142857143
2022-01-29,"Vivek Vihar, Delhi - DPCC",0.651,161.92307692307693
2022-01-30,"Alipur, Delhi - DPCC",0.492,121.42857142857143
2022-01-30,"Anand Vihar, Delhi - DPCC",0.6195,246.33333333333334
2022-01-30,"Ashok Vihar, Delhi - DPCC",0.607,161.33333333333334
2022-01-30,"Bawana, Delhi - DPCC",0.532,157.8
2022-01-30,"Burari Crossing, New Delhi - IMD",0.582,104.75333333333334
2022-01-30,"Chandni Chowk, Delhi - IITM",0.6335,29.50588235294118
2022-01-30,"Dwarka-Sector 8, Delhi - DPCC ",0.696,159.0
2022-01-30,"Ganga Nagar, Meerut - UPPCB",0.542,110.42857142857143
2022-01-30,"ITO, Delhi - CPCB",0.597,227.33333333333334
2022-01-30,"Indirapuram, Ghaziabad - UPPCB",0.668,104.13333333333334
2022-01-30,"Jai Bhim Nagar, Meerut - UPPCB",0.526,143.8
2022-01-30,"Knowledge Park - V, Greater Noida - UPPCB",0.679,101.8
2022-01-30,"MD University, Rohtak - HSPCB",0.5205,124.97999999999999
2022-01-30,"Major Dhyan Chand National Stadium, Delhi - DPCC",0.5545,160.89473684210526
2022-01-30,"Mandir Marg, New Delhi - DPCC",0.625,138.47058823529412
2022-01-30,"Moti Doongri, Alwar - RSPCB",0.2615,34.269
2022-01-30,"Najafgarh, Delhi - DPCC",0.6715,106.94736842105263
2022-01-30,"Nehru Nagar, Delhi - DPCC",0.5825,191.77777777777777
2022-01-30,"New Collectorate, Baghpat - UPPCB",0.441,109.42857142857143
2022-01-30,New Delhi,0.636,159.75
2022-01-30,"North Campus, DU, Delhi - IMD",0.668,127.91400000000002
2022-01-30,"Okhla Phase-2, Delhi - DPCC",0.596,149.45
2022-01-30,"Omex Eternity, Vrindavan - UPPCB",0.386,17.234285714285715
2022-01-30,"Punjabi Bagh, Delhi - DPCC",0.667,154.07692307692307
2022-01-30,"R K Puram, Delhi - DPCC",0.587,158.64285714285714
2022-01-30,"Rohini, Delhi - DPCC",0.625,171.07142857142858
2022-01-30,"Sanjay Nagar, Ghaziabad - UPPCB",0.5525,143.8
2022-01-30,"Sector 11, Faridabad - HSPCB",0.578,161.07999999999998
2022-01-30,"Sector- 16A, Faridabad - HSPCB",0.5355,141.125
2022-01-30,"Shyam Nagar, Palwal - HSPCB",0.629,50.15095238095238
2022-01-30,"Sri Aurobindo Marg, Delhi - DPCC",0.5715,130.85
2022-01-30,"Vasundhara, Ghaziabad - UPPCB",0.6185,109.1
2022-01-30,"Vikas Sadan, Gurugram - HSPCB",0.7215,98.21428571428571
2022-01-30,"Vivek Vihar, Delhi - DPCC",0.635,155.71428571428572
2022-01-31,"Alipur, Delhi - DPCC",2.256,199.5
2022-01-31,"Anand Vihar, Delhi - DPCC",2.147,280.0
2022-01-31,"Ashok Vihar, Delhi - DPCC",1.829,255.0
2022-01-31,"Bawana, Delhi - DPCC",2.011,242.0
2022-01-31,"Burari Crossing, New Delhi - IMD",2.257,188.32111111111112
2022-01-31,"Chandni Chowk, Delhi - IITM",1.7505,148.83333333333334
2022-01-31,"Dwarka-Sector 8, Delhi - DPCC ",1.056,197.57142857142858
2022-01-31,"ITO, Delhi - CPCB",1.66,278.1
2022-01-31,"Indirapuram, Ghaziabad - UPPCB",2.249,175.625
2022-01-31,"MD University, Rohtak - HSPCB",0.974,91.96444444444444
2022-01-31,"Major Dhyan Chand National Stadium, Delhi - DPCC",1.6905,252.5
2022-01-31,"Mandir Marg, New Delhi - DPCC",1.707,201.4
2022-01-31,"Moti Doongri, Alwar - RSPCB",0.6035,40.98777777777778
2022-01-31,"Najafgarh, Delhi - DPCC",1.207,142.0
2022-01-31,"Nehru Nagar, Delhi - DPCC",1.6335,274.0
2022-01-31,New Delhi,1.743,231.20833333333334
2022-01-31,"North Campus, DU, Delhi - IMD",1.781,210.63222222222223
2022-01-31,"Okhla Phase-2, Delhi - DPCC",1.318,241.55555555555554
2022-01-31,"Omex Eternity, Vrindavan - UPPCB",1.777,87.5657142857143
2022-01-31,"Punjabi Bagh, Delhi - DPCC",1.7475,277.6666666666667
2022-01-31,"R K Puram, Delhi - DPCC",1.7195,249.33333333333334
2022-01-31,"Rohini, Delhi - DPCC",1.6915,272.57142857142856
2022-01-31,"Sector 11, Faridabad - HSPCB",1.648,258.84285714285716
2022-01-31,"Sector- 16A, Faridabad - HSPCB",1.6945,215.7
2022-01-31,"Sri Aurobindo Marg, Delhi - DPCC",1.358,225.14285714285714
2022-01-31,"Vikas Sadan, Gurugram - HSPCB",1.2785,134.0
2022-01-31,"Vivek Vihar, Delhi - DPCC",2.268,268.0
2022-10-01,"Alipur, Delhi - DPCC",0.765,83.22222222222223
2022-10-01,"Ashok Vihar, Delhi - DPCC",0.619,82.15
2022-10-01,"Bawana, Delhi - DPCC",0.534,73.33333333333333
2022-10-01,"Dwarka-Sector 8, Delhi - DPCC ",0.7215,84.0909090909091
2022-10-01,"ITO, Delhi - CPCB",0.7845,97.47826086956522
2022-10-01,"Indirapuram, Ghaziabad - UPPCB",0.514,83.86666666666666
2022-10-01,"Major Dhyan Chand National Stadium, Delhi - DPCC",0.7085,78.84615384615384
2022-10-01,"Mandir Marg, New Delhi - DPCC",0.5655,42.36363636363637
2022-10-01,"Moti Doongri, Alwar - RSPCB",0.309,30.81894736842105
2022-10-01,"Najafgarh, Delhi - DPCC",0.5395,61.0
2022-10-01,New Delhi,0.677,73.95833333333333
2022-10-01,"North Campus, DU, Delhi - IMD",0.716,77.3125
2022-10-01,"Okhla Phase-2, Delhi - DPCC",0.847,80.57894736842105
2022-10-01,"Omex Eternity, Vrindavan - UPPCB",0.547,38.47714285714286
2022-10-01,"Punjabi Bagh, Delhi - DPCC",0.548,87.22222222222223
2022-10-01,"R K Puram, Delhi - DPCC",0.986,96.3157894736842
2022-10-01,"Rohini, Delhi - DPCC",0.539,88.61111111111111
2022-10-01,"Sector 11, Faridabad - HSPCB",0.6495,27.457894736842107
2022-10-01,"Shyam Nagar, Palwal - HSPCB",0.789,30.175882352941176
2022-10-01,"Sri Aurobindo Marg, Delhi - DPCC",0.445,68.33333333333333
2022-10-01,"Vasundhara, Ghaziabad - UPPCB",0.413,107.9
2022-10-01,"Vivek Vihar, Delhi - DPCC",0.455,82.0
2022-10-02,"Alipur, Delhi - DPCC",0.473,58.64705882352941
2022-10-02,"Ashok Vihar, Delhi - DPCC",0.474,59.94444444444444
2022-10-02,"Bawana, Delhi - DPCC",0.4175,65.23076923076923
2022-10-02,"Dwarka-Sector 8, Delhi - DPCC ",0.4475,59.285714285714285
2022-10-02,"Ganga Nagar, Meerut - UPPCB",1.209,87.0
2022-10-02,"ITO, Delhi - CPCB",0.5375,61.36363636363637
2022-10-02,"Indirapuram, Ghaziabad - UPPCB",0.381,54.88235294117647
2022-10-02,"Jai Bhim Nagar, Meerut - UPPCB",1.247,66.11764705882354
2022-10-02,"Knowledge Park - V, Greater Noida - UPPCB",0.5315,37.8421052631579
2022-10-02,"Major Dhyan Chand National Stadium, Delhi - DPCC",0.504,58.5
2022-10-02,"Mandir Marg, New Delhi - DPCC",0.495,35.08695652173913
2022-10-02,"Moti Doongri, Alwar - RSPCB",0.224,27.847391304347827
2022-10-02,"Najafgarh, Delhi - DPCC",0.357,34.857142857142854
2022-10-02,"Nehru Nagar, Delhi - DPCC",0.496,58.75
2022-10-02,New Delhi,0.5035,52.75
2022-10-02,"North Campus, DU, Delhi - IMD",0.445,41.730000000000004
2022-10-02,"Okhla Phase-2, Delhi - DPCC",0.4635,52.31578947368421
2022-10-02,"Omex Eternity, Vrindavan - UPPCB",0.426,23.269411764705882
2022-10-02,"Punjabi Bagh, Delhi - DPCC",0.443,62.8421052631579
2022-10-02,"R K Puram, Delhi - DPCC",0.416,62.55
2022-10-02,"Rohini, Delhi - DPCC",0.4675,59.95238095238095
2022-10-02,"Sanjay Nagar, Ghaziabad - UPPCB",0.415,46.26315789473684
2022-10-02,"Sardar Patel Inter College, Baghpat - UPPCB",0.6715,56.4
2022-10-02,"Sector 11, Faridabad - HSPCB",0.4325,23.989473684210527
2022-10-02,"Shyam Nagar, Palwal - HSPCB",0.3595,30.09125
2022-10-02,"Sri Aurobindo Marg, Delhi - DPCC",0.4375,46.22222222222222
2022-10-02,"Vasundhara, Ghaziabad - UPPCB",0.39,60.130434782608695
2022-10-02,"Vivek Vihar, Delhi - DPCC",0.392,62.476190476190474
2022-10-03,"Alipur, Delhi - DPCC",0.354,42.142857142857146
2022-10-03,"Ashok Vihar, Delhi - DPCC",0.299,40.4
2022-10-03,"Bawana, Delhi - DPCC",0.272,50.36363636363637
2022-10-03,"Dwarka-Sector 8, Delhi - DPCC ",0.326,38.421052631578945
2022-10-03,"ITO, Delhi - CPCB",0.2875,45.73684210526316
2022-10-03,"Indirapuram, Ghaziabad - UPPCB",0.3915,43.714285714285715
2022-10-03,"Jai Bhim Nagar, Meerut - UPPCB",0.4745,45.5
2022-10-03,"Knowledge Park - V, Greater Noida - UPPCB",0.4205,28.466666666666665
2022-10-03,"MD University, Rohtak - HSPCB",0.2955,29.66076923076923
2022-10-03,"Major Dhyan Chand National Stadium, Delhi - DPCC",0.3165,40.285714285714285
2022-10-03,"Mandir Marg, New Delhi - DPCC",0.2435,31.125
2022-10-03,"Moti Doongri, Alwar - RSPCB",0.1765,18.12409090909091
2022-10-03,"Najafgarh, Delhi - DPCC",0.1195,29.0
2022-10-03,"Nehru Nagar, Delhi - DPCC",0.272,43.0
2022-10-03,New Delhi,0.2605,35.166666666666664
2022-10-03,"North Campus, DU, Delhi - IMD",0.364,44.5805
2022-10-03,"Okhla Phase-2, Delhi - DPCC",0.2915,33.8235294117647
2022-10-03,"Omex Eternity, Vrindavan - UPPCB",0.0525,19.8
2022-10-03,"Punjabi Bagh, Delhi - DPCC",0.269,43.46666666666667
2022-10-03,"R K Puram, Delhi - DPCC",0.194,43.0625
2022-10-03,"Rohini, Delhi - DPCC",0.272,40.38461538461539
2022-10-03,"Sanjay Nagar, Ghaziabad - UPPCB",0.403,30.25
2022-10-03,"Sardar Patel Inter College, Baghpat - UPPCB",0.549,52.285714285714285
2022-10-03,"Sector 11, Faridabad - HSPCB",0.2705,103.62105263157895
2022-10-03,"Shyam Nagar, Palwal - HSPCB",0.2065,40.98307692307692
2022-10-03,"Sri Aurobindo Marg, Delhi - DPCC",0.2395,32.142857142857146
2022-10-03,"Vasundhara, Ghaziabad - UPPCB",0.392,61.8421052631579
2022-10-03,"Vivek Vihar, Delhi - DPCC",0.3405,51.95
2022-10-04,"Alipur, Delhi - DPCC",0.874,75.66666666666667
2022-10-04,"Ashok Vihar, Delhi - DPCC",1.116,83.36842105263158
2022-10-04,"Bawana, Delhi - DPCC",0.638,78.0
2022-10-04,"Dwarka-Sector 8, Delhi - DPCC ",1.008,68.9
2022-10-04,"ITO, Delhi - CPCB",1.134,90.42105263157895
2022-10-04,"Indirapuram, Ghaziabad - UPPCB",1.179,98.58823529411765
2022-10-04,"MD University, Rohtak - HSPCB",0.63,43.985882352941175
2022-10-04,"Major Dhyan Chand National Stadium, Delhi - DPCC",1.165,79.0
2022-10-04,"Mandir Marg, New Delhi - DPCC",1.068,54.8
2022-10-04,"Najafgarh, Delhi - DPCC",0.855,57.470588235294116
2022-10-04,"Nehru Nagar, Delhi - DPCC",1.121,77.10526315789474
2022-10-04,New Delhi,1.082,67.66666666666667
2022-10-04,"Okhla Phase-2, Delhi - DPCC",1.128,72.76470588235294
2022-10-04,"R K Puram, Delhi - DPCC",0.919,89.6
2022-10-04,"Rohini, Delhi - DPCC",0.581,75.9090909090909
2022-10-04,"Sanjay Nagar, Ghaziabad - UPPCB",0.557,46.625
2022-10-04,"Sardar Patel Inter College, Baghpat - UPPCB",0.565,56.333333333333336
2022-10-04,"Sector 11, Faridabad - HSPCB",1.008,166.22222222222223
2022-10-04,"Sector- 16A, Faridabad - HSPCB",0.952,34.0
2022-10-04,"Sri Aurobindo Marg, Delhi - DPCC",1.027,55.76923076923077
2022-10-05,"Alipur, Delhi - DPCC",1.547,83.4
2022-10-05,"Ashok Vihar, Delhi - DPCC",1.838,83.9
2022-10-05,"Bawana, Delhi - DPCC",1.651,81.36842105263158
2022-10-05,"Dwarka-Sector 8, Delhi - DPCC ",1.715,66.6
2022-10-05,"ITO, Delhi - CPCB",1.803,85.42857142857143
2022-10-05,"MD University, Rohtak - HSPCB",0.514,24.405
2022-10-05,"Major Dhyan Chand National Stadium, Delhi - DPCC",1.842,77.69565217391305
2022-10-05,"Mandir Marg, New Delhi - DPCC",1.705,52.285714285714285
2022-10-05,"Najafgarh, Delhi - DPCC",1.617,60.23529411764706
2022-10-05,"Nehru Nagar, Delhi - DPCC",1.87,85.71428571428571
2022-10-05,New Delhi,1.722,67.66666666666667
2022-10-05,"R K Puram, Delhi - DPCC",1.626,80.57894736842105
2022-10-05,"Sardar Patel Inter College, Baghpat - UPPCB",1.713,61.083333333333336
2022-10-05,"Sector 11, Faridabad - HSPCB",1.051,30.620000000000005
2022-10-05,"Sector- 16A, Faridabad - HSPCB",1.174,10.2
2022-10-06,"Bawana, Delhi - DPCC",0.54,22.571428571428573
2022-10-06,"MD University, Rohtak - HSPCB",0.526,21.565
2022-10-06,"Rohini, Delhi - DPCC",0.599,15.8
2022-10-11,"Indirapuram, Ghaziabad - UPPCB",0.486,35.4
2022-10-11,"MD University, Rohtak - HSPCB",0.458,30.123
2022-10-11,"Vivek Vihar, Delhi - DPCC",0.511,39.523809523809526
2022-10-12,"Moti Doongri, Alwar - RSPCB",0.226,24.205714285714286
2022-10-12,"Shyam Nagar, Palwal - HSPCB",0.67,30.516666666666666
2022-10-13,"Alipur, Delhi - DPCC",0.191,64.9090909090909
2022-10-13,"Ashok Vihar, Delhi - DPCC",0.271,61.6875
2022-10-13,"Bawana, Delhi - DPCC",0.197,54.333333333333336
2022-10-13,"Dwarka-Sector 8, Delhi - DPCC ",0.454,61.470588235294116
2022-10-13,"Ganga Nagar, Meerut - UPPCB",0.432,76.0
2022-10-13,"ITO, Delhi - CPCB",0.266,98.21052631578948
2022-10-13,"Indirapuram, Ghaziabad - UPPCB",0.32,60.666666666666664
2022-10-13,"Jai Bhim Nagar, Meerut - UPPCB",0.424,66.94736842105263
2022-10-13,"Knowledge Park - V, Greater Noida - UPPCB",0.488,61.142857142857146
2022-10-13,"MD University, Rohtak - HSPCB",0.293,54.11772727272728
2022-10-13,"Major Dhyan Chand National Stadium, Delhi - DPCC",0.29,56.1578947368421
2022-10-13,"Mandir Marg, New Delhi - DPCC",0.23,37.5
2022-10-13,"Moti Doongri, Alwar - RSPCB",0.181,27.382380952380952
2022-10-13,"Najafgarh, Delhi - DPCC",0.42,43.65
2022-10-13,"Nehru Nagar, Delhi - DPCC",0.376,51.8
2022-10-13,New Delhi,0.238,50.791666666666664
2022-10-13,"Okhla Phase-2, Delhi - DPCC",0.366,48.333333333333336
2022-10-13,"Omex Eternity, Vrindavan - UPPCB",0.534,21.53684210526316
2022-10-13,"Punjabi Bagh, Delhi - DPCC",0.238,58.8421052631579
2022-10-13,"R K Puram, Delhi - DPCC",0.226,38.142857142857146
2022-10-13,"Rohini, Delhi - DPCC",0.223,55.63636363636363
2022-10-13,"Sardar Patel Inter College, Baghpat - UPPCB",0.262,62.93333333333333
2022-10-13,"Sector 11, Faridabad - HSPCB",0.41,69.9421052631579
2022-10-13,"Sector- 16A, Faridabad - HSPCB",0.384,38.666666666666664
2022-10-13,"Shyam Nagar, Palwal - HSPCB",0.475,20.301538461538463
2022-10-13,"Sri Aurobindo Marg, Delhi - DPCC",0.455,42.54545454545455
2022-10-13,"Vasundhara, Ghaziabad - UPPCB",0.271,61.95
2022-10-13,"Vivek Vihar, Delhi - DPCC",0.26,74.4
2022-10-14,"Alipur, Delhi - DPCC",0.361,67.42857142857143
2022-10-14,"Ashok Vihar, Delhi - DPCC",0.352,89.625
2022-10-14,"Bawana, Delhi - DPCC",0.36,80.7
2022-10-14,"Dwarka-Sector 8, Delhi - DPCC ",0.427,81.33333333333333
2022-10-14,"Ganga Nagar, Meerut - UPPCB",0.562,94.07142857142857
2022-10-14,"ITO, Delhi - CPCB",0.365,40.76190476190476
2022-10-14,"Indirapuram, Ghaziabad - UPPCB",0.472,73.38461538461539
2022-10-14,"Jai Bhim Nagar, Meerut - UPPCB",0.571,95.0
2022-10-14,"Knowledge Park - V, Greater Noida - UPPCB",0.515,52.61538461538461
2022-10-14,"MD University, Rohtak - HSPCB",0.538,55.51454545454545
2022-10-14,"Major Dhyan Chand National Stadium, Delhi - DPCC",0.407,82.26666666666667
2022-10-14,"Mandir Marg, New Delhi - DPCC",0.338,42.4375
2022-10-14,"Moti Doongri, Alwar - RSPCB",0.615,30.93826086956522
2022-10-14,"Najafgarh, Delhi - DPCC",0.414,62.9375
2022-10-14,"Nehru Nagar, Delhi - DPCC",0.401,75.52941176470588
2022-10-14,New Delhi,0.351,70.33333333333333
2022-10-14,"North Campus, DU, Delhi - IMD",0.356,76.9715
2022-10-14,"Okhla Phase-2, Delhi - DPCC",0.431,64.33333333333333
2022-10-14,"Punjabi Bagh, Delhi - DPCC",0.371,84.64285714285714
2022-10-14,"R K Puram, Delhi - DPCC",0.377,88.54545454545455
2022-10-14,"Rohini, Delhi - DPCC",0.311,86.14285714285714
2022-10-14,"Sanjay Nagar, Ghaziabad - UPPCB",0.354,54.8
2022-10-14,"Sardar Patel Inter College, Baghpat - UPPCB",0.414,83.86666666666666
2022-10-14,"Sector 11, Faridabad - HSPCB",0.488,76.76470588235294
2022-10-14,"Sector- 16A, Faridabad - HSPCB",0.439,76.33333333333333
2022-10-14,"Shyam Nagar, Palwal - HSPCB",0.594,35.94714285714286
2022-10-14,"Sri Aurobindo Marg, Delhi - DPCC",0.398,70.14285714285714
2022-10-14,"Vasundhara, Ghaziabad - UPPCB",0.515,59.421052631578945
2022-10-14,"Vikas Sadan, Gurugram - HSPCB",0.423,59.20739130434782
2022-10-14,"Vivek Vihar, Delhi - DPCC",0.408,78.94736842105263
2022-10-15,"Alipur, Delhi - DPCC",0.491,92.45454545454545
2022-10-15,"Ashok Vihar, Delhi - DPCC",0.387,79.9
2022-10-15,"Bawana, Delhi - DPCC",0.388,90.92307692307692
2022-10-15,"Dwarka-Sector 8, Delhi - DPCC ",0.49,96.95
2022-10-15,"Ganga Nagar, Meerut - UPPCB",0.337,66.5
2022-10-15,"ITO, Delhi - CPCB",0.443,97.42105263157895
2022-10-15,"Indirapuram, Ghaziabad - UPPCB",0.571,98.46666666666667
2022-10-15,"Jai Bhim Nagar, Meerut - UPPCB",0.311,95.8
2022-10-15,"MD University, Rohtak - HSPCB",0.349,53.85166666666666
2022-10-15,"Major Dhyan Chand National Stadium, Delhi - DPCC",0.427,97.63157894736842
2022-10-15,"Mandir Marg, New Delhi - DPCC",0.391,53.476190476190474
2022-10-15,"Najafgarh, Delhi - DPCC",0.496,69.9047619047619
2022-10-15,"Nehru Nagar, Delhi - DPCC",0.481,91.94444444444444
2022-10-15,New Delhi,0.396,87.29166666666667
2022-10-15,"Okhla Phase-2, Delhi - DPCC",0.468,86.0
2022-10-15,"Omex Eternity, Vrindavan - UPPCB",0.765,38.535000000000004
2022-10-15,"Punjabi Bagh, Delhi - DPCC",0.419,105.46153846153847
2022-10-15,"R K Puram, Delhi - DPCC",0.284,93.88235294117646
2022-10-15,"Rohini, Delhi - DPCC",0.381,89.2
2022-10-15,"Sardar Patel Inter College, Baghpat - UPPCB",0.603,99.07142857142857
2022-10-15,"Sector 11, Faridabad - HSPCB",0.562,87.5578947368421
2022-10-15,"Sector- 16A, Faridabad - HSPCB",0.511,86.0
2022-10-15,"Shyam Nagar, Palwal - HSPCB",0.617,42.65684210526316
2022-10-15,"Sri Aurobindo Marg, Delhi - DPCC",0.518,72.53846153846153
2022-10-15,"Vasundhara, Ghaziabad - UPPCB",0.466,84.63636363636364
2022-10-15,"Vivek Vihar, Delhi - DPCC",0.445,92.82352941176471
2022-10-16,"Alipur, Delhi - DPCC",0.489,97.07142857142857
2022-10-16,"Ashok Vihar, Delhi - DPCC",0.855,63.0
2022-10-16,"Bawana, Delhi - DPCC",0.49,107.23076923076923
2022-10-16,"Dwarka-Sector 8, Delhi - DPCC ",0.871,100.35714285714286
2022-10-16,"Ganga Nagar, Meerut - UPPCB",0.533,108.71428571428571
2022-10-16,"ITO, Delhi - CPCB",1.262,109.5
2022-10-16,"Indirapuram, Ghaziabad - UPPCB",0.956,126.71428571428571
2022-10-16,"Jai Bhim Nagar, Meerut - UPPCB",0.599,109.0
2022-10-16,"Knowledge Park - V, Greater Noida - UPPCB",0.734,108.07692307692308
2022-10-16,"MD University, Rohtak - HSPCB",0.482,53.372
2022-10-16,"Major Dhyan Chand National Stadium, Delhi - DPCC",1.299,101.06666666666666
2022-10-16,"Moti Doongri, Alwar - RSPCB",0.74,29.28933333333333
2022-10-16,"Najafgarh, Delhi - DPCC",0.624,73.81818181818181
2022-10-16,"Nehru Nagar, Delhi - DPCC",1.308,102.5
2022-10-16,"North Campus, DU, Delhi - IMD",0.823,127.83562500000001
2022-10-16,"Okhla Phase-2, Delhi - DPCC",1.611,89.21428571428571
2022-10-16,"Punjabi Bagh, Delhi - DPCC",0.696,96.63636363636364
2022-10-16,"R K Puram, Delhi - DPCC",1.278,109.41666666666667
2022-10-16,"Rohini, Delhi - DPCC",0.592,112.6
2022-10-16,"Sanjay Nagar, Ghaziabad - UPPCB",0.659,86.33333333333333
2022-10-16,"Sardar Patel Inter College, Baghpat - UPPCB",0.684,77.0
2022-10-16,"Sector 11, Faridabad - HSPCB",0.997,95.9923076923077
2022-10-16,"Shyam Nagar, Palwal - HSPCB",0.932,24.179230769230767
2022-10-16,"Vasundhara, Ghaziabad - UPPCB",0.834,104.53333333333333
2022-10-16,"Vikas Sadan, Gurugram - HSPCB",0.736,63.769999999999996
2022-10-16,"Vivek Vihar, Delhi - DPCC",0.628,102.0
2022-10-18,New Delhi,0.584,82.45833333333333
2022-10-19,New Delhi,0.537,74.54166666666667
2022-10-20,New Delhi,0.413,89.0
2022-10-21,New Delhi,0.486,104.29166666666667
2022-10-22,New Delhi,0.403,106.91666666666667
2022-10-23,New Delhi,1.211,137.25
2022-10-24,New Delhi,0.616,172.0
2022-10-25,New Delhi,0.675,118.47826086956522
2022-10-26,"Jai Bhim Nagar, Meerut - UPPCB",0.8265,109.0
2022-10-26,New Delhi,1.263,131.375
2022-10-27,New Delhi,1.4025,157.04166666666666
2022-10-28,New Delhi,2.016,222.08695652173913
2022-10-29,New Delhi,1.943,187.08695652173913
2022-10-30,New Delhi,1.6635,181.65217391304347
2022-10-31,"Alipur, Delhi - DPCC",2.568,290.0
2022-10-31,"Anand Vihar, Delhi - DPCC",2.3405,283.0
2022-10-31,"Ashok Vihar, Delhi - DPCC",2.26,277.0
2022-10-31,"Bawana, Delhi - DPCC",2.461,296.0
2022-10-31,"Dwarka-Sector 8, Delhi - DPCC ",2.38,246.0
2022-10-31,"ITO, Delhi - CPCB",2.13,199.5
2022-10-31,"Indirapuram, Ghaziabad - UPPCB",2.388,170.0
2022-10-31,"Knowledge Park - V, Greater Noida - UPPCB",2.42,152.0
2022-10-31,"MD University, Rohtak - HSPCB",2.816,123.03
2022-10-31,"Major Dhyan Chand National Stadium, Delhi - DPCC",2.388,228.0
2022-10-31,"Mandir Marg, New Delhi - DPCC",2.304,60.0
2022-10-31,"Moti Doongri, Alwar - RSPCB",1.172,64.815
2022-10-31,"Najafgarh, Delhi - DPCC",2.58,204.0
2022-10-31,"Nehru Nagar, Delhi - DPCC",2.2495,280.0
2022-10-31,New Delhi,2.092,227.75
2022-10-31,"North Campus, DU, Delhi - IMD",2.3,161.32999999999998
2022-10-31,"Okhla Phase-2, Delhi - DPCC",2.159,266.0
2022-10-31,"Omex Eternity, Vrindavan - UPPCB",2.094,67.8
2022-10-31,"R K Puram, Delhi - DPCC",2.24,268.0
2022-10-31,"Rohini, Delhi - DPCC",2.6385,238.0
2022-10-31,"Sanjay Nagar, Ghaziabad - UPPCB",2.36,226.0
2022-10-31,"Sardar Patel Inter College, Baghpat - UPPCB",2.5275,129.0
2022-10-31,"Sector- 16A, Faridabad - HSPCB",2.023,244.0
2022-10-31,"Shyam Nagar, Palwal - HSPCB",1.6945,17.4
2022-10-31,"Sri Aurobindo Marg, Delhi - DPCC",2.1265,232.0
2022-10-31,"Vasundhara, Ghaziabad - UPPCB",2.423,171.5
2022-10-31,"Vikas Sadan, Gurugram - HSPCB",2.233,152.9
2022-10-31,"Vivek Vihar, Delhi - DPCC",2.3805,287.0
2022-11-01,New Delhi,1.478,211.70833333333334
2022-11-02,New Delhi,1.674,231.95238095238096
2022-11-03,New Delhi,2.316,294.125
2022-11-04,New Delhi,2.54,284.95652173913044
2022-11-05,New Delhi,2.1845,177.25
2022-11-07,New Delhi,0.77,173.95833333333334
2022-11-09,New Delhi,1.29,97.91666666666667
2022-11-10,New Delhi,1.822,169.125
2022-11-11,New Delhi,0.842,180.65
2022-11-12,New Delhi,0.6365,179.41666666666666
2022-11-13,New Delhi,1.262,146.625
2022-11-14,New Delhi,0.9235,98.04166666666667
2022-11-15,New Delhi,1.287,100.56521739130434
2022-11-16,New Delhi,0.5405,118.66666666666667
2022-11-17,New Delhi,0.7975,141.29166666666666
2022-11-18,New Delhi,0.823,156.8695652173913
2022-11-19,New Delhi,0.601,138.625
2022-11-20,New Delhi,0.946,166.91666666666666
2022-11-21,New Delhi,0.329,141.625
2022-11-22,New Delhi,0.465,111.91666666666667
2022-11-23,New Delhi,0.3255,134.0
2022-11-24,New Delhi,0.3595,108.30434782608695
2022-11-25,New Delhi,0.614,153.70833333333334
2022-11-26,New Delhi,0.597,193.08333333333334
2022-11-27,New Delhi,0.6215,171.91304347826087
2022-11-28,New Delhi,0.6995,179.95833333333334
2022-11-29,New Delhi,0.907,202.33333333333334
2022-11-30,New Delhi,1.077,202.125
2022-12-01,New Delhi,0.7415,194.25
2022-12-02,New Delhi,1.15,168.1818181818182
2022-12-03,New Delhi,1.328,210.79166666666666
2022-12-04,New Delhi,1.059,215.29166666666666
2022-12-05,New Delhi,0.7075,187.41666666666666
2022-12-06,New Delhi,0.728,191.91666666666666
2022-12-07,New Delhi,0.48,134.70833333333334
2022-12-08,New Delhi,0.4285,159.70833333333334
2022-12-09,New Delhi,0.5215,175.625
2022-12-10,New Delhi,0.632,187.33333333333334
2022-12-11,New Delhi,0.4085,124.125
2022-12-12,New Delhi,0.1855,88.04166666666667
2022-12-13,New Delhi,0.198,68.375
2022-12-14,New Delhi,0.227,92.625
2022-12-15,New Delhi,0.354,86.5
2022-12-16,New Delhi,0.4575,91.57142857142857
2022-12-19,New Delhi,0.55,249.58333333333334
2022-12-20,New Delhi,0.5505,222.125
2022-12-21,New Delhi,0.6005,225.25
2022-12-22,New Delhi,1.0475,247.625
2022-12-23,New Delhi,1.06,179.0
2022-12-24,New Delhi,0.764,168.69565217391303
2022-12-27,New Delhi,0.633,191.75
2022-12-28,New Delhi,0.4625,163.7826086956522
2022-12-29,New Delhi,0.705,209.9047619047619
2022-12-31,New Delhi,0.521,155.25
